# optimizer: Adam, problem: mnist
2.3027318,2.3047383,2.3013735,2.299296,2.3017306,2.2974932,2.2928085,2.300784,2.2963078,2.2982497,2.2940068,2.2902923,2.2953594,2.29593,2.2920465,2.287445,2.2879124,2.2858868,2.2824626,2.2831233,2.278744,2.2868314,2.282959,2.280552,2.277464,2.2701643,2.264765,2.2691875,2.2606525,2.2571554,2.25285,2.253183,2.25105,2.259949,2.251116,2.2508519,2.2477057,2.2409887,2.222539,2.231619,2.2239637,2.2173648,2.2207391,2.2002463,2.2018998,2.2067678,2.2194417,2.2106326,2.1901627,2.1829944,2.1808395,2.1650493,2.1788974,2.1717901,2.1733181,2.1468709,2.1528015,2.1340756,2.1420958,2.1545684,2.132771,2.1367989,2.1032512,2.1003613,2.1140943,2.1034563,2.1201956,2.0923102,2.095551,2.084931,2.0934987,2.0729065,2.0620651,2.056121,2.0984063,2.0301857,2.0677178,2.0615158,2.046762,2.0693388,2.0137858,2.0155883,2.028655,2.0176444,2.0035892,1.9642763,1.9787412,1.9656136,1.9755231,1.9614458,1.9773608,1.9909039,1.9492438,1.9629383,1.9229543,1.9130872,1.9164791,1.9120609,1.9609725,1.9424162
2.3075132,2.303842,2.3009844,2.3047338,2.3040736,2.3045506,2.3000472,2.298761,2.297816,2.2952957,2.2996738,2.2993712,2.2943616,2.2921402,2.2944274,2.2949376,2.2900887,2.2937493,2.2909398,2.288283,2.2855508,2.2896888,2.2851224,2.2847207,2.2827644,2.2845495,2.2744732,2.2831542,2.2819939,2.270198,2.2729092,2.2684526,2.2636294,2.2687573,2.2701664,2.2591472,2.2578106,2.262616,2.254226,2.2561574,2.2610812,2.2526052,2.2481554,2.2333145,2.2409253,2.2406263,2.2408066,2.2218962,2.2149458,2.229324,2.224205,2.217366,2.214528,2.2186542,2.205554,2.2101924,2.216013,2.1949642,2.1933599,2.1925447,2.190177,2.189631,2.175482,2.1676462,2.165779,2.171977,2.1560442,2.1681437,2.1416,2.1433644,2.1449718,2.1485672,2.132753,2.1196735,2.1131816,2.0823445,2.131011,2.0806265,2.0995603,2.1033185,2.0825005,2.0738637,2.0978045,2.059526,2.0394375,2.0562851,2.0583553,2.045426,2.0453577,2.0739508,2.0614336,2.0281284,2.0087738,2.0241482,2.0320864,2.0042565,1.9925663,1.9657819,1.9618182,1.9791169
2.301489,2.3042068,2.304495,2.302639,2.2995105,2.305668,2.2957973,2.2989068,2.3008485,2.297538,2.2983015,2.2994044,2.2918358,2.2952914,2.295364,2.2875237,2.2898421,2.2843146,2.2859097,2.2847247,2.284035,2.287209,2.285469,2.27991,2.27703,2.2793572,2.2722344,2.274065,2.269704,2.2696397,2.2682757,2.2615845,2.2636886,2.2601738,2.2563677,2.2531714,2.2435746,2.2575583,2.2561977,2.2445164,2.2331235,2.238717,2.230642,2.231856,2.2302952,2.2193441,2.2165565,2.2090092,2.2218027,2.2300367,2.2148266,2.2125108,2.2106357,2.1854863,2.2030478,2.2038398,2.1779275,2.171588,2.1766496,2.1699584,2.1661696,2.1689634,2.140165,2.1270924,2.1458964,2.1390343,2.1576421,2.1413631,2.125346,2.1232247,2.1178086,2.0961382,2.1177802,2.092658,2.0926344,2.0816736,2.082034,2.0748978,2.0631819,2.073035,2.0633726,2.0446773,2.0356398,2.0208569,2.0276537,2.0315976,1.996435,2.0190473,2.026363,2.0180523,2.0160522,1.9484168,1.9674311,1.9519045,1.9619764,1.9726024,1.9570228,1.963343,1.9434603,1.9386631
2.2997403,2.301641,2.3040059,2.3028224,2.3067853,2.2968788,2.2963552,2.3026123,2.2961748,2.2940307,2.298235,2.2947166,2.2947354,2.2939277,2.2945921,2.2912025,2.2970953,2.288984,2.2905927,2.2882829,2.2827208,2.2871118,2.2864165,2.283681,2.2730265,2.275165,2.2781484,2.2712936,2.2776506,2.2724996,2.2653594,2.2602115,2.2672095,2.2710695,2.2617617,2.2607856,2.249392,2.2532265,2.238971,2.2428265,2.2429452,2.2504244,2.2403507,2.2320495,2.2183418,2.2234187,2.2332997,2.2057023,2.2309103,2.2238586,2.2005005,2.2029233,2.190188,2.1800137,2.1873305,2.1939404,2.1992865,2.1785636,2.1676216,2.1797147,2.1684735,2.160089,2.1708617,2.163678,2.1529555,2.1282206,2.1261048,2.1346335,2.1231952,2.1460052,2.1192174,2.0970435,2.11256,2.0813696,2.0641892,2.0931678,2.0839105,2.1061077,2.0819082,2.0806787,2.064587,2.0646336,2.0547073,2.057807,2.0503378,2.0255978,2.0190945,2.0208972,2.0125308,2.0220234,2.0092485,2.0224211,1.9705273,1.9580629,1.9411223,1.9334972,1.9514498,1.9760869,1.9558853,1.9547949
2.299313,2.3049285,2.306024,2.2984085,2.300797,2.2985477,2.3012304,2.3029428,2.2987354,2.2934914,2.3000019,2.2997766,2.2968936,2.292679,2.2887821,2.2946348,2.2856765,2.2910504,2.2910151,2.2904613,2.2839594,2.2831154,2.286206,2.2860851,2.282518,2.278075,2.2786434,2.2733319,2.2730834,2.272598,2.2665427,2.2733283,2.2645125,2.2652173,2.2605028,2.2598722,2.256999,2.2505245,2.2626245,2.2553496,2.250155,2.239997,2.2439258,2.2427604,2.2327185,2.2289176,2.2290645,2.2309685,2.2168903,2.2196112,2.2178211,2.2108798,2.2114599,2.208549,2.1870627,2.186789,2.2035775,2.1854446,2.1731844,2.1776676,2.1729555,2.1584554,2.1757176,2.146904,2.1546893,2.1581957,2.1370604,2.1466167,2.1418352,2.1539507,2.1269627,2.1097052,2.1154299,2.0804284,2.1056564,2.0941,2.0960178,2.0807147,2.0896838,2.0500932,2.0486035,2.067185,2.0564592,2.039143,2.0451245,2.0294995,1.9877821,2.0267289,2.0066433,2.0608275,2.0110555,1.9935952,2.006331,1.9912071,2.0025215,1.9890913,1.9813871,1.9857489,1.9408514,1.9774678
2.3003478,2.303952,2.3063583,2.3049805,2.303744,2.2969625,2.29813,2.2940834,2.2993937,2.291391,2.292592,2.2943892,2.3037488,2.293635,2.2921906,2.2817533,2.2906308,2.2887545,2.2882311,2.2866337,2.2863986,2.2803082,2.2790048,2.2785802,2.2807593,2.281147,2.281951,2.2805722,2.277184,2.2727962,2.2661111,2.269258,2.273551,2.2663624,2.2663388,2.2650015,2.2580805,2.2563744,2.2455192,2.2512107,2.2436934,2.2392726,2.233824,2.2401981,2.2361665,2.2237024,2.226934,2.223798,2.2170486,2.2074194,2.208468,2.205486,2.219989,2.200992,2.1967907,2.203608,2.1968656,2.1924024,2.1884613,2.1791553,2.1701076,2.1847124,2.1643429,2.1545033,2.1507525,2.1423368,2.1373959,2.124781,2.1064634,2.108346,2.125431,2.1044083,2.1052785,2.0944414,2.0982575,2.0914385,2.0773158,2.057825,2.0717442,2.063064,2.0487738,2.0478826,2.0555816,2.073505,1.997979,2.033959,2.0220597,2.044261,2.001512,2.0189102,2.0267897,2.0255756,1.9810381,1.9754632,1.9849248,1.9720913,1.9953545,1.9724932,1.9302702,1.9363322
2.302457,2.3042285,2.3020575,2.2998242,2.3001704,2.3000925,2.3008304,2.2977936,2.2984948,2.2998102,2.2984364,2.2961187,2.292798,2.2928612,2.291922,2.2869873,2.2900934,2.2890668,2.290399,2.2871518,2.2861385,2.281475,2.281372,2.2886696,2.2834203,2.2752619,2.2769575,2.2782936,2.269386,2.2765667,2.273796,2.2656636,2.270672,2.262559,2.259335,2.258797,2.2596755,2.254823,2.2411923,2.2446985,2.2440844,2.2470036,2.2382777,2.2327552,2.238381,2.220427,2.220701,2.201857,2.2429852,2.2166991,2.2128363,2.210042,2.1723905,2.1975508,2.1961393,2.180049,2.2135108,2.1610017,2.1890736,2.1747427,2.1736743,2.1784115,2.1542263,2.1608644,2.1405714,2.1346188,2.162797,2.1313915,2.1210027,2.1212993,2.1613605,2.0928035,2.0909014,2.1562376,2.0734377,2.084175,2.1100836,2.0679464,2.081055,2.0903635,2.0715146,2.0437236,2.0343707,2.0380945,2.025734,2.0542145,2.0434067,1.9977616,2.0343819,2.0354843,1.9863727,1.9957181,1.9944345,1.9862236,1.9882988,1.9777145,1.9824829,1.9757885,1.9664527,1.9506055
2.3013067,2.3017776,2.3018842,2.301914,2.299581,2.3043246,2.297307,2.2957253,2.2961144,2.2958324,2.2959142,2.2966511,2.2923515,2.288797,2.2921262,2.2905974,2.2901137,2.290268,2.288418,2.2820582,2.2804894,2.2800198,2.2769458,2.277484,2.2868705,2.2818675,2.2735426,2.271253,2.2684774,2.260469,2.2725005,2.2641535,2.256908,2.2610846,2.2568274,2.2485912,2.2567625,2.2558303,2.2497425,2.2427177,2.2343936,2.2497044,2.2344708,2.2176697,2.231592,2.205496,2.2365303,2.2174888,2.2074425,2.2250094,2.2124562,2.2071862,2.2264404,2.1995156,2.20849,2.2041788,2.1878855,2.2068706,2.1916242,2.1856132,2.1630826,2.1682487,2.161443,2.1433465,2.1714516,2.1365662,2.1471207,2.1354852,2.1323152,2.1533716,2.1384907,2.1359372,2.1021082,2.1047812,2.0869083,2.098034,2.0849636,2.1010056,2.0987058,2.0777378,2.0728035,2.0681465,2.0485165,2.0529056,2.0422726,2.0377617,2.0197628,2.0237403,1.9952751,2.0043433,2.0035014,2.00639,1.9646654,1.9718003,1.9745269,1.9953294,1.9894004,1.972099,1.944894,1.9685962
2.30247,2.301341,2.3062706,2.300426,2.302954,2.301033,2.2996716,2.3002973,2.298286,2.2970912,2.295258,2.2981584,2.2930355,2.2917457,2.290896,2.289614,2.2918954,2.2879493,2.285864,2.2829983,2.2862554,2.281005,2.271639,2.2726831,2.2741914,2.2738461,2.2772083,2.2739155,2.2611961,2.2757077,2.2692757,2.2616267,2.2496521,2.2631698,2.2585359,2.2545207,2.2537348,2.2539537,2.2534513,2.239493,2.2366288,2.2262325,2.246067,2.2293758,2.235229,2.2168245,2.2233546,2.2027793,2.2190676,2.2013779,2.2073445,2.191406,2.1966596,2.196298,2.2035222,2.188612,2.175287,2.1974063,2.1589274,2.158696,2.1604128,2.1605935,2.1634324,2.1433372,2.1370065,2.1196878,2.122904,2.1137457,2.1192708,2.0984893,2.1266837,2.1310844,2.0842147,2.0975366,2.0816298,2.0950246,2.090692,2.0937767,2.089415,2.068756,2.0342097,2.0591629,2.0615442,2.0564606,2.043231,2.0389242,1.988894,2.0299804,2.0217628,1.9802961,1.9711214,2.02371,2.0153146,1.9637914,1.9944353,1.9694273,1.9550588,1.9604079,1.956536,1.912879
2.3044598,2.300543,2.3005908,2.299629,2.3011165,2.3015075,2.2996378,2.2986073,2.2984457,2.293233,2.2919881,2.2978158,2.3006868,2.2964296,2.2876005,2.287522,2.2903574,2.2885764,2.2907977,2.2880285,2.285274,2.282783,2.2843122,2.2884808,2.2789285,2.2756734,2.2803276,2.2746358,2.2709556,2.2716193,2.268139,2.2646384,2.265533,2.2494755,2.267726,2.257146,2.2554185,2.2553477,2.2591496,2.2453332,2.2525706,2.2479956,2.241898,2.2280998,2.237466,2.2353735,2.2278783,2.2104025,2.2218146,2.2208054,2.219018,2.220866,2.2060332,2.1991773,2.1990068,2.1880038,2.1935034,2.1778426,2.186868,2.1779952,2.1600735,2.1676865,2.1561732,2.141684,2.140596,2.1539698,2.1445913,2.1440313,2.1474037,2.1250923,2.1190777,2.111692,2.1190577,2.1059117,2.1095715,2.0877938,2.0938113,2.092013,2.077754,2.0732532,2.0592031,2.0646105,2.0612183,2.0516605,2.0238113,2.035459,2.0317051,2.0154626,2.018821,2.0108123,1.9907078,2.0052996,1.9914953,2.0092726,1.958933,1.9804467,1.9742448,1.9930048,1.9952762,1.9531586
2.2997103,2.303102,2.3045318,2.3064957,2.3022377,2.300067,2.2962415,2.293453,2.3008254,2.297992,2.2944546,2.295999,2.2955093,2.2953482,2.289191,2.2942648,2.277422,2.282636,2.2886906,2.2827954,2.2799141,2.2742958,2.2766066,2.2808008,2.2775354,2.2824936,2.2744112,2.2660823,2.2667434,2.2586565,2.2671366,2.2531958,2.2617362,2.258012,2.2430353,2.2545044,2.2492957,2.2514517,2.2407918,2.2352433,2.2417898,2.2365375,2.235679,2.2296245,2.222992,2.2143064,2.2276244,2.22793,2.2148187,2.2005959,2.1987944,2.1932366,2.204515,2.185797,2.181484,2.1960986,2.1883907,2.1765637,2.158887,2.1655865,2.1598535,2.1485837,2.1586306,2.151377,2.1335588,2.1359549,2.1415997,2.097143,2.1020193,2.0992455,2.1073337,2.0998573,2.0932858,2.1017418,2.0745966,2.081756,2.0829277,2.074891,2.0548491,2.0266523,2.0366197,2.0391026,2.048175,2.0230489,2.0302148,2.008403,1.9852071,1.989922,1.9646738,2.0077295,1.9764372,1.9927788,1.9764583,1.9583383,1.9676405,1.9583323,1.9708757,1.9399304,1.9479437,1.9446123
2.3007524,2.3053684,2.3026547,2.3038287,2.3014388,2.3041131,2.2999983,2.2964678,2.29397,2.2910955,2.300407,2.2977748,2.2978566,2.2891078,2.2921638,2.2859883,2.2958431,2.2905693,2.290547,2.288371,2.2839005,2.2816691,2.2931888,2.2882903,2.2789645,2.281068,2.271607,2.2710962,2.278553,2.267344,2.2735436,2.2703454,2.2662432,2.265962,2.2698772,2.2637138,2.2629852,2.251898,2.2486444,2.258207,2.2498746,2.2509313,2.243415,2.2400832,2.2361898,2.2447357,2.2269404,2.226775,2.213697,2.2242317,2.2345643,2.2301192,2.2180858,2.2096415,2.216848,2.2260346,2.2016582,2.222325,2.197661,2.1906974,2.1777055,2.1695304,2.1810997,2.1680143,2.176033,2.1467695,2.1498451,2.161262,2.1294205,2.1465316,2.1361375,2.1271005,2.1162252,2.1364627,2.1045978,2.1090503,2.0991652,2.0754023,2.088889,2.0710106,2.0821464,2.0922737,2.084069,2.095647,2.096519,2.0265436,2.060574,2.0184574,2.0517411,2.0247712,2.0413928,2.041448,2.0285017,2.0294313,2.0123851,1.9863636,2.0067577,2.0188215,1.9952229,1.9894307
2.3047485,2.300797,2.3045855,2.299575,2.301117,2.3011994,2.3029692,2.2990992,2.297573,2.2983932,2.2964058,2.2974188,2.2924192,2.2951179,2.296347,2.2919035,2.2893398,2.2904458,2.281619,2.2898307,2.2896984,2.2858086,2.2904246,2.2802649,2.2844293,2.2798162,2.285708,2.2761989,2.2719607,2.26574,2.2759843,2.2668757,2.2663555,2.2648132,2.2675624,2.2585015,2.2499397,2.2544184,2.2527416,2.2449477,2.2440064,2.2479453,2.237359,2.2174172,2.23049,2.2360446,2.2187488,2.2191749,2.2170558,2.2237616,2.208354,2.2144327,2.2144976,2.2153192,2.2063074,2.1833463,2.1865945,2.1837292,2.1931047,2.1812155,2.1758037,2.1647346,2.1544583,2.159813,2.1531909,2.1597235,2.1432037,2.1352358,2.1237626,2.1024005,2.150641,2.126564,2.1263478,2.122599,2.0847507,2.075299,2.0754044,2.0678105,2.0675097,2.0698886,2.0744462,2.0527725,2.0579882,2.0318289,2.0571003,2.0621474,2.0515342,2.0077388,2.0082145,2.0124931,2.0182142,1.9781756,1.993634,1.991112,1.9966748,1.9736798,1.9521853,1.9835324,1.972084,1.975811
2.3029976,2.3021314,2.3006635,2.3004794,2.3011885,2.2997828,2.3013325,2.29837,2.2986183,2.2949305,2.2934747,2.3002844,2.2923014,2.2956495,2.2923398,2.292229,2.289341,2.2909918,2.288101,2.2824388,2.2849658,2.2853088,2.2849407,2.2831254,2.2753382,2.2710884,2.2776222,2.2752728,2.2669184,2.266788,2.2706237,2.268869,2.2685413,2.2625034,2.2589364,2.2702613,2.2632432,2.2506096,2.2511864,2.253942,2.242563,2.243423,2.237611,2.2385573,2.2328312,2.242844,2.226159,2.2257364,2.2009377,2.2217124,2.2163038,2.196522,2.209795,2.1996803,2.19418,2.1887507,2.20158,2.1916122,2.1889985,2.1923618,2.1767275,2.1684532,2.163379,2.1526518,2.1576872,2.1783574,2.1354659,2.1292403,2.1543443,2.1233065,2.129053,2.092362,2.1038651,2.0965638,2.1017928,2.0980182,2.0789533,2.0760431,2.084458,2.0692132,2.0571554,2.049583,2.0530438,2.0351944,2.074573,2.0416257,2.0500727,2.0214338,1.9891502,2.0077674,2.0049746,1.9858246,1.9845077,1.9719129,2.0019233,2.0030131,1.9847015,1.9555395,1.9541155,1.9596176
2.3030105,2.3033018,2.3054566,2.3003507,2.301518,2.3009963,2.300559,2.3011117,2.30002,2.296984,2.29668,2.2949007,2.2923112,2.2943785,2.2912574,2.288854,2.292171,2.2900915,2.2879648,2.2882884,2.2894845,2.2813854,2.2780232,2.2807086,2.2782545,2.278067,2.2678447,2.282125,2.2725387,2.278057,2.2677386,2.2669618,2.2720075,2.2618625,2.2635818,2.2599564,2.255547,2.2570539,2.2454405,2.2519395,2.2422633,2.2480824,2.2394857,2.2390323,2.2450347,2.231404,2.225383,2.2336009,2.2163477,2.2108598,2.2183836,2.2039304,2.215958,2.2001586,2.1986995,2.1980727,2.197337,2.1948094,2.1655183,2.1649904,2.1676419,2.1777377,2.1564565,2.1559746,2.1524696,2.119927,2.151329,2.1493158,2.1475601,2.1227286,2.1178524,2.1012604,2.1100566,2.0987232,2.0903149,2.0908072,2.09229,2.0867004,2.089091,2.0511618,2.0705025,2.0598123,2.0612478,2.0499785,2.0614147,2.0112453,2.0245216,2.0213637,2.0281906,2.0047991,2.0034463,2.0304701,1.9833814,1.9939525,1.9781065,1.9356153,1.9970756,1.952405,1.9729751,1.9449378
2.2989545,2.2999568,2.302435,2.3019364,2.299384,2.3011842,2.2991035,2.2976115,2.2964256,2.3018064,2.297083,2.2973409,2.2950902,2.2890172,2.286308,2.2860332,2.2918768,2.286643,2.2870557,2.2846055,2.2924895,2.2852259,2.281064,2.2785614,2.279313,2.2790878,2.2721741,2.2738037,2.2679877,2.2691288,2.2714045,2.270749,2.2629619,2.2568698,2.2609885,2.2652311,2.2627902,2.2560158,2.2506752,2.248604,2.2400708,2.2390711,2.2424464,2.2362413,2.2290447,2.2219787,2.2238839,2.2221336,2.221396,2.2150564,2.2213807,2.2036574,2.2028136,2.1998892,2.1931462,2.1940627,2.1899014,2.1761112,2.1670833,2.1634498,2.17234,2.1667886,2.156903,2.1571112,2.157116,2.1471844,2.137585,2.1416297,2.1229758,2.1250358,2.1410756,2.1024158,2.117226,2.1163282,2.0815315,2.1067898,2.0754933,2.0807598,2.0705814,2.071806,2.0687654,2.0601027,2.0526276,2.05598,2.0559611,2.0190077,2.0404072,2.0326629,2.0260072,2.0182407,2.0190601,1.9795972,1.9736713,1.9612253,1.9693651,1.992702,1.9563076,1.9617846,1.9497724,1.9419655
2.3047357,2.3052778,2.3027964,2.3019626,2.301409,2.301202,2.2996182,2.300198,2.297771,2.2956257,2.2955518,2.2940996,2.2913213,2.2909615,2.2944832,2.2906086,2.290524,2.2900963,2.2871175,2.284759,2.2875059,2.28387,2.2824416,2.2815726,2.2754865,2.2789226,2.2690053,2.273333,2.2645454,2.2726989,2.2708704,2.266802,2.271935,2.2633872,2.2602122,2.2585025,2.2573638,2.251368,2.2442968,2.2428458,2.2422132,2.244611,2.2277865,2.2373,2.2375138,2.2268481,2.2301683,2.2241144,2.2191043,2.210409,2.2098894,2.2113075,2.196041,2.1941147,2.1955376,2.180059,2.1794302,2.1758423,2.1780896,2.1637216,2.1696382,2.1686745,2.1724,2.1624064,2.151192,2.1370122,2.1323066,2.139557,2.121474,2.1157317,2.112359,2.1231098,2.1174712,2.107225,2.0777721,2.086961,2.0891852,2.0598726,2.0879078,2.0847983,2.0725446,2.038196,2.036703,2.0558228,2.028099,2.0313559,2.0161529,2.010551,2.025866,2.0090008,1.9747875,2.0259502,1.9634117,1.9797385,1.9788159,1.9564385,1.9647557,1.9429564,1.9324095,1.9441352
2.3036819,2.3057346,2.3058808,2.304128,2.3017178,2.3022873,2.3017054,2.301317,2.3012552,2.2982476,2.3002672,2.2974038,2.2944272,2.2944913,2.2965136,2.2921166,2.2929664,2.2904308,2.2872808,2.291901,2.288157,2.2890115,2.2837749,2.2877264,2.2833796,2.286253,2.2833576,2.2771273,2.277011,2.2775214,2.2783937,2.272313,2.2682729,2.273112,2.2761765,2.2708037,2.2642026,2.2635217,2.264184,2.263051,2.2559423,2.2451675,2.2571273,2.2511377,2.2460523,2.2424283,2.2401924,2.2394052,2.2357905,2.2238145,2.2226086,2.224892,2.2160873,2.242056,2.1988149,2.2147348,2.2074513,2.202253,2.2058551,2.1963558,2.175338,2.1979394,2.1866302,2.183611,2.1767745,2.1647778,2.1649084,2.1639762,2.1490722,2.155109,2.1364021,2.132712,2.1079202,2.1266222,2.111113,2.1017017,2.1052485,2.1280122,2.0828316,2.11981,2.0964487,2.0754874,2.0755208,2.055862,2.0464818,2.0767133,2.0380757,2.0696394,2.0212889,2.0338542,2.026922,2.0257711,2.0185943,2.0339348,2.0017736,1.9695077,1.9920955,1.984941,1.9176174,1.9641099
2.2986922,2.3036795,2.3022814,2.299559,2.2979999,2.299273,2.2990139,2.29898,2.29956,2.2990985,2.2911787,2.2909036,2.2870312,2.2956152,2.2909746,2.2922862,2.2889605,2.2811947,2.2847629,2.2803104,2.2854462,2.2855947,2.2749462,2.2873807,2.2747633,2.275958,2.271054,2.2734,2.2704778,2.2692878,2.2676833,2.2653565,2.2579846,2.2627184,2.2484484,2.2600088,2.2586954,2.2390609,2.2444143,2.2569978,2.2334445,2.2250729,2.2432425,2.2349296,2.2253401,2.220912,2.2318146,2.2336547,2.2252517,2.220704,2.2206903,2.216251,2.184971,2.1965196,2.2022293,2.1772296,2.2082343,2.1688337,2.183863,2.1325433,2.179196,2.1626258,2.1622338,2.1464517,2.1506433,2.1412265,2.1338794,2.1353374,2.1199355,2.1012535,2.1386547,2.0904598,2.1028783,2.079619,2.1228466,2.0907638,2.0961227,2.06912,2.0780027,2.0827856,2.0476491,2.0595152,2.0506477,2.0256035,2.0121424,2.028078,2.0084426,2.0098991,1.9907644,1.9854708,2.017669,1.9645591,1.974994,1.9828533,1.9651611,1.95934,1.9221437,1.9696448,1.9508572,1.9409304
2.304494,2.3052053,2.3009956,2.300841,2.3033924,2.300539,2.2998865,2.299635,2.3018212,2.2973595,2.299316,2.293381,2.2974522,2.2952669,2.2947664,2.2933712,2.2898684,2.3000433,2.289546,2.2866228,2.2889304,2.286951,2.2910614,2.2832775,2.280884,2.2862046,2.27809,2.2725425,2.2744255,2.2760658,2.269665,2.276618,2.2689595,2.2613358,2.2612314,2.265326,2.2682068,2.2649097,2.2604938,2.250852,2.2452226,2.248695,2.250853,2.244587,2.230667,2.240928,2.2404993,2.232306,2.2252703,2.2280078,2.2352452,2.211825,2.2271523,2.2013693,2.2097058,2.210638,2.201088,2.21317,2.1841052,2.1788397,2.1865726,2.1731956,2.1735723,2.1591282,2.1566195,2.1528263,2.1483407,2.137604,2.1367593,2.1270785,2.1405056,2.1257691,2.1284027,2.1002865,2.1123576,2.0691786,2.10471,2.0880578,2.0736458,2.0949812,2.0934968,2.059531,2.099925,2.0443728,2.0345547,2.0460553,2.0709686,2.0294871,2.0307493,2.0138333,2.0120182,2.0165977,1.9989233,1.9898877,1.9592808,1.9907991,1.9932293,1.9535131,1.9539331,1.9479136
2.3082547,2.3019443,2.3021197,2.3005567,2.306641,2.2993402,2.3001568,2.3012323,2.295579,2.2974844,2.2927349,2.299609,2.2972536,2.2940788,2.2912815,2.2913597,2.2904735,2.291566,2.2870991,2.2854943,2.2860773,2.2857237,2.2843084,2.2770722,2.275394,2.275537,2.2769043,2.278307,2.2702322,2.2665026,2.2819388,2.2596219,2.2716818,2.2551928,2.2598162,2.2623234,2.2526314,2.2510905,2.2660594,2.2562587,2.258944,2.2492163,2.2486901,2.2322326,2.2455044,2.2292187,2.2326703,2.237041,2.2176547,2.2228146,2.2098086,2.2257462,2.2144365,2.211328,2.2090063,2.1836677,2.1827095,2.1912239,2.1969976,2.1739526,2.1777322,2.164437,2.174606,2.1494162,2.18036,2.1406105,2.135827,2.1409025,2.1499445,2.1313522,2.131513,2.1343033,2.1139534,2.132401,2.0963154,2.123465,2.0958188,2.09706,2.079386,2.0797362,2.086812,2.1056297,2.0442016,2.0606697,2.0628943,2.03679,2.0309525,2.0377727,2.0220642,2.0244317,2.0022397,1.9974823,1.9576426,2.0036213,1.9875305,1.971452,1.9912953,1.9368962,1.9701194,1.9724562
2.3031251,2.3028567,2.302298,2.300538,2.3023648,2.2984772,2.3004336,2.297718,2.2966342,2.2958078,2.2965076,2.292012,2.2935402,2.292315,2.2895815,2.2906365,2.287482,2.2864294,2.283935,2.2787457,2.282332,2.2831535,2.2808275,2.2779217,2.2731538,2.2742348,2.2773097,2.2691965,2.268292,2.2638333,2.2696228,2.2530189,2.261376,2.2582407,2.2552695,2.2504363,2.2561958,2.245214,2.2498608,2.243483,2.2465217,2.2408762,2.238882,2.2212796,2.2280235,2.2172682,2.228644,2.220429,2.2184653,2.2155294,2.2105746,2.2023125,2.2023337,2.1992588,2.1906376,2.195592,2.184929,2.1898546,2.1567852,2.1632056,2.164936,2.1570325,2.1541896,2.1558073,2.1450298,2.1464887,2.1214783,2.1255412,2.1375644,2.1188743,2.117688,2.0993576,2.0967364,2.0879123,2.0872722,2.0995533,2.0898461,2.0533962,2.05159,2.0913463,2.0682912,2.0753558,2.0174277,2.0486486,2.0610352,2.04202,2.0091379,2.0133035,1.9987053,2.010796,1.9475807,1.9918913,2.0043414,1.9778423,1.9648764,1.9703405,1.9614067,1.9645805,1.9161109,1.9515617
2.302053,2.3023999,2.3043768,2.299944,2.2994902,2.302353,2.2970395,2.299108,2.3001435,2.30062,2.29708,2.29378,2.2929063,2.2931783,2.2931218,2.291391,2.2864904,2.2882953,2.291771,2.2908206,2.280488,2.2852721,2.2744823,2.2818332,2.2800386,2.2845118,2.271411,2.2681382,2.2753549,2.272162,2.2728264,2.2653844,2.2650437,2.2581186,2.262559,2.2637312,2.24416,2.2587996,2.2503095,2.2477195,2.2479749,2.2521744,2.2337174,2.2399073,2.2197893,2.2276998,2.2333093,2.223659,2.204021,2.2173557,2.1921296,2.1958818,2.1922317,2.195697,2.1816373,2.1948597,2.1805954,2.1837554,2.166573,2.168673,2.1655378,2.1573853,2.1450975,2.1288505,2.1324456,2.1257923,2.1384327,2.1578515,2.1646018,2.118136,2.1275246,2.129675,2.1298418,2.083634,2.1086605,2.0770109,2.1048813,2.0808015,2.0552263,2.0806372,2.049952,2.0531478,2.054325,2.065209,2.0279465,2.0399923,2.0001552,2.0150585,2.012855,1.9900544,1.9953285,1.9763335,1.9656028,1.9898896,1.9863592,1.9587419,1.9638027,1.9284302,1.9568982,1.9363236
2.302956,2.2999716,2.3039126,2.3007364,2.3037953,2.3064704,2.2991538,2.2950706,2.2949934,2.2958174,2.2923927,2.2971897,2.2895932,2.2928169,2.2943416,2.286233,2.2891805,2.2867775,2.2891588,2.2857704,2.280522,2.283562,2.276082,2.2816525,2.2770863,2.2733917,2.273774,2.276177,2.2659245,2.275567,2.271433,2.253637,2.2603598,2.2528744,2.2597055,2.2599382,2.2472258,2.245365,2.241913,2.2461238,2.238659,2.232523,2.2358541,2.2228494,2.2261481,2.2195864,2.222135,2.216928,2.2159834,2.2059612,2.1976352,2.190796,2.197642,2.1920824,2.1944818,2.1922607,2.1793332,2.1883752,2.1616888,2.1796973,2.1733873,2.1412418,2.1601086,2.1284525,2.147024,2.1320353,2.1461277,2.1234088,2.1497371,2.1129484,2.11441,2.1099193,2.1308126,2.0797124,2.08383,2.0961056,2.0912201,2.057634,2.038689,2.080904,2.0440798,2.030313,2.055359,2.036326,2.018845,2.0287306,2.018241,2.039644,2.017789,1.9996619,1.9806805,2.0011234,1.9845171,1.9767412,1.9771836,2.0216541,2.0304508,1.9253511,1.9390002,1.9378493
2.3000255,2.3038259,2.3021088,2.3011074,2.3000727,2.298823,2.3032422,2.302352,2.2981339,2.300049,2.293347,2.297053,2.2932339,2.292022,2.298853,2.2887564,2.2928467,2.291868,2.2922933,2.2931814,2.2880435,2.2831645,2.282483,2.2793624,2.2884278,2.2866116,2.2791023,2.2825732,2.2759023,2.2735944,2.2775,2.267212,2.2839017,2.2712731,2.2612557,2.2803738,2.2587183,2.2547529,2.2565084,2.2756023,2.2491953,2.2566903,2.2412162,2.2389827,2.2435002,2.2391129,2.248648,2.232528,2.220908,2.2282343,2.222975,2.2229686,2.2190099,2.2185657,2.1982586,2.2132401,2.1969311,2.2134976,2.201068,2.1877942,2.1787934,2.163891,2.1543057,2.1702917,2.1860962,2.1374173,2.1484463,2.1507673,2.151482,2.1435804,2.1163535,2.1350222,2.1147735,2.1086113,2.0983744,2.1174629,2.0965705,2.1146688,2.0996573,2.0775743,2.0885167,2.0338335,2.0466506,2.059357,2.0507367,2.0708752,2.0128298,2.0515919,2.0389452,2.002991,2.0045567,2.0393615,2.0410101,1.9805866,2.0311875,2.0175161,1.9710758,1.999032,2.0349052,2.0001059
2.3047037,2.3027747,2.3048546,2.3015146,2.2998962,2.3017948,2.3011851,2.301215,2.3010976,2.294982,2.298511,2.2953618,2.2936287,2.2943168,2.2873251,2.2893875,2.2877092,2.2893739,2.2875173,2.2839012,2.279873,2.2838655,2.285656,2.280538,2.2838345,2.281806,2.2766595,2.2710018,2.277855,2.2675347,2.2703018,2.2570348,2.262054,2.266169,2.268239,2.2622006,2.2542148,2.2544906,2.2395277,2.2508857,2.2349904,2.2499394,2.2431169,2.2343864,2.243586,2.2280653,2.2221334,2.2194793,2.222604,2.2140903,2.2015486,2.205525,2.196696,2.2011757,2.1854982,2.2007675,2.168632,2.1762414,2.1862133,2.1735883,2.183597,2.1681218,2.1852236,2.1487916,2.1457543,2.1325219,2.1540153,2.1398947,2.1281815,2.130981,2.1310968,2.1136794,2.105116,2.1103618,2.0724819,2.101663,2.0841322,2.0630417,2.0763092,2.059752,2.0388403,2.0415227,2.0494876,2.0160904,2.0396085,2.0107064,2.0476296,2.0293107,1.9861343,1.9930707,1.9737998,1.9946556,1.9908918,1.9811175,1.9875612,1.970546,1.971771,1.9495853,1.9595708,1.9208629
2.3046467,2.303205,2.2998743,2.300736,2.3009472,2.2984583,2.301986,2.298645,2.292271,2.2999601,2.2986743,2.2959006,2.2961698,2.2947807,2.292613,2.2965102,2.2928739,2.2919197,2.2899904,2.2868698,2.2813263,2.2858305,2.2833357,2.2823732,2.2784638,2.2789087,2.2776814,2.2810123,2.2717342,2.2817736,2.262628,2.2648497,2.2776358,2.2705135,2.2538264,2.2625222,2.2526712,2.2570586,2.2527814,2.2443972,2.2376904,2.2484117,2.2512324,2.2493668,2.2385206,2.2387388,2.252379,2.2207685,2.228019,2.2109268,2.21902,2.2183416,2.2242637,2.2155051,2.1815367,2.2035143,2.1937206,2.2038362,2.2021315,2.1906595,2.1784427,2.1572714,2.186326,2.1579566,2.1476643,2.1826096,2.1487985,2.1584768,2.1421866,2.15096,2.1205482,2.1318922,2.1308463,2.1069005,2.1300113,2.114736,2.096273,2.0823913,2.098235,2.0874274,2.089745,2.069771,2.063373,2.0774257,2.0653741,2.0583372,2.030993,2.0380063,2.0263073,1.9998325,1.9963098,2.0247,2.0034194,1.979464,2.0159028,1.9519249,1.935099,1.9957961,1.9596035,1.9641831
2.3011358,2.3029213,2.3054426,2.299295,2.3060431,2.2967384,2.3027241,2.2975063,2.299765,2.2999992,2.2939239,2.2964072,2.2952142,2.2934291,2.291681,2.291951,2.2863677,2.2824898,2.2851198,2.2901068,2.285739,2.2809105,2.279475,2.2746847,2.2720838,2.2813883,2.2738867,2.2761707,2.263562,2.2717848,2.2575445,2.265224,2.2646432,2.2728586,2.2343495,2.248005,2.2441885,2.2540784,2.2526643,2.2422886,2.2360363,2.2298164,2.235835,2.2340627,2.2267978,2.240601,2.221019,2.2156744,2.2119613,2.221201,2.193223,2.193812,2.202187,2.1866875,2.1987615,2.1735733,2.1916423,2.1641288,2.1827145,2.1633945,2.1584666,2.1715999,2.145107,2.14474,2.1339169,2.1358845,2.149554,2.0975342,2.102435,2.1222239,2.111586,2.1083548,2.0998688,2.0924206,2.0614185,2.085793,2.073447,2.0730999,2.0580502,2.0454526,2.079157,2.0266664,2.0746002,2.0291958,1.9821036,2.0029154,2.0111632,2.024939,2.003532,1.9755752,2.0280297,1.9908369,1.9621801,1.9174247,1.969935,1.959413,1.9600127,1.96712,1.9550958,1.9408503
2.3016348,2.302122,2.3035126,2.3024874,2.300993,2.3006697,2.3002043,2.3003535,2.2985263,2.297104,2.295126,2.2942762,2.2978292,2.2962623,2.2937868,2.2874205,2.2968435,2.290254,2.291306,2.2828538,2.2829738,2.2840374,2.28095,2.2776752,2.2729983,2.2807472,2.278128,2.272329,2.2760835,2.274119,2.2698135,2.2710748,2.261698,2.2657332,2.2580726,2.2697773,2.2681026,2.2523596,2.2539392,2.2592607,2.2568622,2.239553,2.2423205,2.2363994,2.2503562,2.2387936,2.227645,2.2258117,2.2303655,2.2231216,2.208561,2.2090127,2.208976,2.2181726,2.1907861,2.1871347,2.1844096,2.191946,2.1870522,2.1906857,2.1700969,2.170841,2.175131,2.151785,2.1452923,2.129088,2.1608305,2.1604254,2.1488528,2.1380782,2.1352265,2.125299,2.117405,2.0945272,2.1163433,2.1119623,2.0873885,2.0740952,2.0889769,2.078707,2.0654926,2.0494084,2.0492716,2.0508618,2.0337791,2.0173786,2.0391028,2.0211234,2.0248349,2.02827,2.0017254,2.0272717,1.985065,1.9856648,2.004828,1.9533409,1.968335,1.9595823,1.9509162,1.9742682
2.301772,2.3027034,2.304509,2.302689,2.3004558,2.298638,2.2984703,2.297423,2.2968755,2.29524,2.2952228,2.2961898,2.294243,2.295285,2.294929,2.2887578,2.288254,2.2897525,2.2856948,2.2870412,2.2821941,2.2795694,2.276781,2.2783194,2.2792454,2.2673242,2.2684164,2.268476,2.2682512,2.2619267,2.2724142,2.262334,2.2647989,2.253597,2.247823,2.2529516,2.253065,2.242892,2.2503567,2.2414021,2.2427633,2.2261431,2.227283,2.2221107,2.226932,2.2160091,2.2132792,2.204266,2.2193117,2.2054896,2.1928287,2.1866221,2.192988,2.1808088,2.184485,2.1821208,2.1643376,2.1789207,2.1574378,2.1689157,2.1634157,2.1462064,2.1491063,2.1386917,2.123583,2.1216383,2.110043,2.0991988,2.0991025,2.1018925,2.079498,2.1008122,2.0939646,2.1123877,2.083609,2.0486674,2.0559993,2.0476084,2.057446,2.0510395,2.029467,2.0455003,2.044582,2.0265398,2.011849,2.0290737,2.0154717,2.0203776,1.9960938,1.9829737,1.9875176,1.9880066,2.0026786,1.9859407,1.9089024,1.9442588,1.9702783,1.9602249,1.9176177,1.9329219
2.3015018,2.30164,2.3021321,2.303122,2.3007889,2.3004951,2.3011734,2.3035946,2.2958026,2.297678,2.3009732,2.2984655,2.2925434,2.2873163,2.2859368,2.294538,2.2945828,2.2937365,2.2913406,2.2850404,2.2868686,2.2837415,2.288458,2.2787132,2.279716,2.2824373,2.2797227,2.280549,2.2745461,2.2730596,2.2662954,2.2656467,2.2693655,2.2640576,2.2586768,2.2648294,2.2578523,2.2579765,2.256331,2.2503238,2.2402143,2.235228,2.23916,2.240565,2.234264,2.2323377,2.2398245,2.2258992,2.2142427,2.20923,2.2119396,2.2221534,2.2068496,2.2041311,2.198201,2.1980646,2.201296,2.1811566,2.1677065,2.1715124,2.1788309,2.1679745,2.1687918,2.1517332,2.138677,2.141947,2.1448815,2.1144013,2.1345425,2.114596,2.1247606,2.124823,2.1047647,2.085433,2.123386,2.085558,2.1205702,2.0695994,2.0964723,2.0544567,2.0533628,2.0965395,2.0339286,2.0087018,2.1061208,2.0324168,2.0426035,2.01915,2.0209088,2.016772,2.0016856,1.9808348,2.0238214,2.030303,1.9804491,1.9599237,1.9699912,1.9720564,1.9347154,1.9576432
2.3011274,2.3060596,2.299331,2.3006074,2.3003597,2.3008118,2.2995284,2.296631,2.2984324,2.295267,2.292973,2.2916732,2.2955801,2.2911835,2.2919128,2.2927365,2.29247,2.2861953,2.2914867,2.2902365,2.2883272,2.2869825,2.2824664,2.2808418,2.282971,2.2797463,2.271993,2.271039,2.271167,2.2745593,2.2670774,2.267572,2.2695513,2.2751818,2.2667062,2.2555592,2.249173,2.2688377,2.2473657,2.240954,2.2492757,2.2504263,2.2428014,2.2332456,2.2388184,2.2438312,2.2413414,2.2309895,2.2304025,2.2305508,2.2104108,2.2054367,2.213217,2.2019846,2.2136095,2.2028847,2.1875486,2.188582,2.1843233,2.1775055,2.1692903,2.1518474,2.1732938,2.1563668,2.1699896,2.1562734,2.1399324,2.157662,2.1350493,2.127832,2.1435933,2.1359282,2.12254,2.1236162,2.09739,2.086719,2.1107159,2.0886137,2.0894096,2.0754845,2.0474713,2.0549493,2.0609226,2.0442877,2.0377555,2.0742288,2.0590038,2.0431066,2.029078,2.025433,2.0507593,2.0117702,1.9924247,2.0118873,2.0040896,2.002882,1.9504217,1.9398458,1.9343238,1.963556
2.3023195,2.3023396,2.2994292,2.3043408,2.2996151,2.2995,2.30056,2.2976482,2.295746,2.2992911,2.2972333,2.292774,2.2925391,2.2967134,2.291393,2.287252,2.2904916,2.28919,2.2895985,2.2824945,2.2861524,2.283143,2.2783468,2.2828581,2.27981,2.2814355,2.2751665,2.2697124,2.2741508,2.2694085,2.266962,2.2613933,2.2669163,2.2750626,2.2644107,2.2641723,2.2548804,2.2588902,2.255017,2.2509844,2.2430205,2.2396412,2.2399883,2.223848,2.2323956,2.2345107,2.2286246,2.221742,2.22684,2.2143888,2.213685,2.2207184,2.2062082,2.2099423,2.196156,2.187612,2.1872854,2.1843586,2.1803946,2.1814175,2.1907878,2.171379,2.1596813,2.1579704,2.160223,2.161131,2.1476016,2.129641,2.1352167,2.1315203,2.1180053,2.121236,2.0969512,2.0973492,2.0878437,2.10356,2.0894995,2.0776005,2.079076,2.0559757,2.0594594,2.0872467,2.0860908,2.0492623,2.063302,2.0505066,2.0352201,2.0204291,2.0267987,2.0151055,1.999692,2.0069377,1.9885463,1.9840457,1.9833839,1.9550796,1.9473886,1.964467,1.9307842,1.9614801
2.3009884,2.2987647,2.3031979,2.2983468,2.2982976,2.2981608,2.2964535,2.3002758,2.2962537,2.2944207,2.2925768,2.2900915,2.2993615,2.2974434,2.2901812,2.2923653,2.2883787,2.287688,2.290262,2.2901955,2.278983,2.284793,2.2751832,2.2779224,2.2729335,2.2698107,2.2693744,2.265229,2.2662315,2.269631,2.2556605,2.2567568,2.2572856,2.2595174,2.2539392,2.2558703,2.2531738,2.25562,2.244527,2.2541347,2.2278805,2.2279496,2.225556,2.234655,2.228335,2.2216897,2.2137704,2.2241383,2.210905,2.2044566,2.210248,2.1929612,2.2069018,2.1908154,2.1855206,2.1709073,2.181006,2.186748,2.1780903,2.1904693,2.159027,2.1745377,2.1590583,2.1501212,2.1316373,2.1444354,2.1247542,2.1343813,2.157642,2.1032195,2.1042252,2.1014388,2.1078556,2.0892544,2.07178,2.0571942,2.0646806,2.0702248,2.0698707,2.0566683,2.0536532,2.0473585,2.0290554,2.030375,2.0210547,2.021789,2.0426626,1.9976794,2.001163,2.0326662,2.0008287,1.9898268,1.9624336,1.9782981,1.958445,1.9578896,1.9587783,1.9503073,1.9528099,1.9535388
2.308013,2.3026223,2.3035316,2.3006728,2.2997997,2.3050432,2.3001802,2.300331,2.3018453,2.298032,2.2952447,2.2968729,2.290579,2.2933455,2.2921534,2.292696,2.285718,2.2877948,2.286033,2.282767,2.2870886,2.283158,2.2808084,2.273808,2.277843,2.2732658,2.2742085,2.2705133,2.2687452,2.2639763,2.2648098,2.2684755,2.2620265,2.2528944,2.2580647,2.259897,2.2561553,2.2369885,2.23948,2.233307,2.2440066,2.2338126,2.2393217,2.2228854,2.2374272,2.2280092,2.2252162,2.2135296,2.2190413,2.2008357,2.1987643,2.1893325,2.1900537,2.1803956,2.1996746,2.1985838,2.1823952,2.1846104,2.1737227,2.1631074,2.1703322,2.170107,2.160312,2.1458526,2.136222,2.1603975,2.1145039,2.1145134,2.11687,2.1009169,2.1076097,2.125339,2.080896,2.1086955,2.086995,2.05518,2.0673213,2.076966,2.0499456,2.042561,2.0476594,2.0703497,2.039146,2.0497015,2.0449345,2.0510154,2.0049934,2.0102057,1.9927528,1.9977913,2.0075293,2.0263305,1.9551917,1.9413829,1.9516263,1.9400543,1.9357902,1.938449,1.9258292,1.9362416
2.3013017,2.3033226,2.3078704,2.2998166,2.29955,2.2974677,2.2987108,2.298521,2.297481,2.298688,2.297892,2.2933326,2.2957716,2.2906878,2.2910206,2.2931728,2.2935317,2.2923532,2.2861323,2.290705,2.281193,2.285266,2.2865634,2.2843213,2.2776966,2.2759142,2.2856634,2.2747192,2.279499,2.269977,2.2694721,2.2704797,2.2687852,2.2709084,2.271225,2.2593222,2.254593,2.2671034,2.2587414,2.2496781,2.2490387,2.2450557,2.2377496,2.244506,2.2426515,2.2221842,2.2264576,2.2289226,2.2229824,2.2438712,2.2119231,2.2181132,2.2010388,2.20305,2.209548,2.2112355,2.2059526,2.17909,2.1982784,2.20265,2.149677,2.179556,2.1730008,2.1615999,2.1611161,2.170026,2.1678164,2.1579356,2.152465,2.1431203,2.1184373,2.1536956,2.1332664,2.1414614,2.1049378,2.09908,2.0953224,2.0971513,2.0661833,2.0917146,2.084056,2.0755181,2.0504878,2.0707984,2.0672512,2.0780337,2.019009,2.0476365,2.0396078,2.0260289,2.0077648,2.020113,2.0249736,2.0117729,1.9977607,1.9933016,1.9699888,1.9540434,1.962197,1.9761939
2.3061469,2.306825,2.3004477,2.3022795,2.302311,2.299919,2.2995431,2.3001096,2.3000233,2.2978172,2.2979064,2.2939596,2.2917442,2.2933128,2.2950745,2.2890105,2.289414,2.2851048,2.2817998,2.2867808,2.2808764,2.2790375,2.2833834,2.2754183,2.2784724,2.2681742,2.2737966,2.267031,2.2623522,2.265933,2.2698295,2.2619717,2.2495708,2.2605886,2.250298,2.250646,2.2456236,2.2629519,2.243589,2.2438574,2.2396274,2.2375607,2.2266726,2.2186952,2.218526,2.225485,2.2228496,2.2128396,2.195642,2.2043123,2.2071018,2.2062488,2.184093,2.195767,2.20049,2.1823437,2.182327,2.1799777,2.1525202,2.1760325,2.1620026,2.152435,2.1645489,2.1317236,2.1086278,2.1329863,2.1462789,2.138946,2.1134138,2.0916214,2.1029434,2.1125357,2.0826,2.0756335,2.0672328,2.060282,2.0931048,2.05091,2.0429397,2.0336852,2.04899,2.0576854,2.0498242,2.0199938,2.0073824,2.0464904,1.9800229,2.0162768,1.9993119,2.0008466,1.9884338,1.9906049,2.0163069,1.9745562,1.9497237,1.959494,1.9554862,1.9515871,1.9303405,1.9233098
2.309613,2.300374,2.3068042,2.3020496,2.3020465,2.3030186,2.3006024,2.2949994,2.297437,2.2938547,2.291408,2.2965794,2.2990098,2.2952456,2.2959442,2.2926934,2.28873,2.2909102,2.2851138,2.290594,2.2859492,2.2822676,2.279379,2.2726932,2.2796845,2.2725093,2.272892,2.2719424,2.277154,2.2649107,2.2633352,2.268526,2.2728577,2.266086,2.2566533,2.2563517,2.242665,2.2443137,2.248578,2.242697,2.2479784,2.2381582,2.2274055,2.2350502,2.2271144,2.2377028,2.244999,2.2183795,2.2165189,2.2131991,2.2157927,2.2110894,2.2067165,2.2107167,2.199366,2.1914332,2.1857457,2.1864343,2.167822,2.182095,2.1726604,2.1469827,2.170548,2.173716,2.1555493,2.153848,2.1671147,2.1250353,2.1238506,2.1224403,2.1416652,2.0989726,2.1014192,2.0987225,2.100775,2.0997336,2.0632656,2.0920897,2.0521173,2.0756693,2.071192,2.0656202,2.05341,2.0351162,2.0410867,2.0411913,2.02005,2.0428185,2.0056167,1.9755946,2.0302868,1.9671476,2.007494,1.9956644,1.9860747,1.9655968,1.973036,1.9747915,1.9838493,1.9772564
2.3032095,2.29939,2.3023276,2.3003306,2.3017092,2.2962036,2.2995646,2.2991164,2.297897,2.295479,2.2959375,2.3006017,2.2909796,2.2912288,2.291977,2.2910562,2.2903376,2.2910557,2.2902446,2.2930279,2.284856,2.2818577,2.2867663,2.2792783,2.284433,2.2748876,2.2779956,2.2735631,2.2726772,2.2686522,2.2638617,2.2636726,2.2660155,2.2693334,2.2640212,2.261177,2.2539663,2.25381,2.243717,2.2594416,2.2342763,2.2497315,2.2399027,2.2415938,2.2363,2.2222068,2.2234702,2.2241442,2.232228,2.2114058,2.2094262,2.2094712,2.2154183,2.2081323,2.2010703,2.2088537,2.1902637,2.1898813,2.1724129,2.1847286,2.1557584,2.1608324,2.1707857,2.166655,2.1469226,2.1351936,2.1471798,2.136804,2.1466436,2.1095567,2.1487207,2.102165,2.1115885,2.1260471,2.1122997,2.0978498,2.0970252,2.0865934,2.053678,2.0287833,2.0865898,2.0618446,2.036847,2.0506024,2.0656326,2.0035453,2.0121174,2.032233,2.0207639,2.0114396,1.981035,1.9933796,1.9872721,1.9981809,1.9827781,1.9759383,1.9540777,1.9737878,1.987972,1.9760873
2.3023183,2.3053088,2.3070478,2.304908,2.298936,2.300498,2.3041248,2.3003888,2.302452,2.2971866,2.296194,2.2978141,2.2918897,2.2950854,2.2960837,2.2906148,2.2900941,2.2867055,2.2850392,2.2898655,2.2869139,2.2850633,2.2828927,2.2785454,2.277586,2.2773943,2.2811205,2.273581,2.2716856,2.2640705,2.2629817,2.2644072,2.259676,2.2599242,2.2601342,2.2634785,2.2556496,2.2408137,2.2580833,2.2488222,2.25209,2.2325733,2.2443612,2.2349877,2.2374864,2.2370217,2.2389402,2.2212355,2.2319863,2.2094092,2.198929,2.1990945,2.1887681,2.2243626,2.2072203,2.215942,2.1896033,2.1772974,2.1925035,2.1748376,2.1747599,2.180677,2.1951745,2.1518874,2.1577966,2.1622946,2.1657233,2.1403065,2.1434073,2.1483247,2.1156504,2.1254683,2.1131098,2.1320653,2.1174731,2.1035318,2.0984488,2.088585,2.0783272,2.0664687,2.0843425,2.0706573,2.068773,2.0498848,2.0193336,2.0495403,2.0402446,2.034244,2.069735,2.0262067,2.0439038,2.0344474,1.9743824,2.0082664,2.0300083,2.0096116,2.0041041,1.9944649,1.9748411,1.9714417
2.3011327,2.3030918,2.304607,2.300126,2.3045053,2.3011234,2.2993178,2.2983046,2.298241,2.3044043,2.2938757,2.2940536,2.2942197,2.2965922,2.2958808,2.2942467,2.2902422,2.2922082,2.2860284,2.2859077,2.2857196,2.282454,2.2781224,2.2825341,2.280925,2.2782934,2.2768083,2.2703488,2.2728553,2.2645044,2.2754264,2.2668667,2.2760808,2.2730045,2.253079,2.2574425,2.2479944,2.2552433,2.253363,2.2461953,2.2518597,2.2421484,2.2497663,2.232552,2.2427714,2.2381465,2.2319393,2.223507,2.223619,2.2331634,2.2055125,2.2079234,2.2173843,2.1901674,2.1842873,2.2029495,2.2089653,2.1872332,2.1877003,2.1932673,2.1917686,2.1874866,2.1599057,2.1734266,2.1511207,2.182715,2.1467397,2.132464,2.1225278,2.1450653,2.1363008,2.1352992,2.110116,2.1190977,2.0959656,2.1204333,2.1144633,2.1027904,2.1202009,2.0968347,2.0730033,2.0648007,2.0491123,2.0596416,2.0736077,2.0359616,2.0602665,2.0488029,2.036529,2.0207982,2.0560234,2.018148,1.9906114,2.013283,1.9947517,1.9639804,1.9938972,1.9513481,1.9631402,1.9434228
2.3028076,2.304153,2.3030858,2.303031,2.3004158,2.2970545,2.3006177,2.3001401,2.2996848,2.2968075,2.2941897,2.2989006,2.2935739,2.293836,2.2933683,2.2923467,2.293231,2.2934783,2.2875338,2.2878056,2.2850876,2.2814999,2.284392,2.2818348,2.287096,2.2769082,2.2768292,2.2787976,2.270668,2.2698352,2.2695303,2.26926,2.269845,2.2564657,2.2537541,2.2665,2.2612212,2.2556272,2.2520256,2.259871,2.2557774,2.2440999,2.236887,2.247519,2.2276566,2.2256773,2.225991,2.2291417,2.2202444,2.211854,2.2103233,2.2125802,2.1987185,2.1992042,2.203229,2.2158372,2.200376,2.1879168,2.1838868,2.1691637,2.1876972,2.1582217,2.1459277,2.1529355,2.1441786,2.128561,2.162538,2.1311913,2.126321,2.1282494,2.1035464,2.0857298,2.0997887,2.0952983,2.1012087,2.098109,2.0768776,2.085887,2.098061,2.0809631,2.083913,2.0671062,2.0337825,2.0246534,2.0202868,2.054882,2.0221326,2.0363207,2.0118773,1.9790353,2.0054183,1.9846832,1.9696945,2.008465,1.9603807,1.9384212,1.9662681,1.9668396,1.9784703,1.9576032
2.3024676,2.3015842,2.3030639,2.2992125,2.304309,2.299374,2.2987487,2.3008761,2.2962258,2.299259,2.2943664,2.2974024,2.2925262,2.295629,2.293776,2.2899897,2.289054,2.2921097,2.291763,2.2863605,2.2869112,2.2830505,2.2807636,2.284378,2.289829,2.2731018,2.2833529,2.2775798,2.2690332,2.2729983,2.2659101,2.2669692,2.2703204,2.2616696,2.261899,2.2569122,2.259238,2.2519462,2.2417731,2.258528,2.2507367,2.2451706,2.2362027,2.2328985,2.236806,2.2444868,2.2171514,2.228645,2.2453115,2.2198493,2.2218034,2.2043462,2.2220428,2.2081494,2.1888154,2.2072334,2.2013433,2.1764953,2.2044687,2.180952,2.1714835,2.180766,2.1915832,2.1716657,2.1618493,2.1583266,2.1590889,2.148804,2.1512864,2.1424775,2.1202548,2.1457188,2.1344318,2.1233165,2.1144297,2.1061444,2.1201446,2.0959482,2.08044,2.104794,2.0478044,2.062437,2.0629864,2.0688033,2.0337877,2.0314407,2.0358615,2.070686,2.0049498,2.0217,2.000247,2.024744,2.0042186,1.9916825,2.0788765,1.9851153,1.98459,1.9895508,1.9880857,1.939846
2.3066545,2.300825,2.3048615,2.300799,2.2989001,2.302538,2.300186,2.2996068,2.296527,2.2994604,2.2966943,2.29424,2.2971246,2.294432,2.297251,2.2927864,2.287715,2.291603,2.288845,2.2886174,2.2849355,2.281304,2.2839901,2.2835934,2.2792583,2.278181,2.2753685,2.280077,2.27542,2.2752485,2.2719111,2.2675605,2.2719398,2.2707434,2.2588854,2.2653193,2.2659404,2.2484953,2.257643,2.253624,2.2621262,2.2503116,2.2518444,2.2389085,2.2466192,2.23834,2.2302525,2.2337124,2.2255788,2.226944,2.2195778,2.2256079,2.216896,2.2012515,2.206259,2.2017984,2.1805363,2.196443,2.1869607,2.1924965,2.178496,2.1791322,2.1694422,2.1672714,2.1615663,2.1519275,2.1485977,2.147034,2.1504612,2.140449,2.1474285,2.1177874,2.1078155,2.1169157,2.1105356,2.1196575,2.0914795,2.0934145,2.0839033,2.063981,2.0739942,2.0895634,2.0611987,2.061253,2.0306349,2.0609806,2.0194,2.0113392,2.029138,2.0243177,1.99949,2.0073316,1.9777333,1.9962307,1.9903913,2.005927,1.9371287,1.9578393,1.93887,1.9751121
2.3025303,2.3004184,2.3002768,2.3026729,2.3013208,2.3006923,2.2954783,2.302903,2.2949536,2.2984033,2.295364,2.289561,2.2953355,2.289823,2.2924027,2.290079,2.2904022,2.2908647,2.2876835,2.2805755,2.2800608,2.2818334,2.2721865,2.279664,2.2737408,2.2820058,2.2659416,2.2739003,2.2811916,2.2750456,2.2732072,2.2734525,2.257636,2.2656593,2.258453,2.2503767,2.244494,2.2598648,2.255301,2.2438111,2.2416835,2.240923,2.2482266,2.2211828,2.2355323,2.223843,2.219193,2.2231226,2.2161272,2.2088287,2.2185378,2.2113075,2.1990683,2.2119992,2.18836,2.1748393,2.1868663,2.184342,2.1924262,2.1945264,2.1751606,2.188561,2.1456695,2.1444988,2.1540976,2.1549163,2.1487858,2.1430588,2.1126645,2.1066117,2.129714,2.1606553,2.1326025,2.0781984,2.1136253,2.09887,2.0816095,2.0583758,2.0567799,2.0633857,2.0699418,2.0640318,2.0460966,2.0716677,2.0657187,2.0348399,2.0144455,2.0268624,2.0036712,1.9948868,2.00706,1.9655421,1.99105,1.9617543,1.9586918,1.9988422,1.9853218,1.9488785,1.9542394,1.9729671
2.3021998,2.3039622,2.3040283,2.3038683,2.2968388,2.303991,2.2963753,2.3004892,2.299868,2.294201,2.2927127,2.296254,2.2979674,2.2876,2.292241,2.290152,2.288951,2.2832785,2.2948682,2.2801065,2.2980611,2.2888255,2.2861414,2.280352,2.2772565,2.2789502,2.2825534,2.2715063,2.2688076,2.2705617,2.2641335,2.2644064,2.264661,2.276567,2.264519,2.2703314,2.2576396,2.26131,2.2415493,2.250096,2.245423,2.2469838,2.2376504,2.2344499,2.2383754,2.2420664,2.2246816,2.2424457,2.2331161,2.2270536,2.2073984,2.2012837,2.2143846,2.2190952,2.202832,2.206347,2.1887856,2.1848829,2.1692643,2.1854749,2.1752765,2.1586783,2.1679792,2.1722026,2.1715145,2.1486263,2.1409383,2.1488953,2.1220298,2.135964,2.143776,2.1136818,2.094974,2.1139183,2.1287158,2.0960457,2.0992587,2.0658848,2.1248837,2.0697365,2.083974,2.0686016,2.0816774,2.0604224,2.0373473,2.0214906,2.0160084,2.0566466,2.0623236,2.020709,2.0094376,2.0326328,1.9892547,2.0411274,1.965296,1.9930495,1.9588182,1.9809875,1.9882395,2.0235682
2.3021784,2.301832,2.3036995,2.30229,2.3024545,2.302796,2.2988164,2.3017027,2.2969642,2.301103,2.2965744,2.2986798,2.292833,2.2926204,2.2904315,2.2949784,2.292696,2.289197,2.287527,2.2838035,2.2864504,2.281889,2.2800176,2.2831228,2.2773695,2.278706,2.278562,2.2687254,2.271653,2.2789888,2.2672358,2.266874,2.2656846,2.2566357,2.2573318,2.2477226,2.2592154,2.259695,2.248268,2.2564015,2.2485394,2.2466617,2.2290578,2.2287507,2.2331772,2.2391033,2.238158,2.2124338,2.2049487,2.2210474,2.1994424,2.2096114,2.2038496,2.200176,2.2127252,2.1903198,2.1846118,2.1578813,2.1664805,2.161707,2.1658673,2.1650636,2.1530495,2.1588771,2.1871767,2.1598065,2.1297004,2.15106,2.0973363,2.1345537,2.1125472,2.1154845,2.1426094,2.1079547,2.11243,2.1160984,2.0909257,2.0883682,2.0798712,2.0682733,2.0739417,2.0982764,2.0534103,2.0243416,2.077523,2.02483,2.0354657,2.0362637,2.02673,2.0241408,2.0252604,1.9871118,1.9569725,1.9888163,1.9779787,1.9628105,1.9621814,1.9684255,1.973256,1.9241453
2.3015306,2.3034613,2.3041532,2.3042192,2.300651,2.2996957,2.2999551,2.300868,2.2968514,2.298761,2.299449,2.2929108,2.2888608,2.2914338,2.289935,2.2934155,2.2869763,2.292814,2.2922096,2.290606,2.2833998,2.2832294,2.2812388,2.2772965,2.2806253,2.2845094,2.27546,2.2769644,2.279035,2.2698703,2.267457,2.2595286,2.2647152,2.2657995,2.257109,2.2542577,2.2653313,2.2423987,2.263909,2.2460873,2.245256,2.23939,2.2308326,2.2541394,2.2399657,2.2168875,2.2239213,2.2272773,2.218841,2.2204561,2.2064242,2.2090406,2.210438,2.207345,2.227637,2.2147264,2.213849,2.1908624,2.1738145,2.1815643,2.176484,2.1916456,2.1622672,2.1815639,2.1639597,2.1586223,2.1422935,2.1458313,2.129726,2.124365,2.136323,2.1008968,2.1201437,2.1168985,2.131539,2.074104,2.1186068,2.0834515,2.072519,2.0637813,2.0891156,2.058227,2.0526674,2.063326,2.0461197,2.042325,2.0452938,2.0439782,2.0172932,1.9805506,2.0384707,1.9897991,2.0202305,1.9854568,1.9997696,1.9734591,1.9989326,1.97067,1.9825202,1.9835275
2.2990255,2.304248,2.3008008,2.2966177,2.301121,2.299606,2.298829,2.2985559,2.290683,2.2981637,2.2968473,2.2975678,2.2908258,2.2963994,2.2936397,2.2903292,2.2952576,2.2834654,2.2855406,2.288165,2.283869,2.2765841,2.2772815,2.2803915,2.2709622,2.278334,2.277421,2.2799096,2.275439,2.2790623,2.2582405,2.268192,2.2625465,2.2620583,2.2672977,2.254572,2.2507057,2.2586598,2.2519999,2.2471375,2.2410784,2.2414298,2.2434983,2.239478,2.2147903,2.2340875,2.227775,2.2342505,2.2304902,2.2322226,2.2151575,2.2051406,2.2056482,2.2036605,2.1855502,2.188627,2.1885414,2.197493,2.1965268,2.1650746,2.1468573,2.162382,2.1627765,2.16501,2.1591434,2.1731315,2.146411,2.1476092,2.1403036,2.103616,2.1351256,2.102736,2.1119754,2.1138859,2.1032686,2.0851111,2.0842805,2.0897315,2.1297548,2.0888858,2.0641518,2.0703008,2.0719886,2.058023,2.0750275,2.0129957,2.016905,2.0363593,2.0347195,2.0081966,1.9877552,2.0166783,1.9773918,2.011232,1.9860427,1.9898202,1.9360884,1.9837652,1.9743142,1.9517767
2.3040638,2.2994711,2.3050516,2.3039393,2.300151,2.295959,2.301285,2.2999868,2.300445,2.2933083,2.29838,2.29635,2.2948365,2.2934842,2.294014,2.2892637,2.289742,2.288027,2.2893872,2.2906637,2.2828052,2.2876527,2.2787075,2.2760024,2.278227,2.2791443,2.2772665,2.2706633,2.2635374,2.2737591,2.267786,2.2614827,2.2676778,2.2637,2.2689064,2.2560182,2.254597,2.255341,2.253705,2.2428293,2.2439158,2.2413282,2.2358565,2.241777,2.2219796,2.2319865,2.2230506,2.2284915,2.204488,2.2101774,2.2190263,2.2013788,2.2154438,2.1990767,2.1742048,2.2014523,2.1966786,2.195849,2.1958632,2.171022,2.1815188,2.1656685,2.161119,2.1538813,2.1590414,2.175226,2.1616514,2.1301064,2.120784,2.1448972,2.127967,2.1188672,2.1367116,2.123104,2.1066518,2.095097,2.0989108,2.0949898,2.075097,2.0663676,2.070182,2.0301976,2.0616996,2.065802,2.0656357,2.0722914,2.0283318,2.0078638,2.010003,2.0227368,2.0401015,2.0207686,2.010635,2.0136657,2.0013947,2.0004206,1.9988319,1.9305216,1.9744735,1.9416746
2.3047223,2.3060672,2.3009973,2.3050773,2.3049438,2.3014045,2.300339,2.2976615,2.2949677,2.2988796,2.2964735,2.292589,2.2922165,2.2885609,2.2888145,2.287972,2.293559,2.289926,2.2820997,2.2878156,2.2915351,2.2831376,2.2818615,2.2810597,2.2838595,2.2773008,2.2842662,2.27034,2.2790217,2.2781386,2.2758143,2.2617455,2.2742262,2.2657988,2.26642,2.2551012,2.2625713,2.2623858,2.2585053,2.2613268,2.2500753,2.251711,2.251548,2.232614,2.2438335,2.231328,2.235869,2.23389,2.2290015,2.2313814,2.2200437,2.220934,2.2213774,2.2070875,2.2004113,2.2057278,2.2000065,2.2021577,2.176294,2.1852818,2.185415,2.1598005,2.174179,2.1675782,2.1487138,2.1814256,2.148165,2.1475658,2.1645203,2.1132724,2.1245046,2.1389365,2.126181,2.136724,2.1274128,2.0980291,2.0794241,2.096149,2.1081178,2.0961323,2.0859883,2.0795665,2.073874,2.0441484,2.0559316,2.0546656,2.0577445,2.0226295,2.0423934,2.030439,2.0233486,2.030989,2.011641,2.011279,1.9857476,1.9851817,1.9809886,2.0040586,1.9937907,1.9778569
2.3009334,2.2998242,2.2994714,2.302146,2.2992072,2.2994895,2.2974553,2.2951713,2.2980764,2.2972326,2.2906685,2.2974458,2.2913783,2.2897058,2.2911386,2.2921295,2.2898953,2.2863839,2.2919724,2.2887635,2.2767758,2.2720742,2.2780437,2.2718644,2.2714853,2.2797973,2.2740903,2.2675133,2.2716706,2.259673,2.2693496,2.2557,2.266446,2.264177,2.2465134,2.240912,2.240925,2.241859,2.2460184,2.2468524,2.2347734,2.2431135,2.222185,2.2260084,2.2252743,2.2266552,2.2234092,2.218217,2.2026277,2.2095163,2.1978378,2.2057452,2.200738,2.1961129,2.1725025,2.1819005,2.1946454,2.177669,2.1632118,2.1522646,2.1555333,2.169985,2.124873,2.1533818,2.1608572,2.1345534,2.1118064,2.130907,2.1102383,2.1083176,2.122491,2.1419823,2.0887394,2.0588412,2.1190102,2.0893695,2.0781834,2.0516648,2.0579312,2.0856223,2.021853,2.0353682,2.0481222,1.9989281,2.0150394,2.0367193,1.9923565,2.0208895,2.0110614,1.9908142,2.0013556,1.9771662,1.9705818,1.9629176,1.9747374,1.9409072,1.9798942,1.9435198,1.9105597,1.9538577
2.3040974,2.3020475,2.3036914,2.30154,2.302841,2.300078,2.3018303,2.3013608,2.2991068,2.2999592,2.297226,2.29721,2.297733,2.2943356,2.2915177,2.2899141,2.293322,2.291791,2.2922318,2.2931736,2.2903662,2.2900963,2.2781281,2.2809954,2.2853584,2.2786198,2.2828102,2.2766495,2.2825823,2.2759907,2.2754922,2.2741756,2.2751179,2.2703283,2.26988,2.2730815,2.2557702,2.265534,2.2537448,2.256699,2.252548,2.252604,2.2430863,2.2453117,2.2409234,2.2342916,2.234568,2.2292573,2.2457826,2.2289276,2.2225828,2.2180595,2.2199633,2.2147574,2.204536,2.1993537,2.1970081,2.2041936,2.1945138,2.1879933,2.1747203,2.172351,2.1447637,2.1677287,2.1595914,2.159277,2.156621,2.1460888,2.1253493,2.1565447,2.1248064,2.1156504,2.1353998,2.1163359,2.1067362,2.0995896,2.085003,2.0950694,2.091781,2.0748913,2.078928,2.0760355,2.081181,2.0542357,2.0444658,2.028295,2.0502954,2.0496287,2.0340676,2.0276837,2.0104637,1.9918268,2.002757,2.009904,2.0097988,1.9959359,1.9650389,1.9840516,1.9453394,1.9519341
2.3019707,2.2998924,2.3047955,2.3029501,2.3000448,2.3017097,2.3027406,2.2987287,2.2971475,2.294278,2.2939427,2.2983267,2.297061,2.2945232,2.2913237,2.2851992,2.2846842,2.2862177,2.288756,2.284647,2.2849598,2.2789054,2.2829313,2.27212,2.2857213,2.2720249,2.2749076,2.275347,2.2705874,2.2720883,2.2717984,2.270831,2.2640548,2.2602472,2.2621007,2.2547102,2.2483692,2.245406,2.2595747,2.2456803,2.2508597,2.238309,2.2341843,2.231469,2.223279,2.2367973,2.2207842,2.2246466,2.2181358,2.2132545,2.2047234,2.2029438,2.1961212,2.2095296,2.1834388,2.1828425,2.1836267,2.175427,2.1665876,2.1774993,2.159283,2.1583357,2.1559477,2.155519,2.142476,2.1145463,2.1283257,2.1353626,2.1242337,2.1294842,2.103352,2.1131287,2.0936565,2.0831456,2.0977418,2.0771036,2.0734267,2.070191,2.0594063,2.0466223,2.0450912,2.058982,2.0362058,2.014598,2.0248542,2.004508,2.016335,2.0156684,1.9991767,1.9722378,1.9857569,1.9705358,1.9770188,1.9680002,1.9758455,1.9476125,1.9246669,1.9500576,1.9350507,1.9218769
2.3050346,2.3060398,2.3013215,2.304182,2.304125,2.3022246,2.3012357,2.2997184,2.2958744,2.2995882,2.2962952,2.2946255,2.2953172,2.289061,2.2925441,2.2857246,2.2921343,2.2906866,2.2816777,2.285069,2.2851133,2.2911396,2.2806096,2.2774997,2.2804117,2.2741966,2.2762742,2.2719507,2.282623,2.2600248,2.2681723,2.267078,2.2581892,2.2650356,2.2619524,2.2691207,2.252818,2.2536025,2.2550554,2.2483306,2.2514663,2.2491956,2.231168,2.2287896,2.2382648,2.219907,2.2233121,2.226834,2.231279,2.2245352,2.2023177,2.1962538,2.2115881,2.20081,2.185442,2.2031229,2.185865,2.1733823,2.1799908,2.1679034,2.1546202,2.1532373,2.144943,2.154368,2.133612,2.132652,2.1379395,2.145512,2.1121035,2.1482992,2.1396587,2.1137745,2.1041021,2.1117144,2.074903,2.0760305,2.0736153,2.0853674,2.065774,2.093926,2.049703,2.0361474,2.024418,2.0133994,2.0430274,2.0328631,2.0164099,2.0028598,2.0014448,2.033508,2.006079,1.9977468,1.9620836,1.9766722,1.9855177,1.9495625,1.9453948,1.9796056,1.9842929,1.9493847
2.302017,2.302395,2.3080447,2.3030531,2.3017757,2.3014965,2.3007798,2.3000836,2.295383,2.299631,2.2949653,2.297391,2.2922053,2.292622,2.2926526,2.2946386,2.2900484,2.2911692,2.2884414,2.2916517,2.2831292,2.282611,2.2823777,2.2843103,2.2881541,2.2811027,2.2749844,2.2733102,2.2720966,2.270849,2.2650735,2.2723355,2.259348,2.257718,2.2545283,2.2551923,2.2588825,2.25563,2.2472684,2.251108,2.2389848,2.244321,2.2406707,2.232974,2.2208595,2.2345407,2.2264585,2.2249975,2.207209,2.2319005,2.218533,2.2178164,2.2296062,2.2171376,2.230474,2.1988914,2.1880815,2.166257,2.1896472,2.1646242,2.1667614,2.1560888,2.1565366,2.1577194,2.1497085,2.1351805,2.1483026,2.1480942,2.1619003,2.135445,2.131349,2.1206527,2.1148188,2.0990899,2.1351275,2.0720406,2.11656,2.107327,2.0896788,2.0567925,2.0568786,2.093995,2.0629559,2.0794396,2.0688672,2.0360253,2.061883,2.0318098,2.0748127,2.0165124,2.023498,1.9783717,2.0155563,1.9923567,1.989563,1.9958713,1.9719441,1.9600035,1.9253553,1.988884
2.3042626,2.3010445,2.3038492,2.30249,2.3019056,2.298222,2.3036885,2.2968655,2.302389,2.3006504,2.292903,2.2940068,2.2941873,2.296156,2.294568,2.2916472,2.2904048,2.288909,2.2932487,2.2826085,2.2847638,2.2876556,2.280506,2.283297,2.2838578,2.278142,2.2731059,2.2763474,2.2691932,2.2760127,2.2665136,2.2635312,2.2651148,2.2646708,2.2668164,2.257203,2.2566857,2.2541971,2.2543445,2.2515514,2.2467127,2.2488103,2.242497,2.2364228,2.2528274,2.2448971,2.220438,2.2229261,2.2247252,2.214652,2.2115245,2.2292318,2.2037494,2.200511,2.1859834,2.196291,2.190703,2.1859584,2.1881194,2.1778564,2.1817226,2.167512,2.1510105,2.1687229,2.1648495,2.1591668,2.1361911,2.1334262,2.1470013,2.1297016,2.106735,2.116203,2.1202576,2.0997825,2.1131651,2.0866158,2.0927138,2.0757217,2.0869012,2.0622945,2.0768013,2.034954,2.0595024,2.0439272,2.0274591,2.0453908,2.0442023,2.019498,2.0172408,2.0227215,1.9992278,2.0173473,1.9942355,1.9972088,1.958424,1.9914824,1.9647435,1.9533429,1.9796433,1.9457965
2.304021,2.299508,2.2957335,2.3075993,2.3028417,2.3064663,2.297873,2.2982473,2.2999325,2.2913568,2.2921486,2.2924728,2.2927012,2.29717,2.293891,2.2998106,2.2968166,2.291824,2.2867463,2.2906263,2.2875972,2.2795467,2.2888198,2.276284,2.277829,2.2782135,2.2805514,2.28129,2.2753413,2.2662284,2.271061,2.2766209,2.270548,2.2682548,2.274199,2.2633262,2.2557783,2.2654417,2.2549129,2.2505918,2.2640977,2.2458699,2.2505224,2.2460504,2.2423964,2.249154,2.2274883,2.2210455,2.2338262,2.2204604,2.2310412,2.2104774,2.2272491,2.2145884,2.2105114,2.2109578,2.2161129,2.192078,2.199479,2.1936185,2.1892517,2.1800354,2.1884263,2.1473584,2.1768737,2.1512032,2.165217,2.1527848,2.1506214,2.130795,2.1313224,2.1445763,2.1212296,2.119917,2.1340935,2.1019874,2.1281044,2.100788,2.0921216,2.0918622,2.0806007,2.088964,2.0724394,2.0616155,2.0681572,2.0650518,2.0752387,2.0310917,2.016964,2.0321412,2.0415633,2.033203,2.0181441,2.023831,1.9670928,2.003049,1.9860446,2.0255435,1.962384,1.9741788
2.2974467,2.3033907,2.303124,2.3053212,2.2988977,2.302431,2.2946172,2.3040442,2.2968304,2.2940059,2.2974792,2.2947958,2.2931561,2.2958505,2.2870748,2.2878146,2.2818685,2.2845352,2.2885911,2.288367,2.2888637,2.285213,2.2841063,2.2849102,2.2786245,2.2886152,2.2748833,2.2837873,2.2823172,2.2662697,2.273034,2.2635262,2.2694383,2.2603042,2.2651339,2.2526946,2.259364,2.2695718,2.2431917,2.2506227,2.25783,2.2474585,2.2552469,2.2479424,2.2500937,2.2220788,2.2260375,2.218077,2.2113805,2.2231455,2.2275457,2.2181978,2.2084165,2.1927347,2.20157,2.1935596,2.1895828,2.186048,2.163638,2.1756687,2.1977832,2.1791146,2.1798007,2.158125,2.1512682,2.157726,2.1333294,2.1513896,2.1561165,2.138192,2.1228364,2.1067557,2.1198316,2.1130579,2.0905442,2.0933926,2.0721383,2.0850668,2.0929756,2.0657258,2.0440993,2.0646508,2.0685093,2.0650306,2.0490131,2.0607884,2.0285225,2.012147,2.022858,2.013422,1.9856668,2.0236807,1.9948816,1.9866933,2.0203807,1.9748062,1.9726455,1.9692266,1.9624283,1.9946318
2.3028116,2.3001797,2.3011851,2.3026028,2.3002677,2.300252,2.3030443,2.297596,2.2912183,2.2990952,2.3019295,2.298495,2.293806,2.292073,2.2980204,2.291487,2.2882392,2.2888422,2.2925572,2.2832758,2.292973,2.2827687,2.2820654,2.2820332,2.2821028,2.2755225,2.2768993,2.273759,2.26868,2.2721002,2.2742844,2.2651052,2.2656105,2.2631109,2.2596834,2.2551925,2.256009,2.246408,2.2581785,2.2560523,2.2471404,2.242574,2.2364535,2.2216709,2.2319803,2.2320623,2.22023,2.223813,2.214305,2.217225,2.216557,2.2127943,2.2087016,2.179869,2.1880572,2.2126193,2.1759534,2.165896,2.1806784,2.181006,2.1589096,2.146979,2.1683543,2.161488,2.1663454,2.1482701,2.120668,2.140616,2.1517777,2.137753,2.130817,2.1077285,2.10716,2.1205928,2.104241,2.1094368,2.076884,2.0734627,2.062484,2.0908055,2.0434637,2.04776,2.0503469,2.0454745,2.040701,2.0572877,2.0514793,2.037993,2.0274503,1.9997187,1.9963204,1.9943687,1.9780862,1.9830723,1.9847105,1.963815,2.0023913,1.9894063,1.9103343,1.9375813
2.302871,2.2980874,2.2985377,2.3029258,2.2990408,2.2978778,2.2997599,2.300454,2.298039,2.2972074,2.294571,2.2915626,2.294428,2.2950125,2.3009439,2.2904587,2.2843924,2.2917917,2.2820375,2.2850163,2.283059,2.2858112,2.2824545,2.2715287,2.2815468,2.2757497,2.2784865,2.2802293,2.2673903,2.2751157,2.2634685,2.2545702,2.2623725,2.253337,2.2555697,2.2540622,2.2481127,2.250052,2.2503133,2.2317488,2.2353907,2.2363145,2.2341774,2.2402928,2.2422366,2.2434328,2.2220817,2.2244062,2.2144122,2.2113202,2.2260334,2.204865,2.199868,2.1856194,2.1884391,2.1989055,2.1704202,2.1759393,2.1673923,2.187558,2.173371,2.1421146,2.1301367,2.149036,2.1503124,2.13832,2.121583,2.1184378,2.1158562,2.1120176,2.1075666,2.0974605,2.1134853,2.0881424,2.0979056,2.0961683,2.0586245,2.0533857,2.0644813,2.0394979,2.0765562,2.0625463,2.0821316,2.0495114,2.0384476,2.010182,2.0191875,1.998724,2.0084743,1.9815376,1.9960973,1.9696915,1.9870529,1.9822147,1.9806259,1.9840933,1.9653596,1.9506743,1.9259728,1.9390652
2.3075495,2.302064,2.3076444,2.3042932,2.3053267,2.3049488,2.298514,2.3012276,2.2991076,2.297555,2.2986803,2.2965722,2.2961504,2.2909424,2.2909842,2.2956896,2.2910385,2.289404,2.29453,2.2895887,2.2854686,2.2858746,2.287434,2.281343,2.2804837,2.2799945,2.2836452,2.2754414,2.2801912,2.273604,2.2772212,2.2720025,2.2753,2.2759194,2.2659714,2.2689652,2.2683177,2.2567506,2.2546802,2.2526598,2.2533348,2.2639992,2.2539818,2.2435994,2.2410023,2.2440052,2.2415853,2.2371998,2.2377045,2.2309299,2.2457519,2.2282825,2.218305,2.2123837,2.2157815,2.2012715,2.1986718,2.2076957,2.2090743,2.186732,2.1855314,2.1838274,2.1688666,2.1729176,2.1673234,2.1683624,2.1678371,2.1646705,2.1302612,2.1649327,2.1364076,2.1538672,2.1251864,2.1387312,2.1380873,2.0952096,2.1103802,2.1116586,2.117763,2.0956852,2.0830693,2.0755658,2.0787406,2.0954092,2.0541053,2.0906305,2.034616,2.073244,2.0560403,2.0477324,2.0576053,2.0386403,2.0259154,1.9918308,2.0013614,1.9917614,1.9476117,2.0022943,2.0040383,1.9789705
2.3034482,2.304851,2.29778,2.3013659,2.3003278,2.30095,2.2992127,2.2996578,2.3013968,2.2961497,2.2982066,2.2940383,2.2936144,2.28828,2.292054,2.2932644,2.2930794,2.2888072,2.283522,2.2851448,2.2798953,2.2892933,2.281904,2.2847824,2.276974,2.272215,2.2760525,2.281557,2.2736282,2.2759383,2.2640407,2.2611418,2.272336,2.2702122,2.2564425,2.2625566,2.259408,2.2628138,2.2497609,2.2585437,2.253674,2.2350268,2.2386808,2.2501364,2.248065,2.2370782,2.2292795,2.2293136,2.2219396,2.2059329,2.215386,2.2094975,2.2029102,2.2016706,2.2062016,2.211707,2.1831179,2.182993,2.18646,2.1705317,2.1704226,2.1607432,2.1816933,2.1492844,2.1607065,2.141832,2.1539478,2.1259313,2.110152,2.1162043,2.1165195,2.1071906,2.1089969,2.1114662,2.1040478,2.0950127,2.0710752,2.1007023,2.089471,2.0662751,2.0655558,2.065806,2.0336614,2.0557337,2.0475123,2.047463,2.0263138,1.9887438,2.012099,2.010531,2.0170312,1.9890001,2.0160983,1.9657531,1.9979612,1.9585543,1.9474906,1.9652197,1.9447813,1.9463314
2.307183,2.30143,2.3041475,2.3002524,2.3037415,2.2984645,2.2975519,2.2963,2.2992823,2.2926912,2.2976844,2.2947063,2.2979937,2.294547,2.2927163,2.2932134,2.2863824,2.2888718,2.2893083,2.281211,2.286211,2.283815,2.2812173,2.2756114,2.2838001,2.2729259,2.2717328,2.2744288,2.2785282,2.2710586,2.2600598,2.2651787,2.2649267,2.265832,2.2661424,2.2602038,2.2509756,2.254875,2.239182,2.2379136,2.2389653,2.2404838,2.2374964,2.232497,2.2356088,2.2442698,2.22202,2.2026343,2.2007558,2.2069254,2.192753,2.2239747,2.2116897,2.1943612,2.1973534,2.1919231,2.198392,2.1784625,2.1713305,2.1820126,2.1656275,2.1601,2.1488702,2.163627,2.159679,2.1661425,2.1342688,2.1345582,2.1121998,2.108179,2.1193063,2.115728,2.1025796,2.1015882,2.088448,2.0993533,2.0997841,2.077506,2.0429254,2.0770328,2.0372148,2.063314,2.052084,2.0437877,2.0147192,2.0100257,2.0329201,2.0047398,2.0233386,1.9977627,2.017521,1.9933385,1.9585197,1.962219,1.9487288,1.9596039,1.9765828,1.9475443,1.9653859,1.9328089
2.306189,2.30261,2.301715,2.299871,2.3021986,2.29985,2.3004503,2.296804,2.295652,2.29519,2.2957973,2.29384,2.2919703,2.288907,2.289004,2.2935112,2.2900012,2.2888153,2.2865698,2.2824817,2.2759442,2.2841365,2.2862124,2.2738845,2.2749922,2.2742515,2.268992,2.2688205,2.2703238,2.2699258,2.2639053,2.259112,2.2687645,2.2608347,2.2572775,2.2561855,2.2468705,2.2475114,2.2390482,2.2397249,2.247597,2.2309623,2.224683,2.2213473,2.234773,2.2383559,2.2174687,2.2237816,2.2248027,2.2090402,2.2009153,2.1975093,2.2147834,2.192201,2.185533,2.186341,2.173178,2.1652148,2.1643367,2.1568756,2.1609142,2.156969,2.1508393,2.1560752,2.1502304,2.1383407,2.1372175,2.1074955,2.1092243,2.1101606,2.0864813,2.114695,2.0729847,2.0843425,2.0679905,2.087862,2.0914793,2.066695,2.0692012,2.048126,2.040004,2.0656137,2.0364761,2.0359225,2.0059638,1.9902568,2.0518231,2.0151446,1.9951111,1.9985912,1.984416,1.9570305,1.9688199,1.965353,1.9786205,1.9579949,1.9266871,1.9319518,1.9268718,1.9276228
2.3020692,2.303944,2.3017797,2.301877,2.3010914,2.3001904,2.2979245,2.3016787,2.2993922,2.2977872,2.295313,2.2941148,2.2918863,2.2916372,2.2905114,2.2907782,2.289606,2.287342,2.282888,2.2823515,2.2815566,2.2817917,2.2888553,2.275986,2.2818112,2.2763562,2.270835,2.273735,2.270991,2.2628536,2.271534,2.2614784,2.259026,2.2573285,2.268472,2.2556496,2.2364314,2.2393756,2.2456038,2.245038,2.2318847,2.2447886,2.2495644,2.2280905,2.2412338,2.2223282,2.22302,2.2205105,2.2147882,2.2046971,2.2162657,2.2080064,2.2202067,2.2087593,2.1801884,2.1898253,2.1832743,2.1773386,2.1885402,2.1690207,2.1545963,2.1400318,2.1505842,2.1355581,2.133318,2.1373057,2.1522458,2.141993,2.107959,2.1166387,2.1078897,2.1110892,2.0926733,2.078453,2.0928571,2.089853,2.0497575,2.0632932,2.0514753,2.0549212,2.0539002,2.0373256,2.045922,2.0502033,2.019419,2.0295596,2.0187292,2.0007548,1.9854299,2.0151086,1.9700944,1.9977374,2.0017235,1.9530097,1.9989219,1.9837575,1.9192127,1.9209051,1.9538428,1.9478568
2.3030777,2.3071828,2.2977722,2.3003564,2.3021498,2.302195,2.300226,2.2966812,2.2987251,2.2967768,2.2954135,2.296947,2.2994444,2.2978806,2.2926025,2.2878273,2.2866635,2.2869391,2.292883,2.288102,2.2844992,2.2856412,2.2819526,2.2825837,2.2746434,2.2811127,2.2837572,2.27824,2.2673767,2.2741256,2.2667253,2.2613816,2.2586727,2.250433,2.2621708,2.2589011,2.2564902,2.2645786,2.2579873,2.2532153,2.252698,2.2372532,2.2439933,2.2381268,2.2465532,2.2310536,2.227343,2.225549,2.2337391,2.2286572,2.2190816,2.2021103,2.2071395,2.2028532,2.2099905,2.1996505,2.2064166,2.1816125,2.1813064,2.1772254,2.1615906,2.176737,2.1608071,2.1692004,2.1674366,2.1456532,2.1554341,2.1330805,2.1251118,2.11473,2.1345797,2.1548057,2.1179824,2.0990913,2.121029,2.1010385,2.0776389,2.092698,2.066377,2.045867,2.068612,2.059219,2.0532932,2.0562356,2.0445046,2.0179288,2.0194635,2.0625896,2.0575225,2.0056577,2.005389,2.029552,2.0271063,2.0015798,1.9669378,1.9449308,1.9760942,1.9873341,1.9615488,1.9726962
2.3028102,2.3015232,2.3043265,2.299618,2.3030019,2.3026671,2.2997437,2.3024154,2.2968779,2.2977235,2.2999873,2.2943306,2.2944255,2.2957807,2.2926931,2.2943425,2.2863703,2.2888653,2.2897077,2.2884736,2.2865252,2.2856712,2.2844343,2.2880707,2.2880988,2.2767234,2.2738087,2.2791786,2.274577,2.2762012,2.276029,2.2702403,2.262666,2.2714067,2.2631223,2.2643712,2.2610874,2.2595468,2.250283,2.2576404,2.2508636,2.252543,2.2294984,2.2465012,2.2324674,2.2381952,2.224893,2.2255478,2.239264,2.2135386,2.2390428,2.2161584,2.213399,2.2035623,2.2104805,2.207381,2.2014058,2.1911418,2.1787076,2.1749134,2.189812,2.183447,2.1655111,2.1698499,2.1772995,2.1505141,2.1704612,2.1511078,2.1356273,2.1548553,2.1249132,2.1137297,2.097144,2.1180942,2.0978777,2.1065102,2.1057868,2.1128898,2.0651543,2.0967336,2.0751338,2.067624,2.0648618,2.0594563,2.0541124,2.0459528,2.0407243,2.0399714,2.0370417,1.9967403,2.0188906,1.9990926,1.9924269,1.9895613,1.9999604,1.9570205,1.9928449,1.9986153,1.9732538,1.9551847
2.3039906,2.3016167,2.2992506,2.3016634,2.299367,2.2996664,2.2982373,2.297503,2.2964246,2.298944,2.2955053,2.2963972,2.2910562,2.2918613,2.2872787,2.2965033,2.292068,2.292622,2.279775,2.283762,2.2866964,2.2766864,2.2770631,2.2757728,2.2780294,2.2778769,2.2684755,2.2787848,2.2728808,2.2671552,2.265419,2.2694194,2.2659183,2.2685776,2.265512,2.2577243,2.2477071,2.2487454,2.2515426,2.246411,2.2457042,2.2362,2.2300785,2.2444475,2.2235937,2.2374392,2.2276158,2.2101083,2.2220287,2.208542,2.2060125,2.1964593,2.200859,2.20821,2.19349,2.1898327,2.1859443,2.1691518,2.1711895,2.1761754,2.1618414,2.153482,2.1569695,2.1486852,2.1529698,2.1366453,2.1322446,2.1192808,2.092146,2.1271255,2.0978224,2.0852857,2.0954666,2.1044478,2.0820935,2.06619,2.0437555,2.0910559,2.0693467,2.0748057,2.0495903,2.0593708,2.0196915,2.0358472,2.032881,2.0483215,2.0426261,1.990958,2.0148044,1.995296,2.009214,1.9855366,1.9804485,1.9703494,1.9698551,1.9717088,1.9370369,1.9690759,1.9316211,1.9540107
2.304039,2.3013067,2.3049984,2.2997665,2.3006868,2.3016315,2.303261,2.2983463,2.3025634,2.2965343,2.294466,2.3035865,2.2934752,2.2958539,2.2951453,2.2967415,2.2915626,2.2932801,2.2952127,2.2891707,2.2816882,2.2878973,2.2829318,2.2789912,2.2815375,2.28189,2.2808008,2.277793,2.2763853,2.2817256,2.276589,2.2654245,2.2719228,2.2765887,2.2662754,2.266551,2.2658398,2.259302,2.250492,2.252111,2.255938,2.2472494,2.2542684,2.2496295,2.2399764,2.2281508,2.239171,2.2414145,2.2375908,2.2322154,2.224527,2.2170312,2.2144775,2.2152889,2.211258,2.214015,2.2116625,2.20048,2.1838784,2.194155,2.1985762,2.1815236,2.1706367,2.1729832,2.1601171,2.1597993,2.1641808,2.1742778,2.1389408,2.1398458,2.1434283,2.120443,2.1385276,2.104918,2.1077223,2.1210084,2.0959184,2.112524,2.0744157,2.0871449,2.0804636,2.0770135,2.0585766,2.0763757,2.0474377,2.0386515,2.0540986,2.0357857,2.0281405,2.022446,2.0285616,2.0460277,1.9978317,2.0026069,2.010563,1.9871318,1.9644163,2.0098376,1.9803622,1.9641147
2.3016028,2.3017259,2.3034027,2.30018,2.3016844,2.300888,2.2975075,2.2976158,2.3008318,2.29906,2.299172,2.2987497,2.2930868,2.2927563,2.2936616,2.2923956,2.2874615,2.2943559,2.286899,2.2840238,2.286296,2.2874937,2.29091,2.2805223,2.2845757,2.2850819,2.283544,2.2825613,2.2889996,2.2718449,2.281353,2.2694373,2.2716932,2.2818904,2.272324,2.266764,2.2614763,2.2465253,2.260531,2.2580886,2.2473054,2.2394762,2.2467399,2.227551,2.2423759,2.247927,2.234452,2.2360656,2.2275565,2.2440896,2.2363334,2.2095962,2.2249472,2.2245374,2.2063327,2.2042282,2.2084424,2.1970062,2.1906197,2.1944113,2.1946838,2.1763885,2.1692524,2.172623,2.176201,2.1610203,2.1815891,2.1624794,2.125754,2.143526,2.1145964,2.132226,2.1205177,2.135744,2.1426039,2.131979,2.1143308,2.0869179,2.0712888,2.0789218,2.078219,2.1322412,2.069256,2.026856,2.0704312,2.0655792,2.079461,2.060598,2.0594716,2.009679,2.0248039,2.0200515,2.0314279,2.0138001,1.9498694,2.0267742,1.9873801,1.9261819,2.0149412,2.043191
2.3037314,2.3072844,2.3057652,2.300624,2.3018594,2.302867,2.2989132,2.3010256,2.2958076,2.2965252,2.2967649,2.2914577,2.2958236,2.2952845,2.2961028,2.293581,2.2951922,2.2865186,2.2876568,2.2876003,2.2834692,2.2830784,2.2786298,2.277572,2.2841282,2.285314,2.2740455,2.2785094,2.2850654,2.2840323,2.2773514,2.2845297,2.2763906,2.2717314,2.2658114,2.2669957,2.253459,2.2571507,2.2604492,2.2475567,2.2441237,2.2624745,2.2437592,2.242438,2.2363727,2.2416947,2.2417681,2.226756,2.2382567,2.226375,2.206752,2.2143574,2.2078247,2.2037427,2.2085416,2.2199423,2.2044687,2.2037442,2.1848643,2.200479,2.1689954,2.1621404,2.165191,2.1759522,2.168405,2.1717,2.1459212,2.1511502,2.1487458,2.1391263,2.149894,2.12634,2.1579416,2.1262193,2.1280105,2.1287076,2.1147208,2.0878491,2.1036336,2.07836,2.1058154,2.0938985,2.0502627,2.057942,2.0548444,2.0467772,2.04069,2.0124369,2.0259163,2.0378196,2.036544,2.0065942,2.0202374,2.003429,1.9834468,1.9675426,1.9766638,1.9529786,1.9591715,1.9547589
2.300644,2.3019369,2.3027503,2.3009624,2.2965837,2.2999868,2.3020716,2.304119,2.2998774,2.2956944,2.299896,2.296061,2.2878113,2.2922997,2.2893841,2.2869742,2.282392,2.2844658,2.2828612,2.2806554,2.2863035,2.2832518,2.2765517,2.2728775,2.267454,2.2799788,2.2728133,2.2756262,2.2655573,2.2634046,2.2576547,2.272537,2.259339,2.258263,2.262777,2.2477317,2.2551289,2.2469058,2.2385206,2.248541,2.2345047,2.2479188,2.239845,2.2315927,2.2235746,2.2241435,2.224059,2.213797,2.2080986,2.2127235,2.214186,2.214772,2.195864,2.2173018,2.1876266,2.1749635,2.2006135,2.188923,2.1672275,2.1754754,2.1760805,2.1557376,2.1446447,2.149847,2.1625907,2.1648731,2.1397905,2.1266432,2.1347313,2.1258402,2.103931,2.097424,2.1013079,2.0580173,2.0521355,2.0634851,2.0907214,2.105314,2.0813892,2.0318623,2.0404968,2.093171,2.0178099,2.0185683,2.0256138,2.0210462,2.032784,2.0145218,2.0218573,2.004262,1.976488,1.9826552,1.9555734,1.9850523,1.9650539,1.9663873,1.9776319,1.9722435,1.9645684,1.9422033
2.305612,2.3059883,2.3086374,2.3001595,2.3035173,2.3008995,2.3017693,2.3013613,2.2990127,2.296909,2.2960315,2.2969441,2.2921236,2.29352,2.2945518,2.287048,2.287274,2.289176,2.2928567,2.2879238,2.2842655,2.281524,2.2816935,2.2788012,2.278105,2.2851949,2.2791057,2.2692163,2.266449,2.274119,2.274874,2.2702575,2.2586217,2.2598143,2.2576673,2.2662916,2.2590406,2.2436686,2.2416859,2.2522345,2.2500498,2.2442577,2.2351084,2.2384377,2.2321737,2.2374978,2.2307045,2.2218342,2.2265346,2.233296,2.207409,2.2131412,2.2099032,2.2115934,2.1904492,2.1864483,2.1878135,2.1686592,2.1721,2.1743734,2.1398597,2.173623,2.142687,2.1439686,2.1265712,2.1355047,2.1333456,2.1467106,2.1081321,2.1360538,2.117966,2.1003556,2.1185548,2.0994864,2.1291006,2.0480223,2.073078,2.0949712,2.0711591,2.075764,2.082944,2.0541763,2.037383,2.0468583,2.0160437,2.0138166,2.042728,2.02981,2.0241284,2.0194206,2.0156527,2.0159292,1.9913967,2.0008404,1.9646941,2.0221224,1.9478258,1.9615309,1.9300408,1.9411051
2.3058224,2.3029728,2.3001494,2.302045,2.302818,2.2998712,2.3015885,2.2974489,2.2999568,2.2947931,2.2983646,2.2943962,2.2942147,2.2976055,2.2903843,2.2925026,2.2921681,2.2865028,2.2892394,2.2828424,2.288849,2.286261,2.2788587,2.2861738,2.2828546,2.2812276,2.2806993,2.2793021,2.2670832,2.2697053,2.275885,2.2670283,2.2720723,2.2606807,2.2740397,2.2559898,2.2463574,2.256267,2.2453828,2.2536051,2.245783,2.2502613,2.2390494,2.2391214,2.2334714,2.227916,2.2334573,2.2331061,2.2397475,2.2343006,2.219263,2.233144,2.1982603,2.1968417,2.214915,2.2179642,2.2035265,2.1792204,2.1935847,2.1668336,2.181734,2.175425,2.1596053,2.177775,2.1630762,2.144325,2.137224,2.1268032,2.1488063,2.1506305,2.1132221,2.1313248,2.122552,2.097848,2.108065,2.10372,2.0691695,2.09518,2.0924153,2.0587502,2.1057472,2.0826533,2.0535648,2.07098,2.050797,2.0477037,2.0232704,2.0253596,2.0607514,2.028699,1.9691885,2.027838,1.9979649,1.9641618,1.9514511,1.9765201,1.9422462,2.007556,1.977625,2.0153067
2.297749,2.3005123,2.3046393,2.2981305,2.2962275,2.3001685,2.2978306,2.3007464,2.3029232,2.3021636,2.295671,2.299768,2.2986941,2.2992167,2.2903924,2.2948081,2.2857413,2.2799377,2.2963865,2.292468,2.2867987,2.2864542,2.2797804,2.281619,2.2751613,2.2823858,2.273439,2.2707658,2.278327,2.2805173,2.266819,2.2648582,2.269699,2.2661538,2.2583318,2.2671678,2.2664592,2.2636294,2.2594738,2.246521,2.2372952,2.2521255,2.251456,2.2376404,2.240776,2.2444825,2.2363892,2.229567,2.2264524,2.2190647,2.2173185,2.2145987,2.2041705,2.218777,2.2062998,2.189362,2.204505,2.1916456,2.1803567,2.1700878,2.17492,2.1688657,2.1657398,2.1782677,2.162909,2.1552048,2.1385949,2.1493666,2.1529,2.1501834,2.1340437,2.1180012,2.1234992,2.1280644,2.1272187,2.088213,2.0865903,2.0601392,2.0791318,2.1061115,2.0507443,2.077286,2.050859,2.0627108,2.0394216,2.0368953,2.0301769,2.0440564,2.0056012,2.0238519,1.9931997,1.9825226,2.0001872,1.9795632,2.0013,2.007482,2.0156057,1.9751484,1.9692587,1.9293615
2.3037152,2.3031511,2.3051114,2.3019242,2.3052652,2.2998688,2.3006644,2.2988627,2.297543,2.2930145,2.293585,2.29534,2.2912202,2.29488,2.2871568,2.2904418,2.292389,2.2873745,2.286065,2.2854624,2.2807066,2.2833705,2.2777367,2.274411,2.2720923,2.2729282,2.2716646,2.2726455,2.2697644,2.2648077,2.2661061,2.265483,2.2541099,2.2704515,2.2531374,2.248382,2.2559583,2.2417235,2.2474456,2.25043,2.236297,2.2317638,2.2361684,2.226811,2.2152243,2.2195995,2.2178266,2.2085354,2.2207565,2.2086596,2.2066483,2.2028458,2.1882172,2.176694,2.1908345,2.1817164,2.1897347,2.1781764,2.1726618,2.1616335,2.1610918,2.1574504,2.1489625,2.1370523,2.1226606,2.124609,2.126224,2.1075072,2.087226,2.1363258,2.1104987,2.1206572,2.0981307,2.084395,2.0897326,2.082703,2.0464563,2.0629501,2.0466444,2.0310855,2.026715,2.0310638,2.0442839,2.0441997,2.0391512,2.0322115,2.0118754,1.9891582,2.000991,1.9782014,1.9546397,1.9871027,1.9770055,1.9274389,1.9682816,1.9513373,1.9366727,1.9248079,1.9373789,1.9507754
2.30445,2.3001661,2.303621,2.3010097,2.2992487,2.3017304,2.2985482,2.3003254,2.2994778,2.297107,2.2975502,2.2973688,2.2926626,2.2886837,2.295074,2.2905114,2.2887063,2.2888112,2.2893584,2.2853086,2.2869377,2.2858794,2.2761455,2.2810025,2.2741597,2.278254,2.2806516,2.2746925,2.2646198,2.261859,2.2669363,2.2668843,2.2643528,2.2616992,2.2695975,2.245918,2.2650132,2.2502947,2.253952,2.2526956,2.2507343,2.2360663,2.242817,2.225054,2.2338922,2.2260928,2.225361,2.2136674,2.229284,2.2238631,2.1975822,2.212482,2.2133107,2.1960359,2.1861567,2.1896534,2.1834426,2.180296,2.1871092,2.1654363,2.1548162,2.170802,2.1589906,2.1486568,2.159696,2.160821,2.127822,2.146338,2.1409183,2.1001616,2.1011786,2.1325402,2.1054444,2.0976133,2.105101,2.085919,2.1068602,2.0845642,2.065581,2.0798783,2.0913994,2.0567737,2.071679,2.060115,2.034562,2.037808,2.0215778,2.0112538,2.0144918,2.0184743,2.0184197,2.0195792,1.993544,1.9707751,1.9866457,1.9799376,1.9586592,1.9594305,1.9549888,1.9804184
2.3032877,2.3008816,2.303019,2.299426,2.301012,2.3005717,2.2984242,2.2981918,2.2971559,2.297005,2.2978473,2.297388,2.2981467,2.292623,2.290279,2.2899418,2.2894967,2.2894206,2.2821198,2.2810414,2.2824516,2.2819118,2.2791085,2.2846494,2.2760384,2.2737246,2.2761803,2.2711978,2.267639,2.2699418,2.2701194,2.2653575,2.2585573,2.2660263,2.2584357,2.2542856,2.2483273,2.2452793,2.2442827,2.2329142,2.2385585,2.250646,2.2303948,2.2335467,2.2166944,2.2235913,2.216144,2.2206142,2.210357,2.2098832,2.1979907,2.21345,2.2101731,2.1920338,2.1859484,2.1860373,2.179415,2.1794167,2.18301,2.160004,2.1578603,2.1577206,2.15314,2.1832137,2.1482465,2.155364,2.119383,2.115563,2.124692,2.1250257,2.1122284,2.1102126,2.091757,2.095766,2.0958178,2.0621266,2.0921464,2.0813475,2.0862753,2.0670352,2.078318,2.0545888,2.0591445,2.0397074,2.0112824,2.0329666,2.012331,1.9887066,2.0238838,2.007309,1.9904547,1.9666512,1.9788592,1.995261,1.9553361,1.9650265,1.96112,1.9432663,1.940934,1.9548533
2.2979183,2.3019562,2.3018887,2.3016229,2.302817,2.303612,2.2995374,2.2998395,2.293867,2.2962985,2.292751,2.2949657,2.29771,2.292714,2.2875755,2.2890496,2.2876897,2.2835345,2.286236,2.2857065,2.277861,2.2799263,2.2816458,2.2782817,2.2734308,2.2761798,2.2726977,2.2717943,2.2684898,2.260355,2.259664,2.2633672,2.2579138,2.252971,2.2554302,2.2472258,2.2467186,2.2440805,2.2367594,2.2389946,2.2374241,2.2449574,2.226132,2.22817,2.2219505,2.2174766,2.215745,2.2136052,2.2033572,2.208109,2.2111664,2.1877713,2.180736,2.180108,2.174167,2.1755767,2.1740856,2.1724753,2.1611962,2.1713715,2.1647406,2.1502967,2.13727,2.12719,2.1106591,2.1177387,2.1193113,2.1219614,2.110558,2.1142557,2.08586,2.090765,2.0669672,2.0645022,2.0748076,2.1146088,2.061771,2.0489814,2.0718994,2.0584927,2.021387,2.045402,2.0334516,2.0071557,2.0218687,2.0398054,2.0125442,1.9762331,1.9737678,1.980234,2.0151465,1.9632626,1.9851847,1.9611423,1.9517627,1.9617577,1.9292768,1.9102662,1.9281045,1.943467
2.303112,2.3019576,2.3032804,2.3017292,2.3005826,2.3018045,2.2999902,2.3001223,2.297965,2.2972403,2.2947583,2.293376,2.2934208,2.293548,2.2901263,2.2926097,2.2886903,2.286377,2.29129,2.2858622,2.2811646,2.2823355,2.278628,2.2793536,2.280487,2.2784297,2.269904,2.266953,2.2724643,2.2648077,2.2762756,2.2648408,2.2704692,2.259776,2.2614055,2.256359,2.2502875,2.2609856,2.2573988,2.251124,2.2572057,2.2355335,2.2365384,2.232729,2.2157812,2.2333598,2.2300124,2.2182739,2.221786,2.2164538,2.2073262,2.1977046,2.1943421,2.180306,2.2004933,2.2080073,2.183271,2.1907735,2.1780767,2.182547,2.1662998,2.1646564,2.1660256,2.1304238,2.1546717,2.14214,2.12957,2.1438248,2.112227,2.1260371,2.1181297,2.1042905,2.1239192,2.126588,2.1105237,2.0919042,2.0788658,2.0925925,2.0759916,2.0419388,2.0760465,2.0523582,2.044948,2.0524511,2.037899,2.044068,2.03202,2.047845,2.0301285,2.0194376,2.0171595,1.9844694,1.9918385,1.9798765,2.0049388,1.9701674,1.9498782,1.9695776,1.9671621,1.9678817
2.300381,2.303189,2.303294,2.3037238,2.3017395,2.3028545,2.3024273,2.300261,2.297336,2.2955823,2.297936,2.2999406,2.295459,2.2964602,2.2932997,2.2917628,2.2940354,2.2917356,2.2886748,2.2823436,2.2887423,2.2921567,2.2833796,2.2770762,2.2801661,2.285961,2.280318,2.2788463,2.2713926,2.2725935,2.2733517,2.2641873,2.2699428,2.2585537,2.2695577,2.257254,2.2641826,2.253781,2.2618115,2.2612214,2.2516236,2.2431054,2.244109,2.2299466,2.2454104,2.2586946,2.241619,2.239697,2.2435884,2.2243054,2.2278786,2.2071118,2.2229292,2.1963682,2.201978,2.1985261,2.1946135,2.1931133,2.1799905,2.1792746,2.1785536,2.182631,2.1798549,2.1571405,2.1893091,2.1803079,2.1513257,2.1411529,2.126163,2.1359143,2.144898,2.1376758,2.1247587,2.1174862,2.148107,2.1150963,2.1172776,2.0924702,2.0928597,2.0617213,2.0671737,2.0681345,2.072773,2.0874128,2.065784,2.0711875,2.0203414,2.0175612,2.030105,2.027863,1.9893272,2.0159454,2.0446577,2.0093007,1.9875109,1.9842284,1.9646208,1.9879725,1.9592037,1.9411799
2.2983747,2.3033354,2.3022513,2.3043842,2.2977486,2.2945585,2.301372,2.2987757,2.2994373,2.2912056,2.2915907,2.2965364,2.2950776,2.3021092,2.292438,2.2898135,2.2896132,2.2854443,2.2869925,2.2901785,2.2911518,2.2789047,2.2796724,2.2812524,2.2702274,2.292026,2.2714643,2.2837248,2.2734919,2.274702,2.2575643,2.265393,2.270192,2.2597032,2.2592616,2.2530146,2.2611074,2.2556145,2.250865,2.2472053,2.2431679,2.2501924,2.2445648,2.2435713,2.2280886,2.2475226,2.2326808,2.2242765,2.2254586,2.235351,2.221732,2.2182403,2.2240303,2.2298074,2.2083855,2.1984184,2.2027206,2.1898725,2.1861475,2.187418,2.1969557,2.195342,2.1700811,2.1532242,2.1714728,2.1586413,2.1389225,2.1433616,2.1586711,2.1247149,2.1272373,2.1341152,2.1344783,2.1216533,2.123765,2.1266108,2.1335483,2.1057935,2.0760984,2.0610309,2.1127543,2.094953,2.075451,2.0980842,2.0610676,2.0618124,2.0594976,2.0309315,2.0166543,2.0073547,2.0599012,1.9898703,2.0325613,2.019873,1.9658813,1.9813575,1.975268,1.982562,1.9800216,1.9752535
2.30579,2.301696,2.302246,2.303103,2.2994776,2.303501,2.2987638,2.2995384,2.2990713,2.2973933,2.3005903,2.2971988,2.295444,2.290773,2.2911425,2.2937336,2.2881572,2.290281,2.288116,2.2834933,2.2828703,2.287231,2.279184,2.2861338,2.2769723,2.2791882,2.2801695,2.2741795,2.264861,2.271655,2.2610235,2.2710462,2.257098,2.2588632,2.2652488,2.262968,2.2600396,2.2652133,2.24654,2.254218,2.256086,2.2424684,2.2452292,2.234623,2.2317595,2.2200239,2.2287748,2.2367857,2.226622,2.2185893,2.2167525,2.2085419,2.2041264,2.1962929,2.197965,2.1972067,2.1853647,2.1836038,2.1810977,2.1686058,2.1825137,2.1666954,2.1663914,2.1591456,2.1406403,2.1511555,2.1420703,2.1583147,2.151205,2.1255193,2.144022,2.1473372,2.0950117,2.0981956,2.1083884,2.0922995,2.100741,2.078051,2.091115,2.0936394,2.0721579,2.083618,2.0617547,2.055315,2.04641,2.0449066,2.0370793,2.013177,2.0232491,2.0368428,2.0101414,1.9861565,2.0039382,1.967669,1.953848,1.9604408,1.9726033,1.965771,1.9443469,1.9517989
2.3040833,2.3027883,2.3015833,2.3024356,2.3007908,2.301608,2.300868,2.298296,2.2982054,2.2996893,2.2976382,2.296239,2.2945788,2.2953012,2.295712,2.2918787,2.2905436,2.2878976,2.2870307,2.2864175,2.2898421,2.2868881,2.2822833,2.2798827,2.2879796,2.2800164,2.2826664,2.2759266,2.272677,2.273776,2.2780204,2.269534,2.2704318,2.261084,2.2727742,2.2560146,2.2642128,2.2536502,2.2575796,2.2473836,2.2444153,2.2388883,2.2591567,2.2482617,2.2612085,2.2332401,2.2444546,2.233198,2.2137527,2.2206802,2.212778,2.2172132,2.1975186,2.1919687,2.2168903,2.2031267,2.19249,2.2016456,2.2138503,2.1772978,2.1774895,2.1605225,2.1936693,2.1848211,2.156795,2.161397,2.14299,2.1592274,2.1243558,2.1285057,2.143263,2.1253176,2.1524622,2.1055756,2.0984697,2.0947754,2.1123025,2.1015644,2.1223013,2.074535,2.0873718,2.0770574,2.0638895,2.0439997,2.06342,2.0510988,2.0385332,2.0606277,2.006586,2.0134852,1.9928844,2.008965,2.01538,1.9836133,1.9859378,1.9587419,1.9646806,1.9883335,1.9793121,1.9639983
2.3043242,2.3002632,2.2985072,2.302499,2.3016038,2.2997198,2.304499,2.301221,2.295967,2.2952569,2.293926,2.2986324,2.2938087,2.2977977,2.2830465,2.2965875,2.2903852,2.2974076,2.290868,2.2849371,2.2887654,2.2787335,2.287161,2.2890491,2.2829702,2.2736473,2.2772784,2.2773862,2.2756617,2.2712421,2.2661471,2.2690415,2.2565827,2.26445,2.261791,2.2584946,2.2581613,2.2530081,2.2577794,2.2359433,2.2505503,2.2477415,2.241873,2.240397,2.2279158,2.220317,2.231155,2.2024744,2.212838,2.2141173,2.2121942,2.2078724,2.2091393,2.2066588,2.1909876,2.1795695,2.1890006,2.1915581,2.1834366,2.1776667,2.16091,2.1543767,2.1342187,2.1552162,2.144751,2.1565254,2.1320074,2.1302078,2.1401048,2.1139302,2.115947,2.1160789,2.1017168,2.0821643,2.1011689,2.0589466,2.0750275,2.1106048,2.0783107,2.0496893,2.0712779,2.0773673,2.0738554,2.0549476,2.043551,2.0351024,2.0014648,2.0138433,2.0080228,2.0113842,2.0144882,1.9985399,2.0120616,2.0144205,1.9730055,2.0034204,1.9164294,1.9725125,1.9088625,1.9562188
2.301568,2.3048413,2.3053608,2.3037193,2.3003433,2.300254,2.301374,2.2969956,2.2975295,2.2996073,2.2977395,2.2969956,2.2983603,2.2909532,2.2920723,2.2862315,2.2908425,2.285286,2.2850704,2.287619,2.285996,2.287057,2.2798977,2.2798862,2.2792714,2.2751207,2.2708514,2.272411,2.2711368,2.269048,2.2709801,2.2733064,2.271404,2.260942,2.2579377,2.2566867,2.2654107,2.2462497,2.24705,2.23848,2.2398863,2.2352571,2.234926,2.230623,2.237618,2.2366192,2.2285697,2.2100034,2.2137747,2.2230916,2.2153444,2.2237706,2.201302,2.1976867,2.1892877,2.2032337,2.1935778,2.161101,2.175115,2.1791813,2.168841,2.1828494,2.151498,2.1643696,2.1485744,2.1219094,2.1142786,2.1291602,2.134462,2.1322007,2.1140947,2.0941377,2.1078176,2.1010983,2.0787766,2.097765,2.0999033,2.0768836,2.081119,2.065917,2.0504026,2.0600152,2.060038,2.044847,2.0202804,2.0380619,2.0489733,2.025121,1.9967543,1.9778776,1.9922107,1.9789836,2.0161276,2.0080745,1.9597762,1.9753015,1.960521,1.9342349,1.9621295,1.9541968
2.3037338,2.3037076,2.302755,2.3009107,2.3008482,2.2951996,2.3007092,2.2998078,2.2985854,2.300526,2.2943769,2.293707,2.2984412,2.2925766,2.2924094,2.293736,2.2865815,2.2914655,2.285372,2.2859724,2.2862644,2.2889154,2.2834249,2.2857316,2.283525,2.2806318,2.279839,2.2706628,2.276832,2.2706428,2.2795231,2.2654085,2.2728844,2.271615,2.2655692,2.246818,2.2653253,2.2710276,2.252074,2.2415633,2.2544515,2.2590866,2.2395043,2.2507257,2.2408528,2.2319798,2.2359028,2.2066288,2.2379246,2.2324648,2.2267704,2.218831,2.2215056,2.2151968,2.1989336,2.1868043,2.196744,2.202753,2.202116,2.1823802,2.1865263,2.2011883,2.1693215,2.1700735,2.1643984,2.151841,2.158488,2.1522362,2.128775,2.1463995,2.1281388,2.116753,2.121453,2.1132004,2.1215603,2.0920682,2.1099072,2.1019585,2.0763097,2.0785947,2.074798,2.0573459,2.0811694,2.0824022,2.0403066,2.0520754,2.0353804,2.0612373,2.0607598,2.038156,1.9983518,2.0303397,2.0236518,1.9819175,1.9998107,1.9765021,2.006953,1.9535671,1.972633,2.0073383
2.3032408,2.3051505,2.3038485,2.3055208,2.3007436,2.2997706,2.3012798,2.29876,2.3009028,2.299097,2.301643,2.2988887,2.2968054,2.2944517,2.2961822,2.2927969,2.2981277,2.2918596,2.2882571,2.2913442,2.2906642,2.2868135,2.2891269,2.2861557,2.2837558,2.2804806,2.2807593,2.28017,2.2765436,2.2705016,2.2695508,2.267461,2.2670562,2.2721426,2.2594547,2.2640872,2.2664282,2.2594275,2.2604935,2.258368,2.2612247,2.2581587,2.2463846,2.2495236,2.2296758,2.2452826,2.2327538,2.2364516,2.234867,2.2333899,2.2276187,2.226797,2.2267594,2.2020016,2.2138758,2.2093503,2.206672,2.1826105,2.2063847,2.192464,2.1938648,2.1895256,2.1755118,2.1673648,2.1588778,2.1514366,2.1407647,2.1556041,2.166016,2.1458316,2.1363192,2.1490955,2.1298165,2.135798,2.1125934,2.1239352,2.0978532,2.1179142,2.0883589,2.1023984,2.0720315,2.0893438,2.0756288,2.061749,2.0628116,2.0571811,2.0709343,2.0272634,2.0419114,2.0254464,1.9912388,2.0116944,2.0136833,1.9979279,1.978363,1.9701074,1.9709737,1.9872624,2.0069618,1.9814184
2.3014405,2.3014028,2.2994645,2.3000517,2.3010788,2.3018394,2.3010426,2.2979681,2.3005786,2.2962055,2.2940989,2.3007035,2.2982857,2.2927265,2.287881,2.2888439,2.2897902,2.2892141,2.2904224,2.2862828,2.279191,2.283988,2.2807941,2.2779052,2.275787,2.2786403,2.2742395,2.2711697,2.2682736,2.2671628,2.2602115,2.2657151,2.2559118,2.258754,2.252413,2.2492087,2.2557836,2.2471607,2.2483878,2.2460423,2.2396414,2.2479775,2.2343552,2.2336152,2.239222,2.227524,2.2264633,2.1892161,2.2012138,2.2130256,2.217474,2.1973376,2.1941783,2.182385,2.1895828,2.1790552,2.1890054,2.1877909,2.1613684,2.1822977,2.1696389,2.1640928,2.1560128,2.164378,2.1543555,2.1516984,2.112692,2.1288464,2.1212082,2.1292076,2.1058226,2.121285,2.1064982,2.082711,2.0753727,2.0819106,2.0800004,2.0939996,2.0588505,2.0580635,2.0274062,2.0531387,2.0227027,2.0258317,2.037189,2.0298266,2.021655,2.0164382,2.0060716,2.0070028,2.0169818,1.9894347,2.0220203,1.969734,1.9748235,1.9717991,1.9732988,1.9459482,1.9383762,1.9703736
2.3036542,2.305034,2.3036566,2.3054214,2.3027022,2.2999887,2.2976005,2.2963724,2.2962904,2.2973611,2.2963324,2.2955701,2.2945507,2.2949204,2.2939692,2.2907295,2.2917163,2.2873776,2.2850888,2.2840576,2.2823012,2.2837794,2.2816112,2.2726274,2.2788734,2.2739768,2.2742429,2.2756295,2.2640033,2.2713656,2.2699695,2.267591,2.2613463,2.2634578,2.261397,2.2495399,2.2584853,2.253608,2.242544,2.2424817,2.245532,2.2411525,2.2446089,2.2398684,2.2384863,2.215023,2.2076526,2.216579,2.20931,2.215064,2.2084455,2.2068367,2.20281,2.1985867,2.1932592,2.1819477,2.177652,2.1776028,2.1587849,2.1704607,2.181972,2.1554375,2.1568437,2.1359646,2.1506095,2.1401258,2.1610312,2.1309717,2.1206403,2.1232364,2.1074758,2.1040857,2.1114948,2.1047752,2.0849578,2.094407,2.082738,2.0738602,2.0736952,2.0512362,2.0535538,2.0242832,2.0297391,2.0448964,2.0328588,2.031703,2.0144844,1.9957378,2.0077407,1.9698331,1.989661,1.9850733,1.9934336,1.9907966,1.9697998,1.9668897,1.9412054,1.9415271,1.9567869,1.8878142
2.3051128,2.3019533,2.3031666,2.3049097,2.3013427,2.3013563,2.3023014,2.2979865,2.297698,2.2990298,2.2956748,2.2954972,2.2918558,2.2909932,2.288136,2.2912128,2.2952628,2.287488,2.2890744,2.2870684,2.2886288,2.2827494,2.285931,2.2781353,2.275663,2.2736907,2.278224,2.2797356,2.266788,2.2692897,2.2685165,2.2656498,2.2733006,2.2640693,2.260292,2.2608545,2.2653542,2.26506,2.2590485,2.2407022,2.2427392,2.244779,2.2347548,2.2345304,2.234736,2.2416542,2.2378628,2.2214737,2.2224748,2.2122324,2.2125702,2.2019897,2.1982336,2.2085562,2.214232,2.1828606,2.1759725,2.1878376,2.1952834,2.16073,2.169386,2.1613665,2.1598713,2.1395154,2.146439,2.133474,2.1419082,2.131219,2.131329,2.129242,2.0934014,2.120839,2.0963664,2.109046,2.1181319,2.094473,2.0826716,2.074664,2.0924985,2.056839,2.0712228,2.059136,2.043983,2.045102,2.0496352,2.044501,2.0453482,2.015984,2.0204792,2.0151224,1.9977379,1.9983615,2.0084884,1.9998533,1.9748487,1.9415562,1.9607899,1.9363581,1.9585642,1.996914
2.303891,2.3029885,2.3050432,2.299697,2.3025491,2.2983198,2.300425,2.3007488,2.3014514,2.298699,2.2981198,2.2959793,2.2936082,2.2930586,2.2919817,2.2925243,2.2930574,2.2887259,2.2893753,2.2950256,2.2856221,2.2819889,2.2872324,2.2843013,2.2798152,2.2785,2.2796812,2.2757075,2.2780056,2.2735982,2.266839,2.2697568,2.2639291,2.266522,2.2714539,2.2682817,2.248538,2.2666461,2.2499387,2.2409883,2.2478127,2.251852,2.2445478,2.2365034,2.2427456,2.233554,2.229816,2.235666,2.2152076,2.2290533,2.2391925,2.225174,2.2114105,2.21277,2.2081351,2.2140818,2.1974916,2.190108,2.1904879,2.193964,2.1652806,2.1835086,2.1710775,2.1714225,2.1646109,2.1584363,2.1582909,2.155136,2.1522293,2.15103,2.1383224,2.1370213,2.1225252,2.1282845,2.1171527,2.1126566,2.0969412,2.1137424,2.0925775,2.0698953,2.1134715,2.0884047,2.056547,2.0564406,2.0628593,2.0500884,2.0469115,2.0400453,2.0250332,2.026604,2.0406098,2.0143468,2.0414758,2.0256927,1.98587,2.0036721,1.956507,1.9686658,1.9478054,1.9892025
2.3043203,2.303289,2.3010786,2.301587,2.2978728,2.2981536,2.2996264,2.2988896,2.296583,2.2956018,2.2945075,2.2933698,2.293999,2.2913795,2.2935896,2.2866166,2.2889886,2.2873325,2.2813284,2.2851424,2.2817926,2.2796152,2.2747946,2.2764368,2.2756357,2.2691288,2.279923,2.2715592,2.2635505,2.2612395,2.2502666,2.2696369,2.2574015,2.258409,2.2473028,2.2679708,2.2434325,2.2387834,2.258642,2.24928,2.2315445,2.2362442,2.230887,2.242571,2.238974,2.232458,2.2086055,2.2351582,2.2068682,2.197463,2.2028348,2.1880755,2.1895266,2.1892123,2.1969883,2.19093,2.1851523,2.1868253,2.161147,2.166698,2.1840906,2.1463344,2.156805,2.1551557,2.1484401,2.1647723,2.1035159,2.1228065,2.1136818,2.1121178,2.106109,2.1286132,2.110794,2.1063194,2.087152,2.0954812,2.070676,2.0606847,2.0625055,2.0582595,2.0682127,2.0423825,2.01933,2.0314026,2.0188937,2.0251248,2.027133,2.0005176,1.9933338,2.007502,1.9745928,1.964701,1.9782168,1.9778521,1.9963083,1.955084,1.9598444,1.9691365,1.9771987,1.9328508
2.304628,2.3061578,2.3048537,2.30199,2.2994003,2.3010511,2.301529,2.2982688,2.300621,2.2958138,2.2969608,2.297661,2.2945654,2.294418,2.2927797,2.2932415,2.2908354,2.289966,2.2901266,2.2851467,2.2874832,2.282839,2.2806008,2.2799969,2.2785149,2.2748392,2.2733762,2.2727346,2.2684999,2.2714753,2.2662547,2.26495,2.258081,2.2689898,2.2658033,2.2517974,2.2560472,2.260143,2.2488499,2.2379308,2.2434883,2.2327325,2.2387152,2.231142,2.235918,2.2233405,2.2249217,2.2218854,2.223197,2.2119412,2.214766,2.2107716,2.2020597,2.2032804,2.1863241,2.1894498,2.1842244,2.1648884,2.1880574,2.189496,2.1599507,2.1770144,2.1360233,2.1631281,2.1426003,2.1467347,2.1205816,2.1214416,2.1304634,2.1314065,2.0998702,2.1082215,2.1168575,2.0993395,2.0853717,2.074781,2.0595462,2.0718822,2.0663939,2.081685,2.0469897,2.093717,2.0732534,2.0386147,2.033033,2.0343559,2.0254047,2.023154,2.0158758,2.0092602,1.9788821,1.9884585,1.9977225,1.979644,1.9933952,1.9848486,1.9867538,1.9785296,1.9694625,1.9707918
2.3038673,2.3051662,2.2995846,2.2984095,2.301498,2.3006687,2.3002129,2.3014178,2.29851,2.2967815,2.2955525,2.2929835,2.2959485,2.2959733,2.2877316,2.287877,2.2854385,2.2882252,2.2913098,2.2860537,2.2834973,2.2816787,2.2817514,2.276431,2.28675,2.2774482,2.2733574,2.2646084,2.2758574,2.2729669,2.2669582,2.261891,2.2577856,2.276891,2.25946,2.26731,2.2583036,2.25159,2.2470055,2.257771,2.2450275,2.2383754,2.2476087,2.2414758,2.23227,2.228788,2.23493,2.2163174,2.2296271,2.2294853,2.2193804,2.2068512,2.211296,2.1992002,2.206968,2.2054663,2.1901498,2.1861167,2.178464,2.1744003,2.155466,2.1650538,2.1656775,2.170446,2.149493,2.159318,2.1602273,2.13431,2.1096199,2.1340625,2.1086874,2.0943995,2.1207814,2.0997272,2.0677295,2.0849981,2.114473,2.0951376,2.074084,2.0595543,2.0912256,2.072495,2.0464659,2.0823016,2.0060337,2.0247865,2.0440598,2.0192144,2.0233188,2.0207553,2.0069294,2.0115721,1.9759111,1.9881155,1.9932957,1.950474,1.9333463,1.9448693,1.9569288,1.9337585
2.3044639,2.3076448,2.3035269,2.301016,2.3047643,2.3007085,2.2995725,2.299027,2.2986238,2.299427,2.2956188,2.291984,2.2924142,2.290389,2.2921746,2.2949681,2.2912505,2.2883081,2.286944,2.292339,2.2869318,2.2888036,2.2846498,2.2821662,2.2810023,2.28062,2.278507,2.2759228,2.2775269,2.266561,2.2742562,2.2784598,2.2638211,2.2569757,2.2639809,2.2662237,2.2556655,2.2516665,2.2697313,2.248626,2.249957,2.246112,2.24718,2.249518,2.2439137,2.2357936,2.2161038,2.2269588,2.2280765,2.2306976,2.2125187,2.2054021,2.217105,2.2159626,2.191245,2.2085428,2.1820183,2.2113688,2.166795,2.1856987,2.1824799,2.1865456,2.1725771,2.1776762,2.1512964,2.1628995,2.1457963,2.1803157,2.1423776,2.1495209,2.1190934,2.149713,2.1210306,2.118099,2.104632,2.0815303,2.1140268,2.0873482,2.0984569,2.046805,2.0695312,2.0617294,2.037876,2.033818,2.0624673,2.0354273,2.052719,2.0456562,2.0214934,2.015534,2.0584733,1.9867506,1.9892459,1.9748919,2.0103426,1.9805264,1.966283,1.9665003,1.953634,1.9332926
2.294168,2.3030877,2.3040779,2.3021588,2.2996798,2.2995503,2.295753,2.302805,2.3021593,2.2965772,2.2930198,2.2925336,2.3004377,2.28938,2.2894218,2.2959628,2.2913394,2.292963,2.2858775,2.289122,2.2883406,2.2891698,2.2837074,2.2770624,2.2810373,2.2719994,2.282409,2.2767534,2.2736878,2.2654355,2.2719333,2.268973,2.2631962,2.2594643,2.2568433,2.2676682,2.251674,2.2567375,2.2495387,2.255208,2.238227,2.2475362,2.2432914,2.2404006,2.2391036,2.2311528,2.2303307,2.2317574,2.221927,2.218244,2.212531,2.1966057,2.2150738,2.1983693,2.2032692,2.1987286,2.198073,2.1844342,2.1839545,2.1945505,2.1728425,2.1723819,2.164758,2.1493595,2.1544821,2.138354,2.1226537,2.1448088,2.1239119,2.1175442,2.1389394,2.0955987,2.101709,2.0886226,2.1099694,2.083725,2.1065578,2.0697432,2.08946,2.0600226,2.0432904,2.0897727,2.0512373,2.030394,2.0364916,2.023077,2.0001347,2.010281,2.015356,1.9945482,2.020217,2.0001616,1.9684424,1.9526532,1.9614666,1.9367945,1.948663,1.9708978,1.9425871,1.9266226
2.3032823,2.3043118,2.3023033,2.3018014,2.300829,2.2980871,2.303829,2.2976341,2.29702,2.2939463,2.2947025,2.2944782,2.290791,2.2875688,2.2885957,2.2886186,2.2887383,2.2793672,2.290333,2.2807317,2.2923055,2.2749205,2.274409,2.282946,2.2786145,2.2783153,2.2697616,2.2751622,2.2769907,2.269441,2.269875,2.2493463,2.2618845,2.2577815,2.2562165,2.2578516,2.250618,2.241447,2.235683,2.2435668,2.2414415,2.2341125,2.2395787,2.236889,2.2135465,2.2315826,2.209226,2.2152429,2.190298,2.2173104,2.2002156,2.207249,2.19344,2.1845133,2.1915596,2.181811,2.1752136,2.1747565,2.184739,2.1550362,2.171398,2.1490598,2.1543155,2.1496952,2.1465526,2.1405501,2.1230068,2.1258492,2.0956473,2.116838,2.0984194,2.0964062,2.087699,2.1017306,2.088616,2.0716147,2.0828576,2.088408,2.0411243,2.0466475,2.067477,2.0456798,2.0230563,2.0370522,2.0278106,2.040902,2.034234,1.9936262,1.9907442,1.9749883,2.00103,1.9846296,1.9363692,1.9995518,1.9727377,1.972193,1.9608842,1.9571372,1.960111,1.9535521
2.3044796,2.3031454,2.2997074,2.3046622,2.3010244,2.303924,2.3012402,2.304916,2.302599,2.2983468,2.2963781,2.2981431,2.2952564,2.2957003,2.2951505,2.2976935,2.290794,2.2897582,2.2961724,2.2924712,2.2914672,2.2911515,2.2898753,2.2897103,2.289266,2.2911947,2.2889674,2.2779317,2.2787242,2.280445,2.2781363,2.2790768,2.2789536,2.2789378,2.2700438,2.2776814,2.2686691,2.2673507,2.261242,2.2685318,2.2691727,2.2599106,2.2495346,2.25742,2.2552638,2.2561069,2.2499032,2.248776,2.2471404,2.2404282,2.2282367,2.2404602,2.2274332,2.2241347,2.218492,2.2262683,2.2123675,2.2081256,2.2092533,2.1978643,2.2127955,2.199288,2.2009091,2.1935396,2.1890168,2.170558,2.1703427,2.1687477,2.160889,2.1693783,2.16825,2.1489782,2.1512647,2.1415591,2.1503694,2.146481,2.1125453,2.1303575,2.114837,2.1065116,2.1030455,2.0875134,2.099919,2.096002,2.0991373,2.0938945,2.075552,2.0566084,2.075427,2.0512311,2.0732846,2.0481987,2.0571215,2.0289617,2.0319443,2.0510807,1.9737527,2.0218668,2.04393,1.9906868
