# optimizer: L2L, problem: mnist
2.306415,2.30686,2.3058484,2.3046913,2.2944865,2.303211,2.3013515,2.292164,2.2999215,2.2542818,2.3140054,2.2799058,2.2881997,2.2952483,2.3100727,2.309434,2.301092,2.2839928,2.2511415,2.272287,2.271528,2.271512,2.2394714,2.2468982,2.2784872,2.2450924,2.2273386,2.2365098,2.2298326,2.2183566,2.2585053,2.231167,2.1835582,2.1864188,2.1808562,2.2047331,2.1491718,2.232963,2.1443396,2.1420276,2.134004,2.1545753,2.075752,2.03345,2.1139035,1.9603286,2.0363302,2.0578544,1.9981964,2.003613,1.9523555,1.9317722,2.0317414,1.9342475,1.8584373,2.037068,1.9766768,1.9654018,1.900006,1.9231362,1.8757389,1.8830361,1.8508224,1.9339987,1.8854678,1.8572075,1.755504,1.7183077,1.7985698,1.7057774,1.730443,1.6684029,1.7464702,1.8223242,1.660188,1.7590146,1.7283422,1.7304943,1.6880195,1.5899335,1.6159443,1.6968913,1.5536642,1.6880622,1.5613365,1.6193533,1.5524628,1.6040547,1.5685623,1.5318083,1.5063324,1.5886713,1.5491374,1.4776587,1.5228863,1.5263891,1.4378779,1.408879,1.4396619,1.4189527
2.2960267,2.311153,2.3005216,2.2971427,2.3114014,2.2906265,2.3061934,2.3074346,2.2882347,2.2983356,2.293992,2.2927606,2.3007212,2.2820845,2.287744,2.288902,2.2983115,2.2699966,2.273017,2.2767472,2.2786555,2.285731,2.2665358,2.277822,2.26222,2.2296314,2.2532525,2.1887507,2.220803,2.2213416,2.1673954,2.244283,2.1590743,2.1602273,2.111341,2.177126,2.1780956,2.1696064,2.0728786,2.0311508,2.0793352,2.080517,2.1190386,2.0520463,2.053275,1.9821358,1.9819875,1.9865959,1.955343,1.9653951,1.9882478,1.9668119,1.9556861,1.9558697,1.9311084,1.9135125,1.8550303,1.7790987,1.9043144,1.8561623,1.8357569,1.7816955,1.8920696,1.765454,1.8993311,1.8164535,1.675144,1.7863649,1.7984949,1.8233318,1.8069186,1.76271,1.6970569,1.663496,1.7248514,1.657089,1.7038913,1.7127167,1.7552454,1.588028,1.7146189,1.5652424,1.6090016,1.5889211,1.5652349,1.5693904,1.5655831,1.514985,1.6107229,1.5734966,1.5551788,1.4559925,1.4617074,1.5955586,1.4431608,1.536601,1.5968399,1.5423036,1.4577903,1.4087989
2.3004081,2.3061328,2.3096395,2.2885666,2.29709,2.3069084,2.3019454,2.2888424,2.2963278,2.309154,2.3002927,2.2986217,2.2903857,2.2961414,2.2945495,2.290967,2.2778888,2.272407,2.2981067,2.270076,2.2714698,2.2737355,2.256137,2.2661028,2.2242393,2.2457757,2.2501795,2.2199297,2.1818266,2.2617798,2.1788545,2.2291424,2.137609,2.1980343,2.1585565,2.1684833,2.1456366,2.1810684,2.10561,2.1690402,2.0722084,2.1050816,2.0555217,2.0356956,1.9723338,1.9861571,2.003304,1.9988668,1.9879918,2.0359766,1.8658197,1.9626794,2.0080352,1.9219034,1.9130855,1.9775985,1.8660452,1.8879333,1.9258094,1.9018836,1.823969,1.8257725,1.8313937,1.884928,1.8364446,1.7982091,1.8894651,1.8372024,1.768396,1.8982555,1.7754124,1.7008227,1.6043453,1.6976594,1.5861764,1.6585468,1.6791506,1.4874994,1.6653907,1.6692854,1.6600378,1.5640101,1.6029012,1.5664554,1.5494571,1.5310166,1.4724863,1.5284905,1.5432441,1.5248389,1.564643,1.4465027,1.5506539,1.4859703,1.5132582,1.416019,1.4201603,1.4517653,1.3711593,1.4280608
2.3010201,2.323341,2.2927756,2.294221,2.3037028,2.2884078,2.2951405,2.3140507,2.2887616,2.2897682,2.2789493,2.3032227,2.2714818,2.279767,2.2824955,2.306041,2.272125,2.2411103,2.2728958,2.2708302,2.2718587,2.2541142,2.2616467,2.2168276,2.2556238,2.2388852,2.230338,2.226709,2.145485,2.2333453,2.1836004,2.1970499,2.1889348,2.095025,2.1699622,2.1029577,2.190342,2.1276162,2.0712743,2.106557,2.1423824,2.176167,2.0938263,1.9870011,1.9957314,2.0669994,2.051119,2.029264,2.044206,2.1032634,2.0453463,2.0179067,2.0457873,1.9497342,1.9364195,1.968417,1.9610095,1.8631883,1.8839808,1.9332148,1.8543329,1.8250415,1.8708241,1.8947511,1.84312,1.81927,1.77414,1.8205509,1.8160872,1.8435377,1.796908,1.7225096,1.7558587,1.6773479,1.8170148,1.713212,1.6634014,1.8020835,1.7225713,1.6743934,1.673511,1.7909706,1.6473472,1.5820484,1.6414475,1.627152,1.5410554,1.5192034,1.6399561,1.5326765,1.6368431,1.5743592,1.4455147,1.5008348,1.527164,1.4959221,1.4296985,1.4509119,1.5160416,1.3751626
2.3080204,2.3054776,2.302081,2.3180578,2.2976837,2.3042793,2.294777,2.307196,2.3045294,2.294722,2.2988229,2.2874584,2.2961948,2.2958522,2.2992353,2.3001075,2.2867098,2.2568169,2.289692,2.2915828,2.269856,2.2790446,2.2878273,2.2583332,2.2614279,2.2386847,2.273192,2.2337484,2.2586706,2.2045302,2.2444034,2.2213001,2.2279902,2.1789749,2.1993814,2.197065,2.1927788,2.1856942,2.1632457,2.1066775,2.0561767,2.127427,2.124221,2.0645132,2.063978,1.9680314,2.0078223,2.0461817,2.0131953,1.9577404,1.9092282,1.968389,1.8929763,1.8887608,1.9056475,1.8405128,1.828272,1.8251995,1.8248578,1.8432097,1.8227551,1.7485981,1.7334079,1.6536767,1.6786664,1.636036,1.6144044,1.6598604,1.5543369,1.5383401,1.6017476,1.6502516,1.568121,1.5714657,1.462318,1.5430839,1.5155336,1.4453516,1.456467,1.450685,1.451235,1.4491531,1.5023034,1.3441546,1.3164802,1.4323516,1.3472745,1.3519356,1.4079163,1.3844914,1.2850443,1.4299133,1.3272319,1.2651911,1.2943357,1.2699711,1.2893691,1.2255179,1.4061002,1.2573729
2.2960217,2.3124123,2.307643,2.298294,2.3184304,2.3174133,2.288824,2.2947755,2.3070512,2.3097274,2.2995508,2.289435,2.2741098,2.28686,2.269575,2.3003492,2.2671134,2.27918,2.271804,2.2732406,2.2789054,2.2572365,2.2535338,2.243168,2.255019,2.2491682,2.2680266,2.2027307,2.217728,2.2443206,2.2013488,2.203102,2.1594052,2.1955252,2.160862,2.1290991,2.1460288,2.198367,2.177759,2.1470208,2.129141,2.1266522,2.1430428,2.1289823,2.0826075,2.069421,2.0632262,2.131866,2.0114465,2.0921404,2.0547447,2.0232234,2.0215042,1.99733,1.9911935,1.8988831,1.9685705,2.0052376,2.0109158,2.0073261,1.9219451,1.9182975,1.8998739,1.9064909,1.8873903,1.9301293,1.8076003,1.8675561,1.8461304,1.8714857,1.7547959,1.7844453,1.8578243,1.8407823,1.6648803,1.7864642,1.7829447,1.6794219,1.6358126,1.6230755,1.6709785,1.6685822,1.5784119,1.7268445,1.7147641,1.603183,1.6650262,1.5725291,1.5440291,1.5584363,1.5192113,1.4886969,1.5992423,1.5519811,1.5542715,1.5735724,1.4449028,1.5318952,1.461682,1.4926033
2.3083282,2.3044147,2.3051696,2.2996612,2.305869,2.2898223,2.2941508,2.3097336,2.3083174,2.2859688,2.2962284,2.2877417,2.297251,2.302557,2.283567,2.2984521,2.2798061,2.2653532,2.2753558,2.2691405,2.2870235,2.2741013,2.2676337,2.2434845,2.3004675,2.2601216,2.2361388,2.2442508,2.2371325,2.2170477,2.2306345,2.2259357,2.1943672,2.1564488,2.215094,2.2083044,2.1840544,2.1115298,2.0983496,2.1811347,2.1828742,2.0910017,2.1572928,2.1239629,2.0596094,2.0959039,2.0399113,2.0092325,2.1108165,2.113928,1.9929352,2.0213997,1.9668417,2.006768,1.8457811,1.9638991,2.004777,1.8711274,2.0063329,1.7716261,1.9604304,1.892964,1.8791395,1.8780704,1.8767099,1.8702058,1.7664711,1.934231,1.9495451,1.7759516,1.8244505,1.7531081,1.816852,1.6527858,1.7121458,1.7615513,1.7277763,1.6702447,1.6766452,1.7430016,1.6814458,1.5745018,1.6178483,1.6740842,1.6674167,1.6688367,1.5512865,1.5636735,1.6243082,1.6751193,1.6597954,1.5699975,1.5591533,1.5753002,1.5963318,1.6098925,1.5613077,1.5744078,1.5368279,1.559777
2.2976031,2.3113232,2.300907,2.301089,2.3082938,2.2998564,2.310685,2.3000064,2.2775903,2.3029833,2.2941916,2.2901497,2.2760677,2.2901096,2.291013,2.286042,2.3046942,2.2932038,2.2805824,2.2781363,2.2686472,2.2679243,2.2473063,2.2508478,2.2401712,2.269987,2.2332883,2.2459316,2.1987386,2.2140555,2.2217026,2.2366529,2.1840012,2.1891885,2.184962,2.1815882,2.180565,2.1691015,2.1123466,2.1425498,2.0755336,2.1424153,2.047065,2.066175,2.1118736,2.057941,2.0297337,2.0672436,2.046432,1.9408735,2.0097785,1.9205129,1.9923254,2.0328119,1.9895866,1.9412944,1.949866,1.9617479,1.8953865,1.9054374,1.9146967,1.8962746,1.8844633,1.9238278,1.8800837,1.799376,1.8751225,1.8751851,1.8355845,1.8338954,1.7711192,1.7540342,1.6391982,1.8198421,1.7858707,1.80305,1.7669315,1.7273769,1.6968973,1.8005631,1.7022868,1.7011669,1.6555583,1.5813389,1.7609304,1.6911123,1.6628444,1.6324786,1.6402633,1.6511004,1.5900567,1.5828209,1.5611553,1.6256236,1.5780995,1.54929,1.6072237,1.5502272,1.5711641,1.7524294
2.3019593,2.3002453,2.301257,2.298646,2.3008585,2.303389,2.2990305,2.298933,2.2990994,2.3038955,2.277596,2.299523,2.2786,2.2423277,2.3192816,2.289537,2.2881098,2.2849376,2.2623334,2.2676053,2.2806277,2.2444203,2.2619538,2.2417824,2.238134,2.2786841,2.272283,2.2060072,2.2369857,2.2089052,2.262472,2.1917746,2.206964,2.228179,2.1809278,2.244951,2.1688378,2.1663792,2.1034894,2.1203299,2.1769726,2.141758,2.0823944,2.1364105,2.1374648,2.105096,2.0804746,2.0326967,2.159924,2.0497208,1.9632757,2.0666783,1.9293059,2.04573,2.059375,2.019966,1.9775271,1.9336163,2.1056786,1.9195395,1.7682204,1.9861728,2.0477505,1.8693254,1.910249,1.8896317,1.8696823,1.8955735,1.8130776,1.9064065,1.8791509,1.7859607,1.8876657,1.700346,1.8639991,1.7734947,1.6977473,1.743603,1.7200038,1.6619339,1.7216198,1.6463213,1.6841999,1.6387662,1.7964911,1.622178,1.6320357,1.5621532,1.6040242,1.6617935,1.5307059,1.6500388,1.4576434,1.5288788,1.5045841,1.320664,1.5193601,1.4504625,1.544301,1.4303831
2.3068786,2.3016744,2.3014462,2.310649,2.3014073,2.2983165,2.3023195,2.2858512,2.2889175,2.302421,2.297959,2.3134365,2.2913828,2.297132,2.2646704,2.2747226,2.280838,2.2774143,2.2742853,2.271009,2.247921,2.2278528,2.2549891,2.268612,2.271873,2.2251744,2.255476,2.253723,2.2605345,2.1821382,2.160505,2.250052,2.1616812,2.2402706,2.1961727,2.166232,2.1523075,2.1536484,2.1323817,2.1883922,2.1618834,2.1705837,2.1167908,2.0830173,2.0278175,2.0649443,2.0934896,2.0692215,2.0560794,2.0856166,2.0846367,2.0504608,1.9408741,1.9561948,1.9600589,2.0554786,1.9069203,1.9586816,1.8829148,1.9902027,1.9300241,1.7662851,1.9575769,1.8407766,1.9069592,1.9365634,1.8853098,1.8454566,1.8032641,1.7946799,1.7801843,1.7640628,1.7840521,1.7537572,1.6977211,1.640669,1.6944971,1.7840111,1.6948414,1.6018633,1.6067615,1.5686295,1.5755572,1.6631489,1.5584584,1.5173906,1.5950634,1.5595894,1.5291208,1.5616444,1.5169275,1.5093492,1.5065334,1.4644929,1.5020962,1.4994092,1.534831,1.4936686,1.5153708,1.5189745
2.2988744,2.3101406,2.3040845,2.3020067,2.312278,2.3053694,2.2967486,2.3184526,2.3024516,2.2991357,2.2988284,2.2883284,2.3024116,2.3057323,2.2968316,2.2883325,2.3075256,2.2735405,2.300745,2.286683,2.2803469,2.2801769,2.2877235,2.2685094,2.2657819,2.2499323,2.2693224,2.2704701,2.2302313,2.1981885,2.2282708,2.181883,2.2102969,2.2093005,2.1812553,2.143497,2.1731553,2.1306434,2.1385458,2.0898116,2.094442,2.123634,2.1398578,2.1097698,2.0015788,2.0106237,2.049478,1.9664557,1.971787,1.9933239,1.9852139,1.9761522,1.9798992,1.9288528,1.9628738,1.8736312,1.7726532,1.8948238,1.832831,1.8662889,1.755498,1.858952,1.8219837,1.7426847,1.8256297,1.6712108,1.7418797,1.6968908,1.7881994,1.6887668,1.7302341,1.702189,1.5822511,1.6531119,1.5969495,1.6479716,1.672961,1.5440749,1.4991022,1.6330822,1.4864669,1.6236671,1.5131191,1.6289201,1.4985623,1.5281575,1.5430514,1.529639,1.5187259,1.4643362,1.3920476,1.4787682,1.4277353,1.4996736,1.3551667,1.2882729,1.4438229,1.3002119,1.3636451,1.4166003
2.2972984,2.3098488,2.2961698,2.2966125,2.3022113,2.301175,2.2989328,2.3003187,2.2948222,2.3062332,2.2885299,2.276775,2.2823954,2.2825036,2.2980306,2.297091,2.2758837,2.2814882,2.2623854,2.277626,2.2782521,2.289505,2.258426,2.2901406,2.2136817,2.2570012,2.2354307,2.1965137,2.213329,2.2201953,2.2145555,2.2091947,2.1698775,2.1969233,2.199273,2.1029594,2.1652107,2.1605287,2.121405,2.0829413,2.0990722,2.0680683,2.0955868,2.0293727,2.077115,2.0335028,1.9769754,1.9578681,2.0487747,1.9512287,1.9696862,1.9096918,1.9819748,1.9213195,1.9837539,1.918033,1.9348674,1.9145364,1.9053352,1.9298763,1.8695619,1.8434675,1.7274463,1.8231077,1.6899626,1.7641306,1.791069,1.775249,1.7111791,1.6631371,1.7756622,1.7642741,1.6709502,1.7269642,1.6830769,1.7082342,1.5994232,1.6301963,1.6043947,1.6626475,1.6229963,1.5886148,1.7013397,1.517887,1.5269098,1.5938966,1.5100577,1.4376733,1.5516229,1.4209853,1.4338968,1.443506,1.5066833,1.5255136,1.4901931,1.3723483,1.4131238,1.4564662,1.3693113,1.319936
2.2957706,2.298757,2.3019443,2.2985659,2.2985065,2.2917757,2.309583,2.293117,2.3059487,2.293058,2.2849307,2.2993288,2.2904997,2.2745304,2.307352,2.2865558,2.2562077,2.2487364,2.2559972,2.2706516,2.2656796,2.2713633,2.2253234,2.2564223,2.2570324,2.2700005,2.2302604,2.2041197,2.2341866,2.2177887,2.1775799,2.1428409,2.2149327,2.1723428,2.1612053,2.1884542,2.2233572,2.1711776,2.089505,2.1447237,2.053228,2.1446912,2.1434612,2.211619,2.2135596,2.0587993,2.031441,2.0917287,2.0292716,2.0533442,1.9810058,1.9651072,1.9892725,2.0441089,1.9944263,1.9610343,1.9443617,1.8901448,1.8939922,2.0112753,1.9389238,1.81217,1.956985,2.0322466,1.9676495,1.9358313,1.8919941,2.037531,1.8075671,1.7873311,1.9008899,1.848917,1.7984873,1.8860741,1.8829918,1.9307514,1.7729068,1.7973938,1.6650937,1.835026,1.8215297,1.8040223,1.8509125,1.7591469,1.7568735,1.7271895,1.7089124,1.7197472,1.6778811,1.7462574,1.8493152,1.7424417,1.8066883,1.6731153,1.7093885,1.7190615,1.7634238,1.7157081,1.6137531,1.6404263
2.304424,2.3014903,2.303041,2.2917557,2.3205132,2.3211343,2.3055377,2.3165236,2.2846332,2.309535,2.298361,2.2979915,2.2872217,2.297311,2.298201,2.2925153,2.2895732,2.283828,2.2911968,2.28216,2.2663097,2.276682,2.287068,2.2920136,2.2765658,2.2668636,2.2577648,2.211176,2.219329,2.240457,2.2537794,2.2269201,2.2281015,2.2110481,2.2424164,2.1859965,2.1614168,2.1903205,2.147835,2.1224272,2.1913605,2.174814,2.1469605,2.0759392,2.1776812,2.2097502,2.0961518,2.0511713,2.047153,2.0989215,2.0907302,2.0640092,2.0528693,2.0436912,2.0528822,1.9704154,1.9282665,1.9823914,1.9960405,1.8721505,1.9485416,1.884166,1.8373531,1.9920148,1.8671387,1.921097,1.8100982,1.9039495,1.8304362,1.8578839,1.8629652,1.7790034,1.7957499,1.7861341,1.7376509,1.8095332,1.7040867,1.6909088,1.7033539,1.6808481,1.6487484,1.6577716,1.6138856,1.653862,1.6436663,1.5742599,1.5667951,1.5434437,1.5325255,1.6246881,1.7062306,1.6484735,1.4946337,1.493047,1.582804,1.6666527,1.557018,1.5381215,1.5226309,1.5970877
2.320654,2.306154,2.2989829,2.3167486,2.2938905,2.292919,2.2965655,2.305047,2.3174472,2.305394,2.309728,2.3041549,2.2804666,2.2818677,2.2932792,2.2904143,2.2755504,2.281993,2.276169,2.2837477,2.2888064,2.2661667,2.24799,2.2749557,2.2463164,2.2722087,2.2523487,2.236309,2.2141595,2.2577698,2.22844,2.249978,2.2305255,2.2114692,2.2247715,2.218767,2.1795511,2.2012122,2.104311,2.1627169,2.1442447,2.1299107,2.1178052,2.1086311,2.069717,2.0720062,2.14112,2.0730803,2.01028,2.0689523,2.0519001,2.0894208,1.8871732,2.0172844,2.0184135,1.999997,2.051633,1.9178344,1.9213299,1.9411426,1.8741807,1.8908303,1.8882129,1.8968949,1.8887092,1.8287272,1.8390708,1.8039265,1.8702104,1.772782,1.7170396,1.7981527,1.7701168,1.7598628,1.8686132,1.7610002,1.7876878,1.7097449,1.8108567,1.783536,1.6156621,1.7313275,1.7527153,1.6695504,1.62275,1.7814087,1.5662267,1.657649,1.6834836,1.46973,1.7118583,1.601007,1.694952,1.5288322,1.6320987,1.649726,1.5126023,1.582515,1.5525672,1.4230331
2.3017035,2.303818,2.3030462,2.2990718,2.2978148,2.3045695,2.3036501,2.2940412,2.2942252,2.313437,2.3031464,2.2971683,2.2929072,2.2967377,2.2739334,2.2823617,2.2721279,2.2794213,2.296136,2.2720685,2.3018572,2.2841556,2.262876,2.260467,2.2307444,2.2529469,2.254198,2.2309587,2.2667825,2.2188835,2.2062225,2.2325494,2.203198,2.236659,2.186454,2.188305,2.1975455,2.197569,2.144862,2.1346009,2.178414,2.046804,2.1088843,2.131172,2.1327245,2.1052148,2.1426945,2.1034186,2.043633,2.0859106,2.0148735,1.9958628,2.1202354,2.0176394,1.9898746,1.9710928,1.9519224,1.9336104,1.9630997,1.8750887,1.9246194,1.9593447,1.935779,1.8987862,1.901523,1.9187381,1.9152918,1.9857402,1.8970704,1.7770424,1.839895,1.7972589,1.7743123,1.8016427,1.7625561,1.78302,1.7949568,1.7584107,1.77425,1.6703182,1.759306,1.7639655,1.7073498,1.548033,1.6011817,1.7116503,1.7109554,1.7399893,1.5832961,1.6732484,1.5900362,1.5394113,1.6006086,1.6072767,1.6331319,1.544215,1.587955,1.4562602,1.576385,1.5957187
2.3174736,2.3038409,2.3041675,2.2989554,2.2937841,2.294332,2.3037434,2.3083,2.2919521,2.2906065,2.285554,2.3052297,2.2945018,2.288141,2.2869716,2.2803779,2.2502048,2.254948,2.2728026,2.2415004,2.269759,2.2366288,2.2531233,2.2228727,2.2443976,2.2238622,2.2399518,2.2200778,2.2025018,2.2181082,2.2432249,2.2129865,2.2071924,2.2044773,2.246533,2.1869318,2.166975,2.1477153,2.1855412,2.165689,2.143701,2.131713,2.0945976,2.088353,2.0925112,1.9912053,2.0963807,2.0831938,1.9607683,2.0410678,2.0911744,2.035521,2.030941,1.9518015,1.936981,1.9714727,1.9561749,1.9544641,1.9736679,1.9259653,1.9201896,1.9282163,1.839634,1.9369507,1.8304552,1.8646235,1.8123039,1.7797054,1.7073898,1.7430732,1.7511022,1.8078849,1.6812392,1.7256474,1.6803598,1.7906243,1.7497617,1.7277534,1.7117468,1.6850874,1.6444923,1.631564,1.720426,1.7124653,1.6352383,1.6526668,1.6714355,1.6560783,1.6293117,1.7425985,1.5965677,1.6665212,1.6520321,1.5565308,1.6272998,1.5264304,1.5101321,1.5397121,1.5159681,1.62361
2.316247,2.3028214,2.3204746,2.3065774,2.302105,2.2859333,2.2945883,2.290797,2.295399,2.3090377,2.2891216,2.287348,2.2879214,2.2861047,2.2839706,2.3100111,2.2968206,2.2533526,2.2710257,2.2818766,2.2544107,2.2661583,2.2979693,2.23243,2.2555892,2.22543,2.2568846,2.2349727,2.2172344,2.2256188,2.1943412,2.1484337,2.238011,2.1131573,2.275847,2.1747785,2.108666,2.1489453,2.1352131,2.0925994,2.177174,2.1341145,2.0185657,2.090527,2.0669992,1.9936914,2.041841,2.1590848,2.0573697,2.0008764,2.0306149,2.0249114,1.98178,2.0342968,1.9390888,1.9857143,1.9020871,1.9095414,1.8353946,1.9734502,1.9049566,1.8608632,1.8769202,1.9359921,1.8219953,1.8451103,1.831086,1.826295,1.8493547,1.8076365,1.8016266,1.8419154,1.77107,1.7905848,1.6952097,1.7618016,1.749531,1.7806008,1.7520258,1.662296,1.6603501,1.6531253,1.7471467,1.6220899,1.6654927,1.6375512,1.6641414,1.6381944,1.6724606,1.5730412,1.545138,1.6043074,1.583761,1.52005,1.5361505,1.492974,1.5197295,1.4894192,1.5861802,1.5242791
2.3001552,2.2988105,2.2995377,2.3091369,2.2986236,2.3060536,2.2958052,2.3085196,2.2975883,2.3080435,2.3367834,2.297538,2.2869604,2.303423,2.2942004,2.2639043,2.285009,2.2649446,2.254436,2.2904367,2.2467737,2.3037286,2.2546186,2.2674952,2.205821,2.2578835,2.2426543,2.2592833,2.2396119,2.235739,2.2414942,2.1392717,2.1590185,2.2082758,2.2365851,2.1885765,2.1249192,2.1646805,2.1421466,2.1495523,2.0952673,2.1375375,2.0449073,2.0826466,2.092035,2.0426736,2.0180683,2.078916,2.038662,1.9640974,1.9917436,1.9311652,2.051414,1.9988443,2.011301,1.932825,1.976142,1.9168981,1.9797752,1.9291477,1.9510968,1.8026844,1.9132717,1.8504016,1.9286041,1.822048,1.8190856,1.7337807,1.7538362,1.7473015,1.7375609,1.7686632,1.8026092,1.745345,1.6834104,1.8304446,1.6850826,1.7645528,1.575066,1.6468056,1.6018107,1.7315294,1.6776949,1.5884736,1.5215102,1.6003144,1.6632408,1.6304948,1.5572646,1.6002412,1.5367527,1.5595994,1.5281651,1.6365455,1.4787284,1.3839989,1.6331557,1.4749768,1.5475104,1.5235131
2.3165247,2.3015218,2.2982414,2.2927275,2.292155,2.312757,2.3031597,2.3048124,2.2888608,2.315003,2.292583,2.3050275,2.2924778,2.2992854,2.2915812,2.2795615,2.280168,2.2874546,2.2621298,2.251438,2.2966833,2.2766216,2.2470474,2.2514946,2.262894,2.2430577,2.1688964,2.214314,2.1998448,2.1988442,2.2333884,2.1755233,2.2266815,2.2261372,2.1831908,2.1840305,2.1348202,2.110043,2.1769876,2.1783822,2.2570739,2.215835,2.1727173,2.082674,2.1448936,2.0631514,2.141595,1.9766891,2.1214993,2.1031077,2.0516865,2.0972428,2.151927,2.0831795,2.08116,2.0736885,2.0141,1.9744303,2.0723925,1.9884791,1.9406401,1.9737576,2.010672,2.0517173,2.0590453,2.0258284,1.9045864,1.9776418,1.9290472,1.9727452,1.9587477,1.9207524,1.8882453,1.9155645,1.9313105,1.9245179,1.9668381,1.8645443,1.8999796,1.8728848,1.8940535,1.820501,1.8757939,1.8138099,1.8510972,1.8599131,1.8278954,1.8923705,1.8005785,1.7713649,1.7636251,1.7075001,1.6804208,1.7787089,1.7859665,1.8249213,1.8047557,1.7610066,1.7456962,1.7902346
2.3056133,2.300593,2.3123484,2.3068228,2.2939034,2.313773,2.3005123,2.2923257,2.2969406,2.2890415,2.2924662,2.2808037,2.2840886,2.2771394,2.3035612,2.2646396,2.301757,2.2674696,2.262814,2.258584,2.2829602,2.2757912,2.2554588,2.2436354,2.2388155,2.2435331,2.219528,2.2000785,2.2450054,2.1945324,2.1961732,2.2115264,2.2158635,2.2158823,2.161813,2.1576495,2.1555314,2.1763642,2.1535492,2.1172,2.144055,2.1073823,2.1255012,2.048917,2.1189713,1.9520371,2.1027877,2.0749927,2.0811844,1.9675224,1.9806385,1.934433,1.979295,1.9555955,1.9840679,1.9964521,2.004806,1.9269782,1.8867807,1.8449115,1.9371324,1.847696,1.8002931,1.7810061,1.7420993,1.8702059,1.85,1.7971061,1.7260668,1.7259966,1.8899691,1.8521062,1.7096629,1.7043612,1.7033784,1.6331724,1.6176009,1.6318938,1.711732,1.6798515,1.6854854,1.7191331,1.7413819,1.6277419,1.667844,1.5853328,1.6626889,1.535742,1.5805912,1.6047349,1.59253,1.5319344,1.5655926,1.4967868,1.548884,1.5265452,1.4592668,1.5722287,1.524374,1.4404206
2.3042972,2.310819,2.3086207,2.31457,2.3003936,2.323491,2.2907667,2.2945955,2.3116055,2.302102,2.2909718,2.2959514,2.3035455,2.2834287,2.2601805,2.2624087,2.2892513,2.2948852,2.260421,2.27787,2.2701724,2.2357433,2.260981,2.2494965,2.2667172,2.246876,2.2538433,2.1740072,2.2263083,2.2065582,2.1914759,2.1608355,2.1450474,2.099998,2.1287441,2.119085,2.0750241,2.1329737,2.1050167,1.9907117,2.099938,2.143621,2.0675,2.0546129,2.0316696,1.9803993,2.037555,2.0594497,2.0680141,1.925777,1.9819767,2.0592365,1.9874418,1.9969176,2.0642376,1.9637444,1.9209199,1.9508046,1.8750288,1.9031547,1.896239,1.8926101,1.8289903,1.8136263,1.8116319,1.8593516,1.8927863,1.770516,1.7828938,1.7824559,1.876864,1.7697219,1.7801038,1.660357,1.6682082,1.7417265,1.8076742,1.784383,1.7410858,1.7510971,1.6310525,1.7654487,1.6916304,1.6693676,1.5849131,1.6515918,1.6222506,1.5404545,1.6846021,1.6645699,1.5617027,1.600008,1.5610449,1.4167099,1.6931059,1.4943537,1.625938,1.6217561,1.6624861,1.5422516
2.304935,2.2979748,2.3018222,2.2939243,2.2810807,2.2942667,2.3016315,2.3063793,2.2965899,2.2970557,2.3016815,2.2997203,2.2888918,2.2912405,2.301622,2.2955284,2.29608,2.2893348,2.2907557,2.2852983,2.2849815,2.2692106,2.2757316,2.2765799,2.2835174,2.2732723,2.2541046,2.2275026,2.2444825,2.2097678,2.234649,2.2509375,2.2346938,2.2191691,2.212886,2.176493,2.1835656,2.2001538,2.1733322,2.156447,2.1620808,2.1872067,2.1537704,2.0792873,2.023024,2.1297143,2.110487,2.0313067,2.0968437,2.0720773,2.0112014,1.9919424,2.113603,2.0388827,1.966142,1.981072,1.9637256,1.993788,1.9107952,1.9607135,1.8863583,1.8865023,1.8706849,1.8600281,1.8614569,1.8108025,1.719484,1.710882,1.797467,1.7229216,1.746535,1.6931809,1.7665627,1.7197142,1.6573881,1.631613,1.6756346,1.6238399,1.7081004,1.6014593,1.5723615,1.641561,1.5896268,1.5126915,1.5538068,1.5633013,1.5094368,1.6317155,1.553311,1.4333943,1.5826633,1.4254476,1.4624169,1.3940182,1.4716307,1.4201479,1.3346301,1.4002528,1.4631135,1.3721937
2.29725,2.3081036,2.306507,2.301712,2.300869,2.2965431,2.3106341,2.3036406,2.2939801,2.2975197,2.2972035,2.2855535,2.290793,2.30268,2.275419,2.288481,2.2792883,2.2852256,2.2827063,2.2744913,2.2595882,2.2693398,2.2757802,2.214564,2.256027,2.2659981,2.2119634,2.221607,2.195846,2.238059,2.2252421,2.234161,2.2130787,2.2251747,2.2045689,2.1325827,2.1371646,2.2027287,2.1500244,2.19154,2.1702366,2.023199,2.1532617,2.1501727,2.0942252,2.0535872,2.0708039,1.9851031,2.1286309,2.03812,1.9645417,1.924087,1.9517047,2.064925,1.9536842,1.896246,1.8539121,1.8878868,1.9107797,1.8230343,1.8128444,1.902019,1.8631506,1.8152312,1.7921102,1.8734138,1.7026713,1.7357223,1.8529497,1.835454,1.6214234,1.709646,1.6669939,1.7003547,1.6989543,1.6718675,1.7337873,1.6077734,1.6483033,1.6605585,1.6571395,1.4835113,1.5226946,1.5839806,1.5730116,1.5062873,1.5932586,1.5762708,1.5575626,1.5234853,1.4682164,1.4673333,1.5044384,1.4791403,1.4616239,1.4464111,1.4330833,1.4671055,1.4247662,1.5061284
2.3002677,2.3015444,2.3114955,2.3039694,2.3029623,2.3080952,2.3060658,2.3102422,2.2947416,2.3114336,2.3035765,2.2924733,2.2814608,2.2905388,2.2917376,2.300009,2.2896686,2.263855,2.2970648,2.2702456,2.2702713,2.2789123,2.264776,2.2448182,2.2537622,2.240346,2.2233083,2.230441,2.2606392,2.2364151,2.237938,2.2468781,2.202962,2.1876025,2.1802216,2.1683645,2.1620035,2.200729,2.1753106,2.2040403,2.1725101,2.068337,1.9916914,2.0393002,2.1076388,2.0097976,2.002606,2.0779989,2.0510345,2.1296246,2.0059857,2.013837,2.000736,1.924181,1.9971063,2.084545,1.9808885,1.9669338,1.9455237,1.8291817,1.835459,1.8747178,1.9147856,1.9579654,1.8557503,1.870214,1.8824508,1.7682261,1.8251593,1.8363692,1.8658606,1.888141,1.680543,1.7953666,1.7755291,1.6980685,1.6478707,1.7084309,1.7080537,1.6272944,1.6617362,1.6033189,1.5452222,1.6007333,1.6079979,1.6772602,1.5431737,1.647569,1.5312574,1.5942273,1.551667,1.5755243,1.5662124,1.5075622,1.5361254,1.5072229,1.4991326,1.5039351,1.5302927,1.5314984
2.3082232,2.2995176,2.3003855,2.3119917,2.3048565,2.3023763,2.2974613,2.2860007,2.3092852,2.288399,2.2859125,2.2889457,2.2835083,2.295517,2.2925038,2.2725341,2.293808,2.2476003,2.2492101,2.263669,2.2609963,2.2763438,2.256393,2.2767434,2.2541432,2.2174773,2.2144332,2.2438116,2.223895,2.1860511,2.2270536,2.1501422,2.213276,2.2761924,2.0934029,2.1585312,2.1325555,2.1454468,2.1741488,2.1961594,2.045033,2.0816755,2.1784923,2.115128,2.0752728,2.0561566,2.1060488,2.0756288,1.9876555,2.0713446,2.1317768,1.9876719,1.8928434,2.0538998,2.0471933,1.9985592,1.9929473,2.0228379,1.9123043,1.8979249,2.0152488,1.9047331,1.952541,1.9036812,1.7817887,1.8896216,1.8190994,1.8572528,1.8062773,1.7935286,1.7887539,1.7915292,1.8303347,1.7666994,1.8416072,1.7370157,1.7761301,1.8154625,1.6605997,1.6150403,1.7877715,1.7171941,1.7566446,1.762648,1.6565291,1.6116523,1.6816566,1.5788336,1.5579141,1.547634,1.6293089,1.6081244,1.5879526,1.6159654,1.5329156,1.5960822,1.5290761,1.5617576,1.5335524,1.4603161
2.3066454,2.3167834,2.3167567,2.315223,2.3017216,2.2917323,2.313532,2.3151817,2.2847319,2.294823,2.3058124,2.285398,2.3137443,2.2624145,2.275886,2.30179,2.2791939,2.2701268,2.2693915,2.279555,2.2785022,2.2474675,2.2748432,2.2596784,2.2489204,2.245724,2.2368112,2.22813,2.269206,2.2130713,2.2515202,2.2334146,2.1759725,2.1588674,2.232698,2.2152479,2.189724,2.1816478,2.122943,2.2034004,2.1751473,2.1396055,2.1487916,2.1278172,2.0797453,2.0857167,2.0618823,2.045972,2.1313028,2.0792224,2.0449262,2.0372875,1.9789891,2.0543432,2.0229058,1.9880611,2.0449843,1.9726007,1.9147041,2.021946,1.8848423,1.9536946,1.9895494,1.9465742,1.892279,1.8254924,1.8820443,1.8642509,1.6420982,1.8513633,1.6940202,1.8706722,1.8824749,1.8646436,1.7552124,1.7160866,1.6539714,1.7269164,1.7774665,1.7095833,1.8399112,1.7095163,1.7459855,1.719351,1.6948386,1.6342338,1.7581198,1.5938659,1.6659732,1.6121415,1.6909381,1.6294172,1.6356003,1.5969142,1.569723,1.6305177,1.578366,1.530683,1.6364876,1.5449698
2.3026357,2.2961578,2.2982574,2.2943125,2.2940495,2.2987306,2.3067813,2.2991002,2.2930489,2.3024971,2.314073,2.2989118,2.292398,2.284969,2.2795904,2.2852387,2.2715793,2.3050983,2.2767553,2.2511787,2.2839606,2.2831373,2.2683349,2.2449646,2.2437048,2.2689345,2.2413192,2.2092974,2.2349098,2.2084455,2.2428498,2.1863453,2.263208,2.1740167,2.1715264,2.1086838,2.2370243,2.19424,2.1823955,2.2228775,2.0739515,2.0021548,2.1832037,2.0769567,2.0818894,2.08942,2.1431623,2.0683064,2.0853117,2.106228,2.0206554,2.0213742,2.116405,2.0688922,2.05156,2.1542706,2.039484,1.8985546,2.0363204,1.9801133,1.9229037,1.9867055,2.0504546,1.9289982,1.8844084,1.9130213,1.8226941,1.8474687,1.9807783,1.9250948,1.8296182,1.9276012,1.8419771,1.8666495,1.8726082,1.7495614,1.8069793,1.8296287,1.7219071,1.7688637,1.8166881,1.823101,1.675622,1.7015824,1.6970587,1.6212852,1.6047308,1.5551288,1.6200762,1.6066763,1.568159,1.5759854,1.5421661,1.5134978,1.5761036,1.5920926,1.6146607,1.5701221,1.6596395,1.6198484
2.305641,2.3037562,2.3036041,2.3003595,2.3177176,2.302926,2.3124828,2.3095067,2.291898,2.2808075,2.2812953,2.28996,2.275909,2.2889974,2.2921565,2.2903533,2.271884,2.2761233,2.2691913,2.2885504,2.2682872,2.2833471,2.249786,2.2024627,2.244557,2.2323232,2.2659068,2.232082,2.2054803,2.2232656,2.2256541,2.1914725,2.2172718,2.203967,2.160597,2.1750536,2.1125827,2.1312149,2.0897627,2.1695147,2.126826,2.1915417,2.129097,2.1677217,2.097335,2.1218767,2.1083336,2.0341275,2.0329518,1.9693601,1.938392,2.0327828,2.0587025,1.9997498,2.0440898,1.9674687,2.0373738,2.0386798,1.814085,1.9226298,1.9491153,1.9641373,1.8515902,1.7596133,1.9177859,1.837769,1.8869257,1.8375382,1.7059932,1.7505538,1.7877713,1.82122,1.7473564,1.7192975,1.706908,1.7309428,1.7026551,1.7205517,1.6631793,1.6504304,1.6215609,1.5967665,1.6223269,1.5855998,1.5266693,1.605167,1.4375671,1.602303,1.5026166,1.5739818,1.5505812,1.3836429,1.4660187,1.4364243,1.4365612,1.5347847,1.465514,1.4280893,1.2825153,1.4114952
2.308917,2.3084762,2.3162775,2.3096888,2.2974505,2.3036351,2.294515,2.3063273,2.2991924,2.3043413,2.293345,2.2794223,2.2891297,2.3109913,2.2798362,2.2726686,2.2778196,2.2661476,2.2836337,2.2805896,2.2818322,2.2807283,2.258614,2.267317,2.2428112,2.274644,2.230493,2.225963,2.2274494,2.2418575,2.232607,2.2413468,2.1777704,2.2058506,2.177821,2.1812046,2.2245734,2.217274,2.1570146,2.13443,2.1602478,2.1284568,2.1060958,2.0919418,2.1002014,2.1268137,2.0422075,2.03584,2.0529761,1.9723275,2.0207663,2.076399,2.0183125,2.010804,1.9573205,1.997463,2.0265324,1.9718095,1.8414079,1.877256,1.7942905,1.8659608,1.9780598,1.8801636,1.8817422,1.7872763,1.9393649,1.8118804,1.7760901,1.998807,1.8708705,1.748602,1.7606597,1.7855852,1.8346465,1.7509155,1.7355165,1.7395608,1.8169961,1.7953787,1.7773278,1.7069311,1.6277599,1.7192433,1.6718968,1.5566673,1.6870883,1.7674155,1.7535572,1.614676,1.6088058,1.5088372,1.5418632,1.6106392,1.6745032,1.4749522,1.5680962,1.5800091,1.4698849,1.6214992
2.306734,2.2983127,2.3058023,2.302915,2.3081594,2.2905354,2.2969575,2.302848,2.302501,2.2838855,2.2789357,2.293521,2.3050296,2.2854743,2.2819993,2.2873554,2.3003645,2.2663813,2.277388,2.2690911,2.2364914,2.2498932,2.2927985,2.2434027,2.2280974,2.2523198,2.2683082,2.2104416,2.247734,2.223852,2.209271,2.227534,2.15736,2.2585073,2.2260544,2.1407723,2.1878328,2.163045,2.1177993,2.192487,2.1516008,2.1395159,2.0957758,2.074224,2.071096,2.0293138,2.0387118,2.0323942,2.0074987,2.0402398,2.0429347,2.0391,2.0094042,2.029632,1.9630988,1.8757439,1.9997568,1.9793189,1.9095626,1.8857794,1.9301667,1.8742166,1.8361061,1.7500789,1.8054775,1.854276,1.8347601,1.934524,1.7958362,1.8089509,1.7852999,1.7426753,1.8084488,1.75728,1.6398963,1.7368276,1.798637,1.8002781,1.6942955,1.7519948,1.6700544,1.5818434,1.6038674,1.7228324,1.6744692,1.6893295,1.6538005,1.6061149,1.6469841,1.6546464,1.5425107,1.629209,1.6532044,1.6542882,1.594634,1.4780576,1.6170006,1.4528563,1.5158763,1.5114688
2.3016682,2.2960272,2.302375,2.3027234,2.3039916,2.3104055,2.3107505,2.3103235,2.2913089,2.3027616,2.2995715,2.3092737,2.2796907,2.2822866,2.2946136,2.2860293,2.282339,2.2788987,2.260173,2.2757683,2.2565618,2.2642334,2.249989,2.2767916,2.219236,2.24622,2.2377834,2.2437856,2.2806382,2.2303133,2.2389011,2.192761,2.216961,2.1941216,2.162755,2.2032645,2.1394095,2.192853,2.204518,2.1390367,2.1574225,2.1490006,2.1310208,2.047289,2.107211,2.0847352,2.0277796,1.9961717,2.025219,2.0797129,2.026647,2.0315502,2.0865889,1.9633781,1.9560802,1.8350701,1.9780028,1.9617617,1.9739351,1.7607336,1.8755814,1.9000314,1.8895612,1.8898218,1.8900251,1.9618661,1.8094709,1.9077752,1.8170252,1.8049102,1.7883084,1.8226694,1.7204783,1.8158057,1.7900198,1.7800511,1.8060762,1.7377429,1.7645106,1.7118669,1.5599518,1.7559551,1.6899145,1.6206732,1.6937647,1.6935573,1.7123727,1.6902767,1.5828121,1.6075323,1.6211641,1.5906433,1.6298124,1.6139762,1.4731444,1.5582393,1.5598319,1.4311712,1.6146588,1.4517289
2.2936554,2.2981083,2.3106885,2.3017156,2.2843597,2.2987826,2.3022223,2.3101783,2.3035426,2.2970662,2.3176966,2.2763195,2.2736597,2.2910485,2.2923284,2.2880156,2.2834258,2.2882895,2.2584405,2.2565389,2.2559066,2.274076,2.2749107,2.2542703,2.2444975,2.2325327,2.2128139,2.2126942,2.2144985,2.2590916,2.238328,2.1755476,2.1925507,2.1760356,2.1478798,2.1969533,2.1147416,2.1297727,2.141702,2.1849937,2.1713533,2.0895944,2.1327357,2.1095836,2.0395842,2.0256145,2.03222,2.1190438,2.0186641,2.0797029,2.1068125,2.033704,1.9310797,1.9798746,1.890882,1.9450598,1.9543562,1.8903462,1.8668249,1.9495976,1.887386,1.7645009,1.9703894,1.7708013,1.8282826,1.7665458,1.8786421,1.8435647,1.8669335,1.8381041,1.8098505,1.8076838,1.800592,1.8343028,1.862525,1.6867924,1.8347716,1.7258048,1.740454,1.6573308,1.6853586,1.6615906,1.6948166,1.7591164,1.6194267,1.6848718,1.633038,1.6126791,1.6487584,1.5994291,1.6664153,1.6685522,1.7089416,1.6289992,1.6155795,1.6106447,1.5139968,1.5844657,1.6251414,1.5076586
2.3137984,2.2990894,2.3002982,2.3073556,2.2991948,2.2864897,2.3010983,2.2925475,2.298166,2.312815,2.2835894,2.280413,2.2992582,2.3108997,2.280616,2.2889414,2.2884064,2.275903,2.2950954,2.2625313,2.2552543,2.2586455,2.2646477,2.2512383,2.2746634,2.2587738,2.2461228,2.251423,2.2395234,2.220787,2.2090573,2.2113347,2.1814966,2.1875732,2.2005658,2.1760788,2.1271658,2.167574,2.180863,2.1611214,2.180022,2.1096337,2.109019,2.1166067,2.1371942,2.0369475,2.1264136,2.1356392,2.0328276,2.0015395,2.0434995,1.9929065,2.0014782,2.0002623,2.0092864,2.0055013,1.9492822,1.9176238,1.8639313,1.9203652,1.7825464,1.8932533,1.9042249,1.7666161,1.7952216,1.8340609,1.7390568,1.7971225,1.7304664,1.7984649,1.6891117,1.7502538,1.7493433,1.7232704,1.7184211,1.7500745,1.6659052,1.7969902,1.6824124,1.639391,1.6524787,1.5993164,1.5970758,1.6339214,1.6230915,1.5995916,1.615922,1.5686156,1.6112771,1.647277,1.5282394,1.622083,1.4482312,1.436603,1.5912732,1.4454192,1.5295148,1.4853072,1.3572476,1.4038334
2.3069372,2.2948263,2.2953644,2.3077054,2.304443,2.2909803,2.2889555,2.2992063,2.2945597,2.2894404,2.2769825,2.3030505,2.277107,2.285649,2.2828655,2.2759228,2.2763896,2.2728434,2.2928395,2.2450185,2.2493587,2.2635672,2.2465053,2.2750092,2.2160325,2.2238698,2.2087398,2.1683457,2.1896362,2.180322,2.207028,2.1663978,2.1686213,2.1730475,2.205972,2.2071764,2.0787654,2.162201,2.0550733,2.1432626,2.0966237,2.116774,2.0715249,2.1423573,2.0393264,2.0776398,2.038597,2.008244,2.034617,2.0505395,2.0605936,1.9991688,1.9302735,1.9260118,2.013558,1.8531978,1.8654928,1.9878182,1.8460095,1.94771,1.7996606,1.9593186,1.9199991,1.8450041,1.8470473,1.774887,1.7933898,1.8908794,1.7893959,1.8176011,1.7841939,1.8315986,1.787828,1.6947546,1.7168962,1.8014928,1.6856384,1.8047642,1.7753007,1.7585677,1.7467465,1.742053,1.6976149,1.6839153,1.6639253,1.6096107,1.7461083,1.7322395,1.6107852,1.598697,1.6029977,1.54152,1.6932362,1.6277993,1.7902858,1.6828918,1.5951426,1.4625828,1.568854,1.676658
2.2957687,2.3145566,2.2958367,2.317872,2.3024747,2.2954006,2.2915678,2.3102083,2.2967627,2.2826233,2.2940412,2.2953486,2.3031392,2.2825303,2.269927,2.2789612,2.2894328,2.2854366,2.2711062,2.2791514,2.252407,2.2673116,2.2508721,2.2638743,2.2306836,2.2409642,2.2476568,2.1999395,2.1768441,2.1914997,2.2462447,2.2029743,2.1969643,2.1320624,2.1725214,2.27422,2.2320218,2.1913724,2.206747,2.1462355,2.1608639,2.1265554,2.1434593,2.1937685,2.0287483,2.0412478,2.0406606,2.1544526,2.0830917,2.046484,2.0188522,2.0616074,2.1189444,1.973539,2.1095414,2.0409136,2.0397,1.9094167,1.9948893,1.9983642,1.9980481,1.9742419,1.955547,1.9950478,1.9237969,1.8502702,1.9292283,1.8578025,1.7514217,1.9463996,1.8416085,1.7953038,1.8232679,1.7774564,1.8326328,1.7490311,1.7359625,1.7163105,1.7517099,1.7047111,1.6986125,1.6587372,1.6864805,1.6043355,1.6080077,1.6621239,1.6908053,1.6549091,1.6127791,1.6583073,1.5476879,1.5593156,1.5791926,1.596502,1.5189474,1.5099947,1.5269986,1.389081,1.3757741,1.5434748
2.3176367,2.3022828,2.3227663,2.3011212,2.302544,2.286666,2.3011522,2.2827492,2.2865467,2.307467,2.299484,2.279361,2.3052588,2.2791078,2.273508,2.2861152,2.2849126,2.2986646,2.2931826,2.2946534,2.2521489,2.2464037,2.265881,2.2846885,2.2709394,2.2448916,2.237318,2.2337222,2.2374034,2.2267137,2.2198198,2.218618,2.2164798,2.1961179,2.1721015,2.2018113,2.1204853,2.1176822,2.1422696,2.210019,2.0951068,2.1199508,2.088026,2.1927588,2.0835044,2.1113443,2.127409,2.0313973,2.144802,2.0229597,2.0253477,2.094319,2.086686,2.072215,2.0575368,2.0535662,1.9522281,1.9329048,1.9456226,1.9422064,1.9318204,1.9192315,1.9761358,1.9249315,1.9643378,1.8651341,1.83843,1.882756,1.8004868,1.8097737,1.8702242,1.7408001,1.8710191,1.7285767,1.7842379,1.7189987,1.7344838,1.7176857,1.8955138,1.6238054,1.6755548,1.6625779,1.5782652,1.7157434,1.8161004,1.6799076,1.5943139,1.5284652,1.5859855,1.6295053,1.6183279,1.4805915,1.5626378,1.6549532,1.5243908,1.4708743,1.4917636,1.5149451,1.4639559,1.4075149
2.2972846,2.2983055,2.3091147,2.3077888,2.2990818,2.2868624,2.3184865,2.325173,2.313179,2.2899826,2.3068027,2.289124,2.2997243,2.282514,2.2741702,2.3057003,2.2965026,2.2750943,2.2566276,2.2823095,2.26788,2.2548947,2.261731,2.2532668,2.1890702,2.235305,2.2435393,2.2352693,2.2336044,2.185378,2.218995,2.147042,2.1881752,2.1422873,2.1829915,2.151468,2.1564295,2.1588295,2.1157618,2.1039588,2.1065285,2.113286,2.099343,2.160239,2.0655334,2.0169716,2.0700922,2.017727,2.0831008,1.980593,1.9311552,2.0192063,1.9510047,1.998507,1.9371791,1.8563783,1.9173377,1.8403621,1.9659494,1.9533458,1.9237477,1.8999548,1.8490765,1.7436812,1.7247734,1.7650439,1.7820935,1.832875,1.7333753,1.7196648,1.6973332,1.7303703,1.7225759,1.7698994,1.844328,1.6847721,1.7955515,1.5802495,1.7054272,1.7615852,1.6322088,1.6510942,1.7266363,1.6093533,1.5790445,1.5259359,1.589354,1.6221311,1.4942273,1.6012859,1.6355051,1.5975845,1.5758767,1.6748031,1.5366926,1.5331445,1.4953008,1.5750266,1.5359356,1.4285071
2.3042796,2.3031561,2.3032994,2.2967765,2.306091,2.3021545,2.3052588,2.3081357,2.2942474,2.3017902,2.30072,2.2901042,2.2976937,2.2889962,2.299135,2.2926161,2.2907777,2.2832212,2.3046932,2.2681656,2.2994115,2.2764633,2.2800226,2.2790837,2.2647996,2.275127,2.2451253,2.2442808,2.238885,2.238881,2.2547638,2.21472,2.187288,2.2070975,2.2357225,2.2356172,2.1473136,2.1772797,2.2202597,2.2196264,2.2155652,2.1426165,2.1452103,2.13466,2.1532643,2.1316638,2.0829945,2.0884223,2.101801,2.077026,2.1578112,2.0612392,2.0433831,2.0446892,1.9817479,2.0013509,2.0805202,1.9507393,1.9099967,1.9385581,1.8303479,1.9041647,1.9131794,1.8281745,1.8606896,1.8551688,1.8783803,1.7585385,1.8683192,1.8821162,1.7538722,1.7104468,1.8483112,1.7318568,1.745484,1.7725396,1.7486789,1.7242908,1.7937552,1.7223246,1.6779511,1.6245368,1.6496408,1.5458498,1.6298808,1.4814842,1.5953679,1.6267973,1.5688798,1.5885254,1.5526705,1.422852,1.5501671,1.4475923,1.5066984,1.4276934,1.4774514,1.4492157,1.4143322,1.4621434
2.2961473,2.3027253,2.3028412,2.3015022,2.298428,2.3144507,2.315318,2.2891994,2.2985282,2.2917242,2.2880888,2.2863212,2.285558,2.3101442,2.2871902,2.2829742,2.2814965,2.2741687,2.285006,2.2832766,2.2879643,2.271412,2.2823362,2.246757,2.2247305,2.223974,2.241133,2.24336,2.2665167,2.2359445,2.2168124,2.195221,2.2625484,2.2200568,2.1776967,2.1834338,2.2309232,2.124977,2.2251747,2.1114318,2.073513,2.1382864,2.1053476,2.0686197,2.0521874,2.1297026,2.0457902,2.1212459,2.0702534,2.0533223,1.929802,1.8915638,2.0060616,1.912467,1.9823737,1.916651,1.9028367,1.8552415,1.92595,1.919816,1.8469574,1.8171294,1.8864105,1.8797433,1.8776889,1.7192593,1.8855803,1.7258549,1.8045567,1.844082,1.8399105,1.8689086,1.8463386,1.7567022,1.7795507,1.7445223,1.6620867,1.6591125,1.7378931,1.6342547,1.6358768,1.6063213,1.6482799,1.6566101,1.6067958,1.6873472,1.6505857,1.6838541,1.5521842,1.5911987,1.6036066,1.4995465,1.5907497,1.5593982,1.5565851,1.5197163,1.6104207,1.5846306,1.5606796,1.5357399
2.2982118,2.3148158,2.3022048,2.3074377,2.3007944,2.303871,2.2994533,2.3019438,2.3051424,2.295857,2.2963765,2.2979853,2.2910852,2.288458,2.2792192,2.2962222,2.2983115,2.283482,2.3031316,2.2777658,2.2743022,2.251224,2.2515717,2.2896004,2.259574,2.2374735,2.2748964,2.23496,2.2275705,2.1987925,2.208488,2.2060056,2.2353675,2.1661181,2.170692,2.1575637,2.1459537,2.226565,2.1023185,2.1734705,2.1695967,2.1549952,2.09538,2.0611296,2.1403475,2.0107934,2.1118042,2.00213,2.085465,2.063438,2.020064,1.9855006,2.0413094,2.0066462,1.9778132,2.0370917,1.9829336,2.0123122,2.009198,2.0408227,2.0354946,1.8907822,1.963094,1.8876629,1.9529644,1.8319577,1.8913281,1.8568769,1.7952052,1.8212167,1.8895204,1.9399824,1.7620069,1.7288154,1.8394269,1.8734972,1.8668904,1.781668,1.7837548,1.8246499,1.78703,1.7999715,1.6737336,1.6735983,1.7348471,1.721464,1.7857585,1.7282867,1.7127607,1.7768935,1.5935912,1.6008501,1.5350219,1.6085016,1.6626945,1.5234134,1.6201453,1.6065242,1.4904689,1.6407988
2.311502,2.3002949,2.2974243,2.3033159,2.3026953,2.2999191,2.2964911,2.290221,2.306123,2.3122582,2.2894473,2.2852545,2.2939782,2.3317542,2.272128,2.2860918,2.2855637,2.2744236,2.2644546,2.305149,2.2763243,2.2829518,2.2690072,2.281967,2.269366,2.2527227,2.252057,2.2608013,2.1852188,2.164535,2.2138171,2.209397,2.234129,2.2048593,2.179698,2.2248454,2.140192,2.165263,2.1272645,2.1583166,2.1248245,2.1686215,2.1555288,2.093273,2.1285615,2.1066506,2.1099093,2.1751833,2.0519712,2.0876417,2.0436623,2.0714064,1.9708726,2.0053244,2.0130343,2.008087,1.9030893,2.0067205,2.0132833,2.0127518,1.9960816,1.9811904,1.973377,1.9312279,1.9869013,1.8642678,1.8498089,1.8232377,1.8272941,1.935949,1.8644184,1.7168713,1.8218794,1.7559892,1.8027931,1.8258581,1.8034079,1.6878622,1.7270108,1.7693248,1.7009051,1.7743146,1.7687664,1.6405458,1.6708233,1.6170658,1.7147219,1.6451229,1.5868742,1.6275823,1.6162953,1.6193925,1.6663572,1.643821,1.6187845,1.6549722,1.54598,1.4869534,1.5450376,1.5515802
2.3041897,2.3055668,2.3054023,2.2942126,2.3038914,2.3053937,2.316495,2.3020403,2.295943,2.2997293,2.288645,2.293521,2.2877135,2.2878077,2.2981124,2.2876816,2.27594,2.2976403,2.2782538,2.2751186,2.2814245,2.272901,2.2586575,2.247939,2.2695813,2.2305615,2.2457902,2.2223308,2.2080238,2.1898012,2.2187362,2.2095866,2.189436,2.1884403,2.2366095,2.1730356,2.1676018,2.2021494,2.220755,2.1557195,2.1341634,2.1325269,2.108911,2.120472,2.1115673,2.1538632,2.076765,2.094102,2.0509548,2.093616,1.9915372,1.9871846,1.9440597,2.080994,1.9509063,1.9871206,1.8485941,1.965173,1.9790418,1.7892741,1.9376729,1.9570563,1.8298706,1.8595682,1.7675673,1.7858468,1.7692014,1.8273888,1.7907944,1.8181136,1.7916467,1.7404118,1.7219021,1.7668245,1.7850437,1.8113455,1.5895739,1.6450851,1.6995991,1.7163417,1.7246987,1.6262424,1.6225786,1.6323512,1.5699885,1.6418816,1.5816251,1.5842814,1.4983509,1.5387328,1.531559,1.499581,1.4068072,1.5635816,1.4620075,1.3713324,1.359108,1.491301,1.4512547,1.4013076
2.307754,2.3077917,2.3000455,2.2977102,2.3047922,2.3017075,2.2746358,2.306802,2.2989728,2.2990813,2.2903235,2.298805,2.2884207,2.2910957,2.2844157,2.2909276,2.25079,2.258424,2.2821252,2.2626104,2.289929,2.2832234,2.2383404,2.249672,2.2577312,2.2372928,2.2307603,2.2168682,2.228387,2.197126,2.2275565,2.2281046,2.2187037,2.185626,2.1776552,2.1984043,2.2287893,2.1684234,2.1512768,2.1383286,2.1413755,2.1862895,2.1841369,2.0376878,2.197544,2.0008752,2.0155897,2.0911798,2.0623963,2.1534257,2.1083379,2.0734062,2.059655,1.9784836,2.087661,1.9767587,2.0299313,1.924484,1.9759082,1.9749053,1.9011965,1.962796,1.8820931,1.9510324,1.9206717,1.8529097,1.9559553,1.8558031,1.8421147,1.798567,1.797765,1.7177949,1.841834,1.8234928,1.85038,1.7906138,1.7464166,1.8072033,1.633115,1.7202113,1.6153326,1.6770976,1.6273541,1.6865623,1.7216275,1.6334903,1.5110118,1.566639,1.5789089,1.5566752,1.6641176,1.4725564,1.5414022,1.5094781,1.4388713,1.5054154,1.4255321,1.4694238,1.4928513,1.4808757
2.3076468,2.307004,2.3049464,2.316209,2.2884471,2.2978263,2.3093882,2.311365,2.2897046,2.3108554,2.2842512,2.2850144,2.3019443,2.278954,2.2701426,2.287802,2.268826,2.2859807,2.2723477,2.2297935,2.2531993,2.2330837,2.2609615,2.2658806,2.2237515,2.268042,2.2450476,2.2190187,2.265067,2.2226756,2.1954992,2.2055464,2.121264,2.2376676,2.170081,2.1924703,2.1401572,2.1650424,2.1614532,2.1825147,2.1853962,2.065144,2.1412592,2.0911155,2.1053267,2.2032175,2.0520973,2.1003804,2.1266718,2.0447962,2.113762,2.0327172,2.1181712,2.0352335,2.0435276,1.9969904,2.0818348,2.0514336,2.0042434,2.0913002,2.0114267,1.9408097,1.9335618,1.9167709,1.9602984,1.9823519,2.0154486,1.973195,1.9024712,1.8703074,1.8642693,1.8905504,1.8368921,1.8604865,1.8091552,1.8930061,1.7214786,1.8047514,1.7128105,1.7159544,1.717645,1.8313951,1.6598601,1.6873674,1.680866,1.6334684,1.7170963,1.7055581,1.7148206,1.6946143,1.7602481,1.6303715,1.6206152,1.5056086,1.6780776,1.685913,1.5470827,1.5263646,1.5875658,1.6318877
2.3052788,2.2931674,2.3070831,2.300107,2.2954953,2.2974405,2.3001528,2.2996397,2.297003,2.278813,2.2923942,2.299357,2.2864685,2.303857,2.2655284,2.2801273,2.292394,2.2831352,2.2915099,2.278818,2.2611184,2.2951493,2.285657,2.2446709,2.2738893,2.2396276,2.2430286,2.2339203,2.2368536,2.23604,2.230453,2.262991,2.2096057,2.2014825,2.1940022,2.2384334,2.1309245,2.2097206,2.109107,2.1698544,2.1172075,2.1626165,2.1455345,2.16155,2.1414962,2.0859013,2.118044,2.0167289,2.0418193,2.110961,2.125169,1.9941072,2.0143588,1.9542625,2.024125,1.8586771,1.9116714,1.9684709,1.8173727,1.9807696,1.8905766,1.8888353,1.8861372,1.8959488,1.8141501,1.8311713,1.8458544,1.8285758,1.7258763,1.8070133,1.7472215,1.7301042,1.754756,1.828479,1.7101955,1.6533775,1.7791321,1.728186,1.7130735,1.6720502,1.628332,1.5871181,1.5421002,1.5490559,1.5284106,1.6207998,1.4801915,1.5193298,1.5339533,1.5622576,1.4462229,1.360353,1.4223846,1.4592019,1.426858,1.3457747,1.4534998,1.3503894,1.4635887,1.4463048
2.3045826,2.3001812,2.3005502,2.2926042,2.3070016,2.3026462,2.2954028,2.2952309,2.3028395,2.289039,2.2864842,2.293002,2.2893605,2.2752738,2.2758803,2.2961378,2.316846,2.2756252,2.2875235,2.290156,2.271206,2.269415,2.272881,2.270424,2.2681568,2.2471695,2.2602234,2.2344663,2.238443,2.1952767,2.2592459,2.2537477,2.2289438,2.1759238,2.1901636,2.1756063,2.178031,2.122411,2.183003,2.2084568,2.18426,2.169762,2.14923,2.1159656,2.1075046,2.1434014,2.09416,2.1090047,2.0855293,2.0905476,1.9485967,1.9442513,2.0063925,1.998488,1.9986503,1.9934154,1.9470569,2.1336799,1.9605495,2.0719655,2.0499816,1.9507277,2.014572,1.9313337,1.9895873,1.8658613,1.9134631,1.8447909,1.8893914,1.8486818,1.8295308,1.9076824,1.9069606,1.8525007,1.9215467,1.7695048,1.7314433,1.7408332,1.8112588,1.7039527,1.7417428,1.772376,1.7563863,1.814939,1.671949,1.626622,1.7521042,1.6671642,1.7555338,1.6183662,1.6703839,1.6294258,1.5926821,1.6862025,1.5603762,1.7420281,1.6105119,1.5586597,1.6273586,1.5487479
2.3002164,2.2955155,2.2930775,2.3030052,2.311668,2.2932944,2.2988813,2.292461,2.2998145,2.2749386,2.2929265,2.2644303,2.2992628,2.2882495,2.271562,2.2477312,2.2564855,2.2806053,2.2568033,2.2685122,2.2520323,2.2595122,2.2297678,2.2740679,2.2234247,2.2435868,2.1627755,2.2173333,2.282157,2.2353342,2.1751552,2.2354085,2.1904705,2.1768718,2.2393057,2.0706837,2.216853,2.1405497,2.1597056,2.183657,2.023872,2.0986202,2.1307125,2.1016831,2.0995183,2.0519605,2.1458807,2.1340146,2.0249295,2.0658808,2.0369463,2.031762,2.0553474,2.0305796,2.1079726,2.1703403,1.9359916,1.9707843,1.8991994,1.9003941,1.9978504,1.8224254,1.9195976,2.0083263,1.874207,1.9196843,1.9751391,1.946535,1.8284614,1.8782985,1.8884245,1.9049449,1.8988626,1.7897731,1.814414,1.8531679,1.7412949,1.7614783,1.8052397,1.7149156,1.8092105,1.7575767,1.7837937,1.7581174,1.7682949,1.7509,1.6817377,1.714273,1.6506238,1.5978522,1.7016776,1.6715422,1.6260767,1.6436965,1.6998936,1.6881897,1.6356572,1.7249131,1.67911,1.5450611
2.3144474,2.32763,2.3134694,2.3003848,2.3016844,2.2979834,2.300237,2.3040795,2.3076968,2.2984474,2.2915692,2.2934134,2.2964904,2.2849636,2.2719502,2.2868953,2.2888522,2.2892942,2.2738104,2.2563267,2.2923362,2.2610192,2.2536156,2.249614,2.2339668,2.2758362,2.2310016,2.2161567,2.2347305,2.174102,2.2473927,2.1935186,2.203627,2.207973,2.1374745,2.1624498,2.1961784,2.1018696,2.140812,2.1744032,2.0881822,2.0740564,2.070879,2.0608773,2.024398,1.9884613,2.0363073,2.043397,1.9823163,2.014101,1.9083576,1.9230785,1.8882837,1.8504918,1.7526302,1.879202,1.8182012,1.8114052,1.8355765,1.7858994,1.800873,1.7399664,1.7454143,1.7494631,1.6917878,1.7048205,1.7091821,1.7449243,1.7117205,1.7731596,1.698389,1.6421068,1.6030114,1.6311151,1.6410676,1.6206386,1.5636977,1.7178638,1.6145504,1.5882882,1.6619296,1.5660479,1.4978225,1.5570483,1.6272988,1.4618227,1.559614,1.4851744,1.5630412,1.5625895,1.477066,1.5110635,1.4729649,1.399283,1.5428264,1.4110966,1.3779845,1.3740113,1.3872796,1.4597392
2.2974076,2.306407,2.3134117,2.2879143,2.3061717,2.2945483,2.3087611,2.3030312,2.3131208,2.2954755,2.3221824,2.3055518,2.3024426,2.2944577,2.2888458,2.2634974,2.2548847,2.305121,2.2776508,2.2587774,2.2655811,2.2822826,2.2945836,2.25876,2.2139325,2.2330759,2.2490382,2.2186232,2.2287064,2.1958475,2.1883287,2.2192345,2.1799302,2.1694283,2.1558514,2.127579,2.206608,2.1572907,2.1616075,2.1431096,2.1031241,2.14145,2.0934396,2.085081,2.0091586,2.0124478,2.036486,2.1070266,2.085084,2.0850892,2.031756,1.9806764,2.05445,2.0116096,2.009612,1.9606951,1.9805949,1.9890003,2.0551505,2.0065348,1.8097366,1.9344105,1.9462867,1.9376385,1.9653711,1.9161434,1.8834367,1.8259197,1.8521546,1.9125028,1.8972,1.8983458,1.7323476,1.7908452,1.8248266,1.8069143,1.7552903,1.7918841,1.7863667,1.7462512,1.7243226,1.8852702,1.8320185,1.7005517,1.7314904,1.6642587,1.7809868,1.8388153,1.6852357,1.6120687,1.7681696,1.7154222,1.6263201,1.6838169,1.6183214,1.6634554,1.7088412,1.4828705,1.6271918,1.473017
2.3025966,2.3131933,2.3024035,2.3324814,2.2922726,2.3170483,2.307701,2.2937126,2.2945094,2.2863708,2.2969503,2.2890854,2.3046167,2.3060224,2.3070693,2.2790995,2.29485,2.271225,2.281409,2.2527924,2.2592661,2.2549,2.2559676,2.277168,2.2583098,2.2438233,2.241455,2.254877,2.2291949,2.2276917,2.207627,2.2527566,2.2129128,2.2067313,2.2280405,2.177097,2.119969,2.1353865,2.1688318,2.1289902,2.1418395,2.0666573,2.1170483,2.1498194,2.0834322,2.0215816,2.1115494,2.086597,2.0876856,2.112321,2.006534,1.9601214,2.0741076,1.9708712,1.9284084,1.9107559,2.0503426,2.00441,2.0147018,1.9580872,1.9509003,1.9548919,1.8308275,1.8999994,1.9365038,1.8402885,1.8514555,1.8492738,1.8340645,1.8919626,1.8683612,1.8603325,1.8327825,1.7579484,1.7475454,1.6791098,1.7743831,1.6909391,1.8034478,1.6960969,1.7207464,1.6306509,1.6719832,1.6193008,1.6464682,1.657083,1.7050643,1.6463296,1.5727208,1.5782452,1.5282066,1.5193954,1.6245012,1.5657527,1.6137922,1.6139145,1.6551982,1.4606142,1.5764853,1.5444138
2.3034115,2.309564,2.3017604,2.314196,2.2973483,2.3196018,2.2981486,2.3026924,2.2875762,2.2983406,2.3042772,2.293757,2.2817073,2.2871861,2.2806425,2.270297,2.275203,2.2806332,2.2590265,2.269421,2.2520518,2.2831688,2.265745,2.270631,2.246031,2.2364144,2.2160397,2.2282786,2.249948,2.2808895,2.1988611,2.2693434,2.209247,2.242157,2.1708908,2.1384525,2.1973317,2.1544323,2.1307318,2.112388,2.1185334,2.1113322,2.189506,2.1140747,2.1185966,2.0893688,2.0851002,2.116053,2.0555012,2.0177655,2.0278606,2.0307994,2.02005,1.9499258,1.8954043,1.9615076,1.8388796,1.9505361,1.9634998,1.8144164,1.9794152,1.8832278,2.0260558,1.8162384,1.7908244,1.929776,1.8354111,1.7748902,1.8712718,1.6949154,1.8694967,1.7544954,1.7068019,1.6950133,1.8003613,1.680922,1.6876879,1.6844898,1.7395872,1.6249913,1.742667,1.7270539,1.6475857,1.586786,1.6344904,1.6010717,1.6279188,1.5303552,1.5702853,1.6034209,1.5588045,1.5334904,1.4816495,1.5560575,1.5225384,1.4916642,1.5476952,1.5563779,1.4811683,1.4944679
2.3002443,2.2989264,2.298651,2.301588,2.3063211,2.3063304,2.2943058,2.2907724,2.3037214,2.278259,2.2979877,2.2815964,2.2826524,2.286637,2.2804942,2.282188,2.2898302,2.2676272,2.2580938,2.2725096,2.2753685,2.2862883,2.2742052,2.2698429,2.2566843,2.2306294,2.2281022,2.2018185,2.22536,2.2283437,2.2229533,2.2007167,2.2032247,2.1463933,2.1744425,2.1722517,2.2118156,2.0887504,2.1366458,2.1417723,2.1281261,2.114086,2.1712751,2.1147642,2.005754,2.092348,2.0328355,2.0303411,2.0363107,2.0550122,1.9714692,2.0756612,2.0130377,1.9569516,2.0031276,1.9131942,1.9499133,1.9615976,1.9549615,1.9714007,1.9015334,1.8517528,1.840931,1.8721154,1.8115358,1.8470438,1.7500365,1.8227708,1.8053772,1.7429409,1.7511102,1.8683546,1.7234391,1.6927456,1.6514014,1.677719,1.7040226,1.6671205,1.5580593,1.7112075,1.6904758,1.7332107,1.3894243,1.6874686,1.6073194,1.6593375,1.4958029,1.6266224,1.5069362,1.4826713,1.5621853,1.5060284,1.5457987,1.5103012,1.5642824,1.4757257,1.5681404,1.5402993,1.4542332,1.462547
2.314653,2.29421,2.2986426,2.2986484,2.302049,2.2989929,2.3015614,2.286261,2.300686,2.3024542,2.281987,2.2875936,2.2743187,2.2853122,2.2912815,2.2795992,2.2718387,2.268272,2.288219,2.2741375,2.274688,2.264073,2.2654552,2.23928,2.2778654,2.2419777,2.24259,2.2449956,2.2244506,2.2227442,2.22747,2.2290845,2.2305183,2.2384367,2.1736305,2.0923638,2.2371852,2.2297306,2.1969357,2.1345224,2.1610513,2.1306212,2.0675502,2.120462,2.101036,2.1131005,1.9994242,2.0715091,2.0027518,1.9943751,2.0272849,1.8389202,1.985406,1.9881544,1.9525456,2.0085046,1.9414823,1.9963644,1.9911227,1.9042808,1.9278083,1.8376217,1.9189163,1.8612716,1.8173938,1.8969238,1.8430059,1.7510301,1.7756137,1.8022075,1.7064621,1.7959925,1.7898276,1.7828596,1.7439299,1.7391542,1.7422736,1.7273189,1.7530956,1.6866655,1.6865385,1.7251852,1.6675771,1.6684358,1.6184392,1.6939789,1.6439207,1.6598352,1.6520995,1.5638897,1.6614884,1.6050581,1.6221366,1.6003381,1.5353339,1.5647776,1.4654574,1.4691145,1.5068119,1.5372326
2.303998,2.301635,2.2968388,2.3035917,2.2793493,2.3100772,2.2977753,2.3043036,2.2928076,2.2973495,2.3018517,2.2952561,2.2974172,2.3029358,2.2784963,2.2668476,2.2774549,2.2675605,2.2810912,2.2530904,2.2629426,2.267352,2.2627826,2.243421,2.2124841,2.2219906,2.2508774,2.2194653,2.2072308,2.2446723,2.1941876,2.1981344,2.2131686,2.2017164,2.1496763,2.1861458,2.1349301,2.1937494,2.1491716,2.1363976,2.131909,2.1343699,2.0853953,2.0598037,2.0272112,2.0481558,2.0717797,1.9762809,2.024631,1.9679387,1.9854393,1.9639792,1.9255552,1.9888015,1.9780769,1.9017863,1.839237,1.8516405,1.8595912,1.8241174,1.9576373,1.9076633,1.8776102,1.7940943,1.8863652,1.8704879,1.7391572,1.9502015,1.7782235,1.788305,1.7519221,1.8030274,1.6595502,1.8151066,1.7771666,1.7010666,1.6673613,1.7146612,1.7510629,1.7665133,1.6461874,1.6731169,1.6409543,1.63376,1.7249229,1.6696312,1.6845663,1.6445147,1.582828,1.6214272,1.6552225,1.6491706,1.6273568,1.6786697,1.6036881,1.6148403,1.4975138,1.5649828,1.5085397,1.491091
2.3025084,2.2936404,2.3124926,2.3016446,2.304719,2.2925549,2.3177574,2.3129086,2.312935,2.2898176,2.3047683,2.293623,2.2802067,2.2810926,2.2831829,2.296077,2.280774,2.260994,2.277925,2.2702487,2.2562714,2.2468724,2.225377,2.2305284,2.2396326,2.2547078,2.2231286,2.2440095,2.1921983,2.2022564,2.2218702,2.2595866,2.1941154,2.2112844,2.19671,2.1394322,2.1447258,2.149627,2.1811378,2.2112765,2.1252704,2.1021717,2.1500075,2.0397813,2.107816,1.9790041,2.0368423,2.0096571,2.0328624,1.8945642,1.8192071,1.9196684,1.9628046,1.8974308,1.963758,1.9058605,1.8676288,1.8745835,1.8687623,1.8347473,1.7758543,1.7789536,1.7575445,1.8685976,1.8826004,1.7564754,1.65271,1.8638475,1.7918396,1.7858238,1.7277448,1.6979632,1.6771213,1.7146461,1.622518,1.7212162,1.6516635,1.5853308,1.6900415,1.6497555,1.622103,1.6107475,1.6919384,1.6450545,1.5760493,1.6516846,1.5282819,1.5622185,1.5722241,1.5523612,1.5707691,1.5403711,1.5126363,1.5300596,1.5168364,1.484662,1.465071,1.4288672,1.5485028,1.4683211
2.3043175,2.2993937,2.318104,2.2973099,2.2915907,2.286901,2.3056216,2.304429,2.2929428,2.2877376,2.2888746,2.2929666,2.29417,2.3041983,2.2820086,2.2773242,2.2719486,2.2845802,2.2691896,2.278832,2.2680435,2.2837934,2.2600656,2.2760634,2.292408,2.243939,2.2779183,2.2180781,2.2472763,2.211094,2.2043693,2.1888647,2.2258277,2.1478362,2.1824584,2.1735156,2.1388001,2.039639,2.141333,2.168894,2.1178966,2.1178694,2.1312563,2.0921085,2.1011128,2.0935118,2.1568763,2.0028043,2.1101522,2.0634713,2.122085,2.1097147,2.1140633,2.1243901,2.0791688,1.9705412,2.019702,1.986752,2.0215554,2.0528443,1.967618,1.9852413,2.0207555,1.9593928,1.9731957,1.9354889,1.9416772,1.9756758,1.895248,1.9929078,1.9821837,1.8735279,1.9246287,1.8875893,1.8501053,1.892093,1.8156226,1.762516,1.7855401,1.823466,1.8893044,1.732761,1.801589,1.7871673,1.7793298,1.7420199,1.7399523,1.6971499,1.670001,1.7115965,1.6724298,1.6207403,1.5848081,1.6512117,1.6086245,1.6199715,1.657297,1.6904714,1.6023067,1.5666726
2.3005702,2.303318,2.3053372,2.306382,2.3088808,2.3059454,2.2979748,2.2822762,2.318759,2.3009837,2.2831712,2.2781146,2.2858515,2.2761502,2.2626114,2.2693899,2.2689886,2.3038576,2.2755127,2.2680738,2.280681,2.2626681,2.2511718,2.1909564,2.2291446,2.2510629,2.2082977,2.2489371,2.2346692,2.1679792,2.224355,2.1996758,2.1968224,2.1218596,2.187386,2.166304,2.1482568,2.099347,2.107011,2.1998177,2.0838428,2.0703878,2.158163,2.0407772,2.0280285,2.0496426,2.0201352,1.9908326,2.0337243,1.9550239,1.9632624,1.9401916,1.9556551,1.9134867,1.9380198,1.9218465,1.9238918,1.8928866,1.8773396,1.8805494,1.7867467,1.8523899,1.9067042,1.8295028,1.9120326,1.7715416,1.8640786,1.7554362,1.8137786,1.7418486,1.812572,1.730648,1.8532209,1.6471856,1.6317263,1.7265538,1.7423215,1.6349583,1.6865983,1.6027286,1.4880649,1.6008754,1.5837184,1.6060587,1.718272,1.6557654,1.5069944,1.538702,1.558826,1.557645,1.6006399,1.5418637,1.5428976,1.538268,1.5185176,1.4394599,1.4318047,1.3872051,1.4808091,1.449996
2.299464,2.2937489,2.3013873,2.3154905,2.3115902,2.3000457,2.2987785,2.287817,2.3051515,2.3043945,2.2777185,2.29578,2.2850513,2.300841,2.2724044,2.2844288,2.2715244,2.2465796,2.2779038,2.272661,2.2564425,2.2678914,2.2148876,2.262221,2.221833,2.242807,2.2470665,2.2185743,2.1884208,2.1692355,2.1947567,2.2024524,2.1839848,2.1648552,2.1654446,2.1834364,2.0979192,2.134059,2.1523857,2.0919077,2.1580276,2.0883884,2.04383,2.1110291,2.0983484,2.0861833,2.0535257,2.069264,2.0856087,2.0145862,1.978323,2.0514095,2.055397,2.0074162,2.0661798,2.0230095,1.9338355,1.973973,2.0372078,1.9830405,1.9357774,2.0513756,1.9566597,1.9382979,1.8797367,1.9263344,1.8980578,1.9784108,1.8595998,1.8070027,1.8639175,1.8866869,1.9020653,1.939548,1.8564044,1.7508556,1.8106652,1.7110193,1.8105919,1.7498729,1.7185634,1.6354978,1.7458451,1.7088668,1.7303722,1.7437977,1.737901,1.629068,1.6165503,1.6888379,1.7369325,1.5947454,1.5779455,1.7034987,1.6495192,1.4937422,1.5707176,1.5854969,1.5295322,1.5352318
2.301942,2.309895,2.2976654,2.3146725,2.3073232,2.2993045,2.3090692,2.29366,2.3156633,2.2905326,2.304338,2.2931054,2.2914968,2.3008022,2.27881,2.2839537,2.2856815,2.299241,2.2893765,2.257019,2.2719316,2.2781048,2.2737057,2.2230194,2.2454946,2.245617,2.2558968,2.2410107,2.2464595,2.228652,2.180674,2.2247024,2.1870847,2.195101,2.1343787,2.197774,2.2131066,2.1957822,2.2024016,2.1437597,2.1341772,2.0532918,2.1230526,2.0737321,2.1126924,2.1001053,2.0564456,2.0172606,2.069141,1.9878343,2.0690832,1.9898326,1.9717193,2.0143712,2.0239458,1.9231234,1.8998382,1.9129238,1.9716337,1.8902508,1.7883706,1.8190191,1.8914189,1.8462803,1.8398259,1.8484733,1.8219035,1.8763028,1.8955045,1.7494559,1.7779132,1.7051355,1.7193985,1.6893363,1.7428559,1.6300335,1.6980627,1.697917,1.6361032,1.6980785,1.5585752,1.6422589,1.5837879,1.5525677,1.5029298,1.5841157,1.6131299,1.5700402,1.5256978,1.5332186,1.5799947,1.5505519,1.5083973,1.5433114,1.5137018,1.5175849,1.4748073,1.4839739,1.4521835,1.3665586
2.3043935,2.295336,2.295844,2.295004,2.294283,2.2991452,2.2965245,2.2870417,2.2965267,2.2915916,2.2923532,2.283082,2.2876668,2.299727,2.2970698,2.2953835,2.2935526,2.2753072,2.2907636,2.2705517,2.268546,2.2729046,2.229447,2.2673068,2.269055,2.2429466,2.2444482,2.256582,2.2039294,2.222299,2.21046,2.205201,2.2212903,2.2072556,2.1966748,2.213312,2.1725574,2.1437292,2.164602,2.2092252,2.1565952,2.1279476,2.0896032,2.1090086,2.036126,2.0790048,2.093092,2.0875845,2.103229,2.0026963,2.0899425,2.03579,2.1095054,2.0142744,1.9843242,2.0203242,2.0289392,1.9730752,1.8938954,1.9663098,1.8956547,1.9618987,1.9242495,1.914628,1.7714438,1.8422517,1.8324032,1.839311,1.8366859,1.7738111,1.6782826,1.8125682,1.7605175,1.7302945,1.6848664,1.7433819,1.8443892,1.6086643,1.7131362,1.7605402,1.6438369,1.7530638,1.7318983,1.5324187,1.65644,1.6443832,1.6258312,1.496577,1.560709,1.6641185,1.5564197,1.5637965,1.6024225,1.6693137,1.6424313,1.5877308,1.4972243,1.596342,1.4463276,1.5353512
2.3002548,2.30481,2.2894573,2.3162892,2.3098965,2.290283,2.3059518,2.2844822,2.2831964,2.30245,2.288864,2.307325,2.2961843,2.293654,2.2941604,2.2631297,2.3070197,2.2842245,2.275672,2.2840946,2.2700381,2.3014226,2.287742,2.2608376,2.287741,2.258522,2.242941,2.2381473,2.20512,2.1950803,2.24121,2.1654134,2.205752,2.2483017,2.1911306,2.1906848,2.143443,2.1543663,2.1750975,2.163892,2.1727448,2.1595268,2.1397796,2.0654068,2.1502445,2.0441203,2.097951,2.014089,2.0474524,2.043937,2.026125,2.0140214,1.9348989,1.9027054,1.9992232,1.9115226,1.9910376,2.0040832,1.9373282,1.8725004,1.8802191,1.9630243,1.8119375,1.8294884,1.8028688,1.8802521,1.8176137,1.7573411,1.8121712,1.7827984,1.7663469,1.8067166,1.7249564,1.6914542,1.7488277,1.6563941,1.7273257,1.6596664,1.7263165,1.6583049,1.548559,1.6669216,1.6125941,1.5793605,1.5971768,1.5672696,1.6044431,1.653258,1.6643028,1.6568227,1.4675555,1.514173,1.5364153,1.5345514,1.5096054,1.5850822,1.422589,1.4806899,1.493712,1.5316998
2.2881975,2.3041277,2.3278546,2.2946658,2.3035407,2.3116589,2.2993426,2.2965763,2.2866142,2.28047,2.290063,2.2917905,2.2991977,2.295617,2.2828143,2.2650783,2.2710385,2.2635427,2.2925682,2.2907848,2.262895,2.279968,2.2174294,2.2438774,2.2365255,2.2350154,2.2377877,2.2045174,2.1721509,2.2122333,2.205006,2.1641293,2.2131205,2.1968334,2.187793,2.0884376,2.1435654,2.1445491,2.1182628,2.0677657,2.1110535,2.1111631,2.1133375,2.1214318,1.9927204,2.088075,1.9800107,2.0267713,2.0459168,2.0102212,1.9737725,1.9530956,1.9151409,1.9941771,1.9266404,1.8961089,1.9015946,1.8342935,1.9416935,1.923073,1.958173,1.8721672,1.8864045,1.9273095,1.8741663,1.8642471,1.7396889,1.7661881,1.858856,1.757579,1.7207062,1.7282699,1.7247844,1.7271192,1.7095753,1.769204,1.6623689,1.6958885,1.6211993,1.6361036,1.7300088,1.6555246,1.6414353,1.6968656,1.6494145,1.6393784,1.6272582,1.6298084,1.5380669,1.5449264,1.5952767,1.480835,1.5946066,1.528075,1.4750111,1.5091114,1.3792883,1.5572736,1.4932714,1.4974461
2.3026092,2.3007097,2.3153124,2.3152552,2.3204067,2.3010778,2.28808,2.29324,2.2905025,2.294305,2.298523,2.2967129,2.32371,2.2911105,2.3063471,2.295506,2.2528071,2.2704344,2.2675672,2.2809038,2.241235,2.281052,2.2600813,2.2447882,2.2732759,2.2587063,2.2432709,2.2256393,2.2327027,2.2372317,2.2144613,2.198633,2.1922593,2.1642017,2.2029376,2.1936083,2.1257672,2.1824064,2.1571789,2.1341045,2.1778255,2.0995402,2.0612326,2.0967014,2.1175995,1.9900386,2.1026418,2.0676136,2.0628414,2.016271,2.0121596,1.9508843,1.920728,2.0249145,2.0388703,1.9009434,1.9990723,1.8683405,1.9564219,1.8901209,1.9417791,1.856327,1.9739914,1.8861631,1.8675812,1.8665314,1.826621,1.832328,1.8252919,1.8152336,1.7679257,1.7878963,1.8429651,1.8038652,1.7399514,1.6545852,1.8105915,1.6576993,1.6347241,1.6692237,1.7015284,1.6304805,1.6669099,1.7001731,1.6001501,1.5289534,1.5103567,1.5183972,1.5346439,1.5691557,1.6375042,1.5995892,1.5681202,1.5597286,1.4859896,1.5436783,1.494751,1.4314979,1.4127436,1.5427424
2.297319,2.3215623,2.296655,2.29907,2.3116865,2.3025126,2.3003423,2.2983131,2.3008394,2.3048425,2.3055115,2.2864726,2.2975035,2.2774096,2.292708,2.2986152,2.2836287,2.2772799,2.262307,2.3066626,2.2759905,2.2619793,2.2596912,2.2631922,2.2516935,2.2363818,2.224132,2.2309086,2.163954,2.220541,2.206751,2.161337,2.219894,2.1483152,2.1754913,2.1789987,2.1805546,2.1358857,2.0995693,2.1321802,2.084043,2.0843487,2.059942,2.1036897,2.0421596,2.05758,2.0222874,1.9535062,2.1022663,1.9951614,1.9634838,1.9298403,2.025758,1.9534457,1.9012249,1.9183581,1.9056468,1.9837208,1.8633423,1.92768,1.8781172,1.811754,1.8480767,1.8029767,1.8730351,1.8472049,1.8788352,1.7938182,1.8115187,1.7865832,1.7218426,1.7264926,1.827791,1.6994271,1.7559133,1.6019106,1.6950501,1.6267362,1.7131152,1.6811018,1.7469977,1.6324873,1.6765928,1.6255445,1.6065857,1.6385753,1.6955168,1.581249,1.6296906,1.5832492,1.5956783,1.5731475,1.5745728,1.4947548,1.4983232,1.4934667,1.508287,1.4849753,1.5170894,1.5455067
2.3133073,2.2906227,2.2996259,2.3167734,2.2847052,2.3055868,2.2705476,2.2946584,2.309648,2.307124,2.2859101,2.3026576,2.3123937,2.2801843,2.2964919,2.2799978,2.263546,2.2754686,2.2546897,2.2542562,2.283823,2.2535715,2.235738,2.271456,2.240513,2.264597,2.2326865,2.207975,2.1912134,2.2338889,2.2311654,2.2180467,2.2173142,2.141533,2.133617,2.1433997,2.1558857,2.1485424,2.231201,2.1063533,2.1244073,2.177154,2.1144476,2.1208959,2.1459165,2.0473695,1.9941909,2.0871532,2.0217304,2.0111647,2.0624487,2.1243834,1.9320334,1.9883859,1.9576297,2.0018091,1.8748543,2.0268996,2.0178401,1.9460999,1.9138397,1.9331875,1.7496636,1.848906,1.7581582,1.7764692,1.878829,1.8076835,1.8302743,1.7841339,1.7678821,1.8669479,1.7443953,1.663468,1.7187145,1.7168471,1.7441084,1.8391141,1.7448013,1.7411021,1.6857964,1.634681,1.6923733,1.6615801,1.6756411,1.6868933,1.6817362,1.6668082,1.5611738,1.5765276,1.5323637,1.5484133,1.461225,1.5308465,1.5333734,1.5247647,1.5155193,1.5193692,1.6282675,1.5911169
2.2998414,2.3071048,2.3013132,2.3091283,2.3085585,2.291222,2.2995791,2.3040702,2.2821379,2.2790036,2.302785,2.2996883,2.2928991,2.3056445,2.295092,2.27426,2.2732482,2.2831106,2.3155036,2.2787368,2.2547631,2.267045,2.2814577,2.2555547,2.2291477,2.261183,2.2153018,2.1986647,2.2435634,2.217243,2.180164,2.220444,2.1963592,2.1945918,2.1807313,2.1740718,2.1869473,2.132927,2.0682008,2.1507614,2.0833073,2.1206286,2.110928,2.0833724,2.0905056,2.0152378,2.0680342,2.0672493,1.9167659,1.9828017,1.9974239,2.006084,1.9592898,1.8232834,1.7897736,1.9488169,1.893447,1.8636343,1.9151437,1.9217286,1.8911316,1.8609748,1.800516,1.8243952,1.8495932,1.841361,1.7199825,1.7207751,1.6916237,1.6327884,1.8314166,1.8181806,1.6632886,1.6920748,1.7290616,1.6620159,1.5549346,1.6696758,1.6603256,1.5976342,1.6381539,1.5836629,1.5725658,1.5680563,1.5468249,1.6364658,1.5520581,1.6300634,1.5185871,1.3659313,1.5277818,1.5233679,1.457858,1.4020088,1.4393408,1.5023586,1.4446757,1.4477334,1.4800153,1.4136376
2.3094435,2.3038077,2.3105009,2.3026752,2.3042018,2.3059945,2.3139844,2.3014317,2.302996,2.3115332,2.3020658,2.2834454,2.2844317,2.280818,2.2948976,2.271608,2.2821398,2.2847352,2.2519789,2.290491,2.2747183,2.2642193,2.25247,2.265203,2.2462072,2.2493367,2.2730963,2.2263927,2.2244005,2.2282362,2.2405274,2.2026563,2.2343621,2.181149,2.2060535,2.173344,2.1977382,2.1875806,2.211627,2.1659713,2.1267252,2.070168,2.0738719,2.093554,2.0578752,2.1399891,2.0487773,2.0093088,2.0718775,2.0539668,2.0989957,2.0633013,2.0298896,2.0102608,1.9377475,2.067587,1.9408557,1.9969499,2.0009475,2.0684319,1.9129602,2.0466294,1.929492,2.0515366,1.8949714,1.9116232,1.8809155,1.8754876,1.7930714,1.7186005,1.790511,1.7822138,1.7463589,1.8564476,1.7943916,1.8396151,1.7639868,1.8460431,1.7170771,1.7630355,1.6514857,1.6968125,1.6516252,1.7177291,1.710243,1.5977747,1.6374669,1.5536258,1.5675046,1.5972869,1.5727772,1.5893512,1.6053985,1.5881498,1.5424778,1.5870588,1.524185,1.571028,1.4729025,1.4697722
2.304289,2.3156674,2.3006234,2.313677,2.3071575,2.292233,2.3005447,2.2968855,2.3129926,2.3054683,2.3083706,2.3116062,2.3049364,2.276472,2.3061354,2.290576,2.278953,2.266693,2.2798362,2.2923806,2.2724805,2.2731485,2.2914662,2.2875462,2.2715771,2.2640467,2.2598152,2.2602816,2.2288437,2.2152815,2.226422,2.2250085,2.2341948,2.2378724,2.1985912,2.2129855,2.2019808,2.1967154,2.2213387,2.1382017,2.123002,2.1263509,2.107904,2.0925424,2.1515088,2.032712,2.060306,2.079049,2.0847902,2.0843315,1.9814028,2.0291696,1.9189912,1.9590136,1.9910744,1.8749905,1.9087744,1.9435627,1.8940201,1.9583222,1.907923,1.8160915,1.9153396,1.8563706,1.8657116,1.9462807,1.7400205,1.7053021,1.6641412,1.811981,1.8392198,1.6964924,1.7381649,1.712589,1.7545667,1.6844916,1.7130247,1.6928959,1.6773748,1.624543,1.6613489,1.6763184,1.6835974,1.5558231,1.6300159,1.5477227,1.5686437,1.5219226,1.5635123,1.5396396,1.4646742,1.5137918,1.5064672,1.4176991,1.5989118,1.4411647,1.5244117,1.4559608,1.4477998,1.465277
2.3050141,2.310064,2.2900171,2.3096404,2.3120317,2.3059306,2.2909532,2.2954054,2.310669,2.2926831,2.2747293,2.2960851,2.3000274,2.2700539,2.3020391,2.2817998,2.2941694,2.286954,2.2735019,2.2673643,2.2684577,2.225179,2.2767572,2.2420309,2.2159154,2.2296455,2.2164037,2.246047,2.257422,2.1887577,2.2002568,2.198583,2.207995,2.2263126,2.1615558,2.161565,2.1504455,2.1744535,2.2197747,2.0937939,2.1273549,2.0279424,2.0085864,2.0595355,2.0564032,2.0876641,2.0319192,1.9706544,1.9923093,1.972413,1.979013,2.0380454,2.0213785,1.9281842,1.9868957,1.9572115,1.8735179,1.8605464,1.820777,1.8669086,1.8160696,1.8366127,1.8896295,1.8124866,1.8205557,1.8295223,1.7235528,1.8245513,1.6073722,1.7403529,1.8353964,1.6867951,1.7329068,1.7574551,1.6141564,1.574949,1.661238,1.560937,1.6391071,1.6162033,1.5303466,1.5721792,1.5978613,1.6735744,1.5547714,1.5105009,1.5555587,1.5386914,1.4655983,1.5662884,1.4570733,1.4813237,1.5438807,1.4372201,1.4435542,1.437684,1.4401159,1.4401133,1.4301596,1.4064772
2.299923,2.2940555,2.318912,2.3082266,2.3076882,2.3090649,2.2954574,2.2927563,2.2920437,2.2891665,2.2951455,2.2958713,2.3112926,2.303717,2.2860312,2.2688375,2.295732,2.2719183,2.2772987,2.2997494,2.2888527,2.2695599,2.2686868,2.2588105,2.2431502,2.289312,2.2375076,2.282377,2.2544885,2.2632403,2.2195354,2.1850414,2.2091224,2.230706,2.242888,2.1943228,2.198988,2.1948247,2.1435332,2.1449819,2.1501482,2.2002583,2.0770788,2.1736403,2.1675725,2.1188045,1.9712121,2.1042066,2.0976517,2.0556998,2.0023985,2.044967,2.0059175,2.0528705,2.1353717,2.0910254,2.0536623,2.042356,1.9878646,1.9675368,1.9712472,2.030834,1.943464,1.7798917,1.7546861,1.9801495,1.8840324,1.8966568,1.9648545,1.7807531,1.9205568,1.8617487,1.7886853,1.8755044,1.8224174,1.7164019,1.7070427,1.8146551,1.8019865,1.8464253,1.7504163,1.6928316,1.7150221,1.6688905,1.5889367,1.6106732,1.62167,1.6464891,1.7094826,1.573968,1.6189456,1.6143428,1.5961792,1.6193805,1.4649097,1.5237606,1.5914915,1.4713475,1.6251256,1.5031673
2.3010712,2.293117,2.2957149,2.3176014,2.3154292,2.3062704,2.311244,2.295418,2.2907887,2.2927806,2.3004923,2.3075626,2.2626076,2.303141,2.2911532,2.2708015,2.2831266,2.2869685,2.2411451,2.280242,2.276894,2.2717988,2.2976818,2.1960168,2.267764,2.2228253,2.215483,2.2465048,2.2395618,2.1818728,2.1746416,2.2105742,2.2043054,2.221177,2.2532659,2.1560304,2.1129246,2.2088518,2.1562347,2.1808977,2.1841908,2.1939483,2.1140554,2.1119127,2.0695565,2.09609,2.0896144,2.161305,2.066856,2.0109725,2.083076,2.1055064,2.0657,2.0993996,1.9087276,2.056579,1.9747787,2.0300224,1.9528114,1.9918107,2.0344992,1.9217424,1.9489632,1.9284518,1.8650396,1.972764,1.9133432,1.8608899,1.9087503,1.8913404,1.8746747,1.829426,1.8859652,1.824358,1.8678544,1.7439082,1.8419914,1.7142547,1.8144763,1.6978816,1.7611086,1.7889378,1.7250159,1.7076523,1.8494503,1.7002809,1.6911134,1.6864783,1.6571647,1.6870835,1.6365314,1.6798639,1.6497297,1.6630311,1.4661003,1.6221123,1.573196,1.612664,1.5894375,1.6527617
2.2940426,2.2980938,2.294538,2.3090818,2.3035126,2.2982006,2.2976174,2.2919009,2.2984853,2.289882,2.2972226,2.3019192,2.2919962,2.2966752,2.2971869,2.2887406,2.2879252,2.2834444,2.2743077,2.2974014,2.2596436,2.266398,2.2542644,2.2706003,2.2679822,2.2457967,2.2283301,2.2325313,2.201321,2.210794,2.2090409,2.2326446,2.1768448,2.165662,2.1341057,2.1693573,2.1589694,2.2091565,2.1001287,2.0467062,2.1259866,2.1530328,2.073029,2.0878162,2.0912857,2.0331144,2.0937176,2.0084577,2.0174189,2.0341153,1.8943405,1.9823246,2.0374613,2.0366154,1.9646323,1.9173182,1.9430919,1.9497385,1.8489947,1.848111,1.8449765,1.8268993,1.8220836,1.8452008,1.8338735,1.7540741,1.7517501,1.7169026,1.6566253,1.748181,1.7571402,1.6309702,1.7574713,1.7199236,1.6357064,1.6728157,1.5712321,1.4556456,1.685703,1.5350097,1.5821929,1.461126,1.6766938,1.4861817,1.4585166,1.4836698,1.4954212,1.4573257,1.4269928,1.3887335,1.4017994,1.4030668,1.3935763,1.4688355,1.2868502,1.3454136,1.2784406,1.3105209,1.3032578,1.2840657
2.3051472,2.3090396,2.2754765,2.3205528,2.3031468,2.295033,2.2971146,2.3029208,2.3162017,2.2999032,2.295102,2.3046322,2.2980669,2.3092878,2.293671,2.2793741,2.272962,2.291997,2.2683408,2.2777405,2.2459397,2.271388,2.28645,2.2437367,2.2458947,2.272193,2.2515604,2.2006989,2.2059205,2.178852,2.232691,2.2313704,2.2246249,2.215497,2.2343314,2.2324076,2.1918182,2.1710508,2.1453872,2.118297,2.1612287,2.1563206,2.1711442,2.0973177,2.1883173,2.083932,2.014809,2.089179,2.0700967,2.0569506,1.9822298,1.999623,1.9964274,1.9656003,1.9885507,2.034514,1.9905143,1.9149268,1.9783764,1.9480773,2.011965,1.9586229,1.7882161,1.841373,1.7861129,1.9429592,1.8431499,1.8661807,1.8269565,1.8208938,1.8635143,1.807121,1.8039944,1.7975333,1.7764153,1.7250054,1.6851716,1.7945917,1.689292,1.6136779,1.6834722,1.7568791,1.7178013,1.6003258,1.6390367,1.6480422,1.6137199,1.5451154,1.5941892,1.5452986,1.5798271,1.5810976,1.5170497,1.552361,1.5148342,1.5721538,1.5705554,1.4616939,1.4725101,1.4456935
2.3015294,2.3059216,2.3013797,2.3027983,2.3005302,2.3050182,2.2945442,2.3036351,2.2985153,2.3005822,2.2932615,2.3021212,2.2781076,2.280055,2.2893229,2.2864542,2.2864783,2.275824,2.284809,2.268715,2.2725863,2.2606597,2.2524948,2.2810402,2.2733078,2.2496753,2.2337437,2.2351599,2.2092805,2.2321844,2.2438648,2.1661246,2.1988754,2.1727061,2.2122095,2.1773903,2.2048187,2.222066,2.1569529,2.0903926,2.1521616,2.148449,2.1386766,2.1189175,2.1617885,2.1109374,2.1220737,2.1061137,2.017728,2.1536932,2.1057625,2.0853744,2.0210547,2.1036935,2.000892,2.0308206,1.9385328,1.9994875,1.9278497,1.9665833,1.9618404,1.9784727,1.9252665,1.9782933,1.7986561,1.8397118,1.7735432,1.8511341,1.8472332,1.7317263,1.8801651,1.8034306,1.7487249,1.7898862,1.7579799,1.7825937,1.7464437,1.7127676,1.678272,1.633708,1.7255176,1.6962388,1.6162685,1.5967637,1.6724746,1.7091908,1.596112,1.6284423,1.5373173,1.6048435,1.5996116,1.5168498,1.5310332,1.5241733,1.4952841,1.5313905,1.5417802,1.469886,1.5387542,1.3935757
2.294558,2.3007073,2.297015,2.3065658,2.284819,2.2930202,2.293473,2.305633,2.2806666,2.3012915,2.303418,2.269049,2.2934341,2.2961357,2.2726245,2.2791371,2.2884133,2.2711544,2.2489607,2.270659,2.267769,2.2587883,2.2577727,2.2121727,2.25939,2.268826,2.259469,2.2565892,2.1951098,2.2090883,2.1765747,2.1544182,2.1855812,2.184845,2.150329,2.1879752,2.2030854,2.1287265,2.1801453,2.1912465,2.1886644,2.1212845,2.1929154,2.085894,2.1333694,2.046783,2.0218542,1.9675901,2.0690045,2.0708337,2.0613565,2.0564156,2.0215847,2.0513976,2.068685,2.0106862,2.014304,1.9839224,1.9879515,1.9957161,1.9121166,1.9316418,1.9084185,1.9103878,1.9412601,1.9250054,1.8351991,1.8580835,1.87271,1.7626934,1.8337826,1.814403,1.788784,1.7789093,1.8059305,1.7460074,1.7687359,1.7209402,1.5878484,1.7029811,1.6503252,1.6490172,1.6946568,1.7496284,1.7083597,1.6785245,1.6455702,1.6225117,1.6059247,1.6023352,1.584041,1.6095597,1.6340448,1.5584028,1.5090649,1.535147,1.5691867,1.5056014,1.533332,1.4714942
2.295367,2.302517,2.3002467,2.3008065,2.3070188,2.289092,2.3077378,2.2928507,2.303689,2.2992716,2.2905908,2.2623568,2.287616,2.285507,2.2761822,2.2703352,2.2861266,2.260943,2.2853236,2.2646856,2.2671354,2.2330108,2.2193527,2.2316005,2.2539077,2.2190087,2.2749925,2.192029,2.1627746,2.258874,2.204921,2.2323427,2.1714716,2.1652043,2.243404,2.1636066,2.0879772,2.193054,2.0842865,2.2015653,2.1515903,2.0974889,2.1514204,2.0658243,2.1474528,2.097785,2.1365838,2.0021024,2.0262916,2.0048752,2.0141902,2.0877106,1.9640335,2.0402207,2.0922463,1.9289792,2.1205742,1.9534687,1.9443111,1.9562023,2.006703,1.9205694,1.9090452,2.022935,1.9588742,1.8959243,1.8908664,1.9099705,1.8720026,1.786385,1.8228796,1.9433879,1.7571483,1.7543919,1.7907789,1.8364768,1.7029217,1.7236332,1.8244557,1.7573195,1.8354251,1.6782303,1.6402314,1.634063,1.7662303,1.7358685,1.632899,1.6493514,1.5782859,1.7196169,1.6474411,1.674304,1.5453782,1.6254334,1.646591,1.6045833,1.4980469,1.6115186,1.5952952,1.4768715
2.305886,2.2997358,2.2907848,2.2950563,2.294014,2.309925,2.3055468,2.3022683,2.2989967,2.2918172,2.2955744,2.2783942,2.2821383,2.2848825,2.2965622,2.3017604,2.2912922,2.289068,2.2729373,2.2508655,2.2750401,2.2292504,2.257399,2.2393572,2.2462626,2.2046514,2.2289064,2.2264261,2.2142544,2.234979,2.2146208,2.2105458,2.1821094,2.193865,2.222618,2.1123035,2.138752,2.2343545,2.1585715,2.137158,2.1469173,2.1449604,2.1694753,2.0617104,2.0790143,2.1005964,2.0533495,2.085168,2.1123207,2.0739822,2.0346117,1.9859129,2.010547,2.0279784,1.9622054,1.9760472,2.021057,2.0129938,1.9608972,1.9867833,1.949263,1.9447536,1.9905927,1.8952646,1.9938915,1.902283,1.8968818,1.8789446,1.8147621,1.910484,1.7572533,1.8602158,1.8824661,1.8498735,1.8451303,1.7928034,1.7490349,1.8635883,1.8574097,1.7449934,1.7431638,1.7441645,1.6504037,1.7473795,1.7211261,1.7144709,1.6905794,1.6299268,1.7646468,1.75948,1.663132,1.629801,1.6559441,1.5234227,1.7418976,1.5411465,1.6645945,1.6782999,1.6175373,1.6512321
2.297457,2.3071043,2.3015847,2.3046243,2.2999673,2.306674,2.3080473,2.29267,2.3086195,2.3022864,2.2873037,2.2793264,2.291391,2.2802079,2.2457294,2.2977161,2.2539566,2.2951388,2.2484527,2.271223,2.2218876,2.2644348,2.2626784,2.2548947,2.2517629,2.2411504,2.2195835,2.2268074,2.235668,2.2352157,2.1929026,2.209773,2.2121403,2.1774516,2.2116528,2.1126928,2.2301366,2.1915903,2.1817875,2.1676588,2.1613214,2.14995,2.0336442,2.0081396,2.021216,2.0189135,2.0368655,2.0517473,1.986637,1.9845363,1.9755983,1.8621037,1.9808941,1.9767092,1.9403598,1.9077098,1.9808472,1.8360784,1.8655329,1.8298395,1.795084,1.8363187,1.8538152,1.7935483,1.8356912,1.7941093,1.8471506,1.8175308,1.7814499,1.6864752,1.7640818,1.7313918,1.69926,1.6499989,1.7207551,1.6047754,1.7082171,1.6812366,1.4965341,1.5451655,1.687648,1.6219835,1.6730133,1.581471,1.6346816,1.5123479,1.5560528,1.5653481,1.4974463,1.562767,1.4498074,1.5384908,1.5406137,1.5065907,1.5725381,1.4542896,1.5229692,1.4789706,1.4908726,1.4782434
2.3005052,2.316221,2.3124304,2.3233018,2.313073,2.3094852,2.2883701,2.2946317,2.2975225,2.3007236,2.2879782,2.2956233,2.2792025,2.2986674,2.2960901,2.272888,2.2589319,2.2510743,2.272789,2.2842758,2.2860484,2.3047476,2.2526803,2.2332683,2.2334406,2.2523375,2.2307415,2.2598317,2.2456317,2.232047,2.2060893,2.1719108,2.2104445,2.1826816,2.203629,2.1151605,2.1531367,2.1103857,2.1426435,2.0965126,2.109672,2.145224,2.100353,2.1610703,2.1197355,2.0457306,2.1027272,2.0871544,2.0486221,2.0041895,1.9872705,1.9958352,2.0834174,2.0902028,2.0627594,1.9884508,1.9552952,1.9482851,1.8748764,1.9820526,1.8867984,1.9688826,1.9114718,1.9049228,1.9124014,1.8800673,1.8319772,1.8360384,1.783764,1.8276155,1.8345321,1.7893758,1.7086215,1.8028125,1.7044494,1.7751367,1.8606746,1.770055,1.7166345,1.7773204,1.7536532,1.7025853,1.628857,1.691587,1.7156324,1.6272535,1.6435845,1.7434992,1.6645129,1.5584445,1.5497227,1.6713598,1.6077347,1.6406676,1.6562514,1.6265991,1.5468979,1.4527922,1.5142963,1.5252885
2.3104315,2.3068767,2.303782,2.3003478,2.2996619,2.3045578,2.306884,2.2964084,2.3194337,2.2969985,2.3059118,2.288538,2.2786326,2.3008657,2.2892017,2.2896533,2.2745085,2.2831304,2.2556982,2.2698014,2.2815444,2.243086,2.2474067,2.237307,2.2777297,2.2461152,2.2082276,2.2346203,2.1747687,2.2025967,2.2307284,2.203621,2.2206707,2.2101698,2.21186,2.1199784,2.086113,2.1938994,2.164197,2.0681973,2.0985606,2.0926797,2.065994,2.1489563,2.091422,2.1098847,2.0431373,2.1351814,2.002039,1.9470562,1.8954676,2.0006692,1.9754238,1.953329,2.0068958,1.9219303,1.9679596,1.872458,1.8349581,1.9084852,1.9184084,1.971072,1.8622348,1.8765467,1.7773578,1.8468689,1.774098,1.8258476,1.7251792,1.8049928,1.8412802,1.6955369,1.695985,1.7219853,1.686056,1.6705132,1.6358479,1.6191264,1.6794802,1.6447452,1.5486171,1.5373044,1.6426642,1.6352646,1.4887829,1.5885822,1.540887,1.5450358,1.4755559,1.5111861,1.4833986,1.4913871,1.4840853,1.381112,1.3692678,1.3972529,1.4907737,1.5087308,1.4235706,1.3939643
2.3155904,2.292532,2.3124225,2.3123732,2.3055084,2.3013182,2.2982097,2.3020554,2.3026192,2.2925565,2.3037128,2.3028402,2.309421,2.3077877,2.298905,2.2840211,2.3039687,2.269847,2.2922685,2.2734592,2.2780228,2.27313,2.2329142,2.244301,2.2672186,2.249376,2.1864429,2.2125897,2.201019,2.2073762,2.2339334,2.2217274,2.17484,2.1290672,2.21305,2.1253455,2.241219,2.1468418,2.2188911,2.1560931,2.1699681,2.1102254,2.032363,2.105487,2.1068146,2.09376,2.0862255,2.1021743,2.0843883,2.0404944,2.0760794,2.0629241,1.955676,2.0410156,1.937568,1.9570329,1.9841367,1.929435,1.9426434,1.9429357,1.9103506,1.9019041,1.8807948,1.8352269,1.8862717,2.0137873,1.8600334,1.8498198,1.9061966,1.7507493,1.8966662,1.8318809,1.8487531,1.8006822,1.8753247,1.8399277,1.819851,1.8633687,1.7533417,1.6786029,1.8180658,1.6952403,1.7196342,1.660465,1.5832527,1.7207713,1.6321412,1.6387675,1.6271038,1.6467282,1.5665979,1.6356694,1.6858267,1.6363447,1.6294308,1.5861933,1.5821522,1.630696,1.578696,1.6107285
2.299167,2.306539,2.3065517,2.3106213,2.3080208,2.291833,2.2846239,2.2968524,2.2874887,2.2909033,2.3018694,2.2785316,2.2966423,2.2842393,2.2945366,2.2838643,2.2782795,2.290246,2.2603047,2.2757218,2.2699385,2.262927,2.252293,2.2691228,2.2786405,2.2521405,2.2547922,2.2516267,2.268718,2.2195294,2.15591,2.250665,2.1707923,2.2582173,2.2016985,2.1689172,2.1802406,2.1764767,2.1591084,2.0864003,2.1585176,2.045381,2.1269245,2.1504784,2.119403,2.018304,2.1765847,2.0356238,2.0011845,2.1005673,2.0770736,2.078192,2.0097187,2.0695477,1.9600816,2.059258,1.9972254,1.9284322,2.0322475,2.0586317,1.920652,1.8441961,1.840153,1.8533573,1.8761578,1.8763671,1.9312899,1.9534051,1.9847661,1.8910384,1.736465,1.8975506,1.8673718,1.8869805,1.8780594,1.8733156,1.6769965,1.828419,1.8023545,1.8060019,1.7004347,1.8186753,1.7051194,1.669229,1.6083572,1.7458757,1.7055871,1.7141078,1.6492658,1.5823758,1.7524978,1.6812227,1.605158,1.6275765,1.6487385,1.5600071,1.5577104,1.4685731,1.4135406,1.5119075
2.3069477,2.2969184,2.3025322,2.3022742,2.3176131,2.308052,2.304111,2.2923598,2.3063354,2.2976553,2.3025632,2.2776446,2.3000722,2.3031394,2.3026094,2.2866638,2.288055,2.3058953,2.2778177,2.3007011,2.271812,2.2711847,2.2699301,2.2683768,2.2516804,2.222183,2.2185955,2.2272897,2.2252111,2.2235963,2.1838636,2.176496,2.2009616,2.1961515,2.148839,2.1992693,2.158945,2.1134293,2.2133207,2.2054918,2.1300077,2.1126924,2.1674552,2.082376,2.1084247,2.09179,2.0701241,2.105574,1.9788818,2.0306954,2.0149803,1.9003977,1.9403057,2.0260103,1.9653481,1.9027469,1.8703878,1.8137637,1.9594684,1.8837061,1.8224938,1.833133,1.8911126,1.8071524,1.7960294,1.8409555,1.8633461,1.7653933,1.747283,1.7131774,1.7661648,1.6149201,1.7722921,1.61897,1.6050844,1.6133555,1.6561114,1.6869198,1.5388652,1.651521,1.6065327,1.6568882,1.5665698,1.5637407,1.5946089,1.5896902,1.6094952,1.5281957,1.5467381,1.550013,1.585075,1.578674,1.5510154,1.4670671,1.54719,1.4258494,1.5304372,1.4052358,1.4334669,1.3497413
2.3172407,2.2990525,2.3008518,2.3108618,2.29665,2.3218174,2.297725,2.3046098,2.2984378,2.306544,2.2963219,2.2922955,2.2802515,2.2853458,2.2681463,2.304771,2.266842,2.2672822,2.2861724,2.2626915,2.244429,2.2309475,2.2680316,2.2398372,2.2375286,2.2015226,2.2064972,2.1952658,2.2096405,2.1932855,2.1801004,2.200617,2.236713,2.1644716,2.192431,2.1446288,2.160871,2.1352768,2.1450212,2.1277413,2.1136844,2.1121516,2.1221967,2.0897899,2.1645925,2.1133265,2.0905135,2.0362897,2.084454,2.058065,2.0331273,1.9864018,2.0058827,2.045666,2.051949,1.9532121,2.0224462,1.9541833,1.9131021,1.9209492,1.8336079,1.8470311,1.9174228,1.8923087,1.8558843,1.9205828,1.8725286,1.7504022,1.8564321,1.8496139,1.8543743,1.8786227,1.7784786,1.668642,1.8006825,1.7149874,1.8064181,1.8296316,1.7496662,1.6505383,1.7246398,1.6544327,1.7161423,1.6995051,1.7777171,1.6718061,1.6956915,1.6580642,1.5886539,1.652243,1.6562417,1.5939798,1.6517535,1.6343486,1.529311,1.6124319,1.5820627,1.6638067,1.5770416,1.599544
2.311147,2.3036141,2.2995784,2.30751,2.292681,2.3028288,2.2968385,2.3006058,2.2969403,2.2896957,2.3089464,2.29742,2.3016055,2.2906513,2.2848852,2.2935386,2.2973237,2.2597005,2.2936852,2.2529216,2.2781491,2.2543876,2.240058,2.2404063,2.2187276,2.2335312,2.2127433,2.2730837,2.2421787,2.2225025,2.2188733,2.236867,2.2316198,2.1641488,2.1832585,2.196926,2.1964455,2.1236644,2.195277,2.1600618,2.129446,2.1522367,2.1004562,2.205101,2.1012506,2.0772626,2.0604293,2.0452027,1.9629179,1.9773972,2.1024864,1.8442377,2.0257354,2.0138953,1.8395778,1.9718072,2.0130153,1.9624878,1.9027963,1.9676995,1.9889153,2.011403,1.9147811,1.9081008,1.8525829,1.8799988,1.8217957,1.7865741,1.7660135,1.7546391,1.7996125,1.8634423,1.8028913,1.79897,1.7660092,1.715125,1.7797353,1.6459279,1.6450016,1.743151,1.7333434,1.6850953,1.6250966,1.7275943,1.527265,1.7211872,1.6905406,1.6227274,1.5745652,1.5195255,1.629271,1.5987171,1.6393692,1.4923803,1.536227,1.4626255,1.4951353,1.5287875,1.5521483,1.555244
2.3136926,2.309711,2.3051655,2.3134892,2.297139,2.3029394,2.2953575,2.2980375,2.317501,2.310687,2.2992349,2.2995408,2.3055496,2.296372,2.2946603,2.3023562,2.300435,2.3059707,2.2892303,2.281671,2.282762,2.2691534,2.2617211,2.2579794,2.2832968,2.2730665,2.2616732,2.269747,2.258958,2.2331328,2.218339,2.2152247,2.1767492,2.2013855,2.1782174,2.1863656,2.175752,2.1602678,2.166057,2.1392045,2.0812094,2.0775065,2.0923753,2.0426733,2.026077,2.0727851,2.0505834,2.0415664,1.9348898,1.9974947,1.9735236,1.9665318,1.9023006,1.8320836,1.8432742,1.8675199,1.8608539,1.8247628,1.8701677,1.8838859,1.8790059,1.807107,1.8706396,1.7263753,1.6605456,1.7534747,1.6813998,1.6143787,1.6650876,1.6913074,1.5940473,1.6096095,1.7058945,1.6364433,1.6713309,1.6007645,1.6485023,1.604918,1.5186579,1.5871304,1.5113094,1.463218,1.5005468,1.5289713,1.5120555,1.4129778,1.4250102,1.5001438,1.4959276,1.5108521,1.4769835,1.469708,1.4115885,1.4106411,1.415782,1.3947366,1.3038416,1.4745195,1.3705419,1.2541184
2.2996106,2.3027089,2.3038461,2.2935133,2.3074856,2.2989018,2.3122458,2.3028579,2.304297,2.2952294,2.2898393,2.2949982,2.289041,2.3060431,2.2701793,2.3055148,2.2876463,2.278039,2.2871218,2.3077135,2.2663302,2.279262,2.289624,2.2629108,2.2539778,2.2666924,2.2332015,2.2587914,2.1903782,2.2340546,2.256384,2.1919746,2.179964,2.162468,2.2175577,2.2000096,2.2168512,2.1593504,2.122694,2.1125224,2.1580784,2.133912,2.08354,2.0985389,2.0156248,2.0912464,2.0416899,2.0483208,2.053645,1.9456419,2.0516882,1.9867164,2.0225391,1.9696362,1.9912335,1.9796135,1.8532581,1.9091164,1.9225876,1.9193752,1.9529265,1.8273611,1.8450146,1.9030794,1.8622311,1.8755076,1.8981652,1.7529247,1.7765454,1.7638074,1.7923967,1.6918038,1.7286545,1.7148111,1.758489,1.7355429,1.7301544,1.69993,1.7552028,1.6856458,1.6350864,1.5108181,1.7561159,1.671854,1.545804,1.5496709,1.4898622,1.6366543,1.6309216,1.5451845,1.5543793,1.5623062,1.510011,1.5411048,1.5386472,1.4940853,1.472866,1.4159945,1.4921625,1.4596622
2.2961893,2.3006258,2.2977273,2.310549,2.2968643,2.2973685,2.2893674,2.3025184,2.3080626,2.2963338,2.297367,2.2744875,2.2950516,2.286341,2.2988997,2.2967496,2.2679472,2.2782047,2.2827818,2.258126,2.253102,2.248418,2.246913,2.2433496,2.2826016,2.2158637,2.2616935,2.2678518,2.2155986,2.2027726,2.233758,2.1541662,2.1879168,2.2387655,2.1988146,2.1027641,2.1827335,2.132814,2.0773635,2.159902,2.150199,2.0860534,2.09718,2.1270244,2.1116343,2.062392,2.054828,2.0720294,2.0982985,2.0738728,2.08399,1.9853927,1.9958882,1.9867377,1.988862,1.8520187,2.0939054,1.9854019,1.9786853,1.9647137,1.904137,1.9269639,1.9451734,1.8223051,1.8595562,1.9062457,1.7820532,1.7959722,1.8590008,1.9073038,1.8806449,1.7182326,1.8236141,1.8307973,1.7584009,1.8670403,1.7664948,1.6959544,1.640297,1.6173607,1.6920333,1.6384696,1.6139388,1.722935,1.6508197,1.6283288,1.5989892,1.5608618,1.6246414,1.5801142,1.5221193,1.5380964,1.609054,1.5561677,1.4540628,1.6290369,1.4863186,1.4613883,1.5977471,1.4960852
2.305208,2.3086524,2.3183382,2.296085,2.3157983,2.2952528,2.3060122,2.2872198,2.3081162,2.2970185,2.287366,2.2897666,2.2982013,2.2930489,2.298595,2.2979646,2.2819645,2.2747333,2.2578826,2.2589138,2.2751904,2.2722683,2.2524023,2.2390194,2.271871,2.2533188,2.2480886,2.2780206,2.2436376,2.2260046,2.193369,2.2233233,2.193799,2.1845102,2.215819,2.1684284,2.1623611,2.148842,2.1538584,2.0505672,2.1231012,2.140919,2.0649588,2.072583,2.0020852,2.0308228,2.0512683,2.048394,1.9884746,2.033884,2.0133681,1.9923381,1.946058,1.9375738,1.9652153,1.8885992,1.8642933,1.8253286,1.9037211,1.8707592,1.8614832,1.8706193,1.8410547,1.7373171,1.8606374,1.7482538,1.8244653,1.7649577,1.7073466,1.6759052,1.799609,1.7407017,1.7244189,1.7053332,1.741513,1.6986659,1.7181484,1.6644813,1.5552553,1.6698728,1.6598403,1.5370677,1.6163676,1.529388,1.601207,1.5511904,1.5196023,1.5639719,1.5379328,1.5883539,1.495425,1.5028073,1.5191729,1.4574517,1.4200661,1.5044305,1.40398,1.3608477,1.4795935,1.4221925
2.3067818,2.3062124,2.3136268,2.3001435,2.3030434,2.2901769,2.2876441,2.3113432,2.3019466,2.2949536,2.3064582,2.2981896,2.2958174,2.3093686,2.2918873,2.3066592,2.2827797,2.2702298,2.2812126,2.2798495,2.2915864,2.262721,2.270504,2.2480226,2.248013,2.248618,2.2265732,2.22289,2.2483177,2.1742163,2.1851711,2.219032,2.1794925,2.185541,2.1616616,2.1828415,2.071868,2.1104708,2.1938,2.1502297,2.108995,2.0757422,2.0573673,2.017839,2.0352392,2.0879328,2.0967455,2.0524824,2.005702,1.895931,1.9743751,1.9961603,1.9032722,1.9502865,1.8438879,1.9275644,1.9281203,1.9414968,1.8507879,1.7465699,1.850968,1.8234813,1.8629026,1.8099371,1.7511548,1.8066065,1.7473001,1.7468234,1.7256117,1.6201134,1.7557552,1.7644613,1.594044,1.7621096,1.6924831,1.5544857,1.6053553,1.6280723,1.6113434,1.637011,1.5854571,1.5402567,1.5112302,1.5741359,1.4903173,1.4935794,1.5366701,1.5250531,1.4863904,1.3785113,1.428904,1.4386847,1.4533043,1.4396132,1.4367669,1.3430097,1.295726,1.3724506,1.4339857,1.3841965
2.2980824,2.3125892,2.3027015,2.305801,2.293008,2.292958,2.2878366,2.3084092,2.309308,2.3183775,2.3033028,2.3006282,2.3053737,2.2883046,2.292373,2.3046274,2.3017962,2.2746627,2.2755635,2.291655,2.2745767,2.2786384,2.2580953,2.2744765,2.2955437,2.2268066,2.2419214,2.2733004,2.236927,2.23699,2.2019813,2.211436,2.1758947,2.2074995,2.1853418,2.1976247,2.1630871,2.1445746,2.1162302,2.1505537,2.11979,2.1177168,2.103918,2.0657034,2.1347775,2.124842,2.0080905,2.0456324,2.066988,2.049476,1.9302211,1.9128032,1.847736,2.0271626,2.027174,1.972614,1.92173,1.8194726,1.906779,2.0164266,1.9165989,1.8177485,1.9391437,1.8457159,1.810797,1.8550017,1.7771497,1.7643087,1.769875,1.666251,1.8033097,1.781296,1.7590805,1.6800833,1.7831714,1.7617764,1.7181106,1.6287906,1.7093258,1.7025838,1.6595426,1.6275432,1.5917618,1.6629744,1.6437733,1.5969248,1.6823592,1.4702826,1.598545,1.6000261,1.4984834,1.4624915,1.5907263,1.6158838,1.532299,1.6808779,1.5138779,1.5444727,1.491813,1.5426319
2.3031204,2.3033895,2.3020194,2.3051775,2.3098617,2.304628,2.315578,2.3096688,2.3183327,2.2923694,2.2990606,2.2919605,2.2959514,2.3004413,2.2903314,2.3071427,2.2855864,2.286452,2.2820814,2.294598,2.2638297,2.295685,2.2603917,2.2458317,2.2451143,2.2485743,2.2560236,2.2153063,2.2261095,2.2462816,2.2041984,2.2431355,2.1915905,2.2188158,2.2072406,2.2123377,2.200025,2.1930957,2.1936903,2.1430306,2.1567388,2.1847072,2.1265016,2.0929449,2.1478097,2.05375,2.0491347,2.0340877,2.0680792,2.0664918,1.9963166,2.0306914,2.0723302,1.9239997,1.9799049,1.9749804,1.9934235,1.9945116,1.9839212,1.9162397,1.7211508,1.8982787,1.8576375,1.8046098,1.819756,1.8359233,1.8230596,1.8930407,1.7356172,1.8329091,1.8513552,1.7139034,1.7725434,1.7162343,1.6434771,1.7664578,1.6047833,1.7440908,1.5926183,1.6417418,1.6869485,1.6299038,1.5969014,1.5495414,1.6866245,1.5418949,1.5844798,1.563903,1.5479646,1.5171927,1.5685474,1.579101,1.5383253,1.4412664,1.4421535,1.4172692,1.4971617,1.3931205,1.4488716,1.4228973
2.297893,2.3054793,2.310535,2.3082638,2.3014345,2.285969,2.3078296,2.2868764,2.288493,2.3015866,2.2898407,2.2805357,2.2886314,2.2729032,2.283277,2.2948222,2.2744632,2.2892282,2.2944603,2.2568893,2.2622352,2.295075,2.2494059,2.256025,2.2581449,2.199932,2.2464142,2.1986966,2.2053356,2.1745768,2.2236996,2.190094,2.1889138,2.2376873,2.1864643,2.2548223,2.1522777,2.1886635,2.122235,2.1490383,2.1015089,2.1343408,2.1550746,2.1230793,2.1073716,2.114305,2.0775747,2.1226182,1.9676365,2.0815291,1.9700649,1.9658122,1.8475385,1.9101754,1.9123759,1.9148682,1.9819012,1.9052689,1.9360487,1.9005694,1.936859,1.9354159,1.8180103,1.893023,1.9136965,1.8568426,1.8713114,1.7563857,1.8299744,1.7535789,1.6963872,1.7448144,1.7353572,1.7063924,1.6636497,1.7312056,1.7088906,1.7026377,1.6770781,1.6886054,1.5790542,1.538247,1.6421688,1.6127111,1.5712913,1.6237289,1.5068784,1.4938098,1.353519,1.5190668,1.4781383,1.5276219,1.5117768,1.4084048,1.3820608,1.506592,1.3843684,1.3828082,1.4214132,1.2843821
2.3027077,2.3110712,2.3082752,2.306071,2.2991953,2.304006,2.3165617,2.2990544,2.2983425,2.3104513,2.2875102,2.2865715,2.3102963,2.2825096,2.2744567,2.277866,2.279103,2.2645388,2.2833319,2.281727,2.250537,2.265028,2.2738028,2.2463107,2.2299194,2.252142,2.230604,2.2589066,2.231256,2.202042,2.2095375,2.2036884,2.201226,2.2031155,2.1677022,2.2170408,2.194652,2.188422,2.0836904,2.0639658,2.1089687,2.1469584,2.0879397,2.0596027,1.9874002,2.0889983,2.1038754,1.9626544,1.96308,1.9377549,1.9499775,2.0177622,1.96597,1.8311552,1.9258734,1.8589404,1.9644096,1.8525836,1.8732519,1.8058076,1.8271304,1.7996855,1.8411877,1.8084825,1.7692165,1.705626,1.8276777,1.8571528,1.8188148,1.765131,1.661804,1.7537111,1.6212301,1.6513951,1.6777595,1.6929213,1.7059797,1.7447892,1.6155388,1.703424,1.6116226,1.671498,1.5969608,1.6133354,1.6141359,1.6050365,1.6333163,1.5576048,1.530446,1.5967395,1.6444225,1.5539963,1.4787602,1.686856,1.467847,1.4468474,1.5398908,1.4545525,1.5370644,1.480458
2.3073301,2.3112364,2.3092089,2.317102,2.3075726,2.2904735,2.296763,2.2978244,2.2858987,2.2925649,2.2872214,2.29161,2.2989814,2.2856948,2.2820764,2.2950668,2.2968373,2.259971,2.2605402,2.281404,2.260719,2.2534575,2.2542043,2.243909,2.2454226,2.244041,2.2752995,2.242302,2.2015476,2.2034383,2.2048106,2.1714,2.1891427,2.182764,2.1832776,2.2194762,2.1701746,2.1822202,2.1018143,2.1226468,2.1439342,2.1236284,2.175187,2.146193,2.16383,2.1588366,2.1085029,1.920552,2.1017342,2.0631187,2.1334527,2.0378292,1.9959557,2.0279582,2.081409,1.9103053,1.8876309,1.9822744,1.9819207,1.9798441,1.8972194,2.0422792,1.9552586,1.9775817,1.8444593,1.8528011,1.9257271,1.9005902,1.8801751,1.898045,1.8364314,1.9523075,1.9033759,1.7868445,1.8666146,1.8002226,1.754481,1.735061,1.8421291,1.9043946,1.766245,1.8260794,1.8954825,1.7742462,1.7259488,1.6430852,1.7566161,1.6947032,1.5554326,1.6782362,1.6978207,1.7119995,1.7391421,1.701232,1.6275575,1.5320157,1.6383295,1.5989007,1.5527052,1.5431349
2.2967157,2.3133802,2.2955084,2.3112745,2.3077273,2.298018,2.3082824,2.297463,2.2939794,2.2912016,2.2849715,2.3056512,2.2934422,2.2850127,2.293666,2.2765386,2.2859004,2.2582731,2.2685304,2.2754388,2.2891614,2.2614279,2.2789636,2.2614021,2.2838602,2.2619028,2.2642586,2.2766366,2.2001076,2.2124789,2.169814,2.2323768,2.2191665,2.2173154,2.225951,2.2128618,2.1948738,2.1412346,2.1929822,2.1012006,2.1334171,2.0796258,2.0847082,2.1661413,2.0800688,2.0100892,1.9886138,2.0349708,2.15133,2.0106206,2.0524848,1.9494754,2.0979962,1.9418416,2.050816,1.9892911,1.9727143,1.9559113,1.9477216,1.9459455,1.9915857,1.9964845,1.9270728,1.8079013,1.8409386,1.8798685,1.7574733,1.8712207,1.849551,1.7273401,1.7564383,1.7731853,1.7799579,1.7379802,1.7501836,1.6542048,1.6971886,1.7448164,1.6883621,1.5768211,1.774384,1.6452689,1.5859746,1.5715923,1.4538383,1.5841446,1.6479912,1.5036385,1.5897464,1.5608284,1.4348445,1.5042013,1.5216496,1.4450331,1.498754,1.474829,1.4653308,1.4589498,1.5055778,1.3950411
2.2999692,2.298337,2.3161032,2.30606,2.315382,2.3005152,2.3034987,2.2924104,2.2951326,2.2998424,2.3025928,2.3017178,2.3044732,2.306356,2.2903314,2.2948442,2.2790287,2.2982454,2.2819676,2.2648866,2.2739592,2.2598112,2.2742803,2.2763371,2.2701297,2.2341752,2.2266648,2.2790298,2.2407024,2.2197406,2.2323825,2.1675901,2.1725216,2.2234368,2.1860685,2.1609495,2.1981494,2.182708,2.1469755,2.1337306,2.1272988,2.1275291,2.107225,2.0339048,2.0405345,2.0069244,2.0965505,2.1108518,2.0791154,2.0531921,1.9451833,1.9784327,1.9503293,1.9642828,1.8737137,1.9370638,1.9335576,1.9217471,1.9130805,1.8859162,1.8841298,1.8184719,1.8442519,1.81088,1.8644904,1.7696266,1.8417039,1.7471597,1.7063297,1.6380701,1.7304797,1.7013448,1.6814651,1.6799209,1.6794634,1.6647029,1.6791832,1.6907194,1.6818521,1.6378822,1.6713845,1.6376176,1.5126667,1.5426996,1.5872009,1.6031715,1.5867013,1.4847314,1.5499963,1.5415369,1.4481512,1.5012441,1.5667127,1.5005027,1.5122982,1.5717881,1.3992157,1.4964159,1.5078168,1.4621798
2.2967992,2.3114214,2.2995167,2.309642,2.3079445,2.2945025,2.2988439,2.2902153,2.3036993,2.293665,2.2890592,2.2818835,2.2950869,2.287136,2.2793157,2.292191,2.2757776,2.2830853,2.2665691,2.2832394,2.2861838,2.2582703,2.2745576,2.2647588,2.2750654,2.253892,2.2912703,2.2565627,2.241447,2.2427332,2.235357,2.209092,2.2232127,2.2204027,2.2051406,2.1833973,2.2121296,2.1925526,2.177844,2.1479874,2.0944467,2.1168618,2.134665,2.091105,2.1056063,2.1644754,2.056089,2.1143732,2.0133255,2.116675,2.004122,2.062272,2.0065029,1.9446563,1.9114262,2.011221,2.0605993,1.9540194,1.8778015,1.8492094,1.9110061,1.8531107,1.9775045,1.8698546,1.8528762,1.8449233,1.8675158,1.841188,1.8428578,1.8522259,1.8141403,1.6963404,1.813103,1.7747167,1.733113,1.6981438,1.7488657,1.6444535,1.718458,1.6456425,1.733254,1.7783897,1.6348076,1.5711297,1.6132654,1.542847,1.5711185,1.5209706,1.5867423,1.530364,1.6156554,1.5725907,1.5466108,1.5321233,1.4767182,1.5285187,1.4508438,1.5215667,1.4529216,1.4874951
2.2966008,2.3058488,2.300659,2.3182325,2.3060873,2.3116233,2.3071914,2.2901182,2.2856648,2.280132,2.2996423,2.3100638,2.2887878,2.2896717,2.2823954,2.2837315,2.2753036,2.2924693,2.2776356,2.2723534,2.2608454,2.2523053,2.2712405,2.2325697,2.257082,2.212567,2.238587,2.2202773,2.2719855,2.2293336,2.2452064,2.1971571,2.1685514,2.2300763,2.198203,2.1867936,2.1553166,2.1473827,2.152586,2.1958318,2.153705,2.110044,2.10727,2.1365125,2.094316,2.1032553,2.0510092,2.0752788,2.0985823,2.0955162,1.9769738,2.0327952,2.0352876,2.0188732,2.0233464,1.9560483,1.9786807,1.9890558,1.8334812,2.0332873,1.9274923,2.0113444,1.8304979,1.9406226,1.9536041,1.8818018,1.7934011,1.8614532,1.827914,1.8778809,1.7819955,1.7601709,1.746175,1.8115851,1.6652068,1.7170898,1.7454909,1.6602069,1.6973872,1.6870804,1.6726391,1.6792781,1.7188615,1.6917517,1.6144929,1.5651733,1.5968168,1.468742,1.6032374,1.6440296,1.6709936,1.5926402,1.5448323,1.5059972,1.4954937,1.5142754,1.6394908,1.5095968,1.5955113,1.4194899
