# optimizer: Adam, problem: quadratic
3.400314,3.3500893,3.3003983,3.2512503,3.2026532,3.1546159,3.107146,3.0602515,3.0139384,2.9682145,2.9230852,2.8785563,2.8346329,2.7913206,2.748622,2.706542,2.6650832,2.6242483,2.584039,2.5444574,2.5055041,2.46718,2.4294848,2.392418,2.3559785,2.3201654,2.284976,2.2504086,2.2164598,2.183127,2.1504064,2.1182933,2.0867844,2.0558748,2.0255592,1.9958324,1.9666888,1.9381226,1.9101278,1.8826978,1.8558264,1.8295069,1.803732,1.7784951,1.7537887,1.7296057,1.7059386,1.68278,1.660122,1.6379573,1.616278,1.5950763,1.5743443,1.5540743,1.5342586,1.5148891,1.4959581,1.4774575,1.4593799,1.4417174,1.424462,1.4076062,1.3911424,1.3750626,1.3593596,1.344026,1.329054,1.3144364,1.3001661,1.2862358,1.2726382,1.2593663,1.2464132,1.2337723,1.2214363,1.2093987,1.197653,1.1861928,1.1750114,1.1641026,1.1534603,1.1430782,1.1329504,1.1230708,1.113434,1.1040337,1.0948646,1.0859213,1.0771983,1.06869,1.0603913,1.0522972,1.0444027,1.0367026,1.0291923,1.0218669,1.0147219,1.0077527,1.0009546,0.99432355
3.4233952,3.3948302,3.361206,3.3233094,3.281847,3.2374482,3.190671,3.14201,3.0919006,3.0407252,2.9888177,2.9364696,2.8839335,2.8314288,2.7791429,2.7272372,2.6758487,2.6250935,2.5750687,2.5258548,2.477518,2.430112,2.3836784,2.3382502,2.2938507,2.2504969,2.2081985,2.1669605,2.1267824,2.0876596,2.0495844,2.012546,1.976531,1.9415239,1.9075078,1.8744634,1.8423717,1.8112118,1.7809623,1.7516015,1.7231075,1.6954577,1.6686299,1.6426018,1.617351,1.5928557,1.5690941,1.5460445,1.5236859,1.5019982,1.4809602,1.4605527,1.440756,1.4215512,1.40292,1.3848445,1.3673071,1.3502908,1.3337791,1.3177563,1.3022065,1.287115,1.2724669,1.2582481,1.244445,1.2310443,1.2180333,1.2053993,1.1931305,1.181215,1.1696419,1.1583999,1.1474787,1.1368682,1.1265583,1.1165395,1.1068027,1.0973389,1.0881395,1.0791961,1.0705006,1.0620456,1.053823,1.0458257,1.0380466,1.030479,1.0231162,1.0159519,1.0089798,1.0021939,0.99558854,0.989158,0.98289686,0.97679996,0.97086215,0.96507853,0.9594443,0.95395494,0.9486059,0.94339293
3.4046235,3.378831,3.3474493,3.3112726,3.2710285,3.2273788,3.1809208,3.1321926,3.081674,3.0297933,2.9769287,2.9234142,2.8695428,2.8155699,2.761717,2.7081761,2.6551123,2.6026647,2.5509515,2.5000725,2.450108,2.401126,2.3531785,2.3063073,2.2605433,2.215908,2.1724162,2.1300745,2.0888844,2.0488417,2.0099387,1.9721637,1.9355016,1.8999348,1.8654436,1.8320069,1.7996016,1.7682042,1.7377896,1.7083328,1.6798081,1.6521895,1.6254511,1.5995672,1.5745116,1.5502594,1.5267853,1.5040646,1.4820728,1.4607867,1.4401826,1.420238,1.4009311,1.3822403,1.3641444,1.3466235,1.329658,1.3132286,1.2973171,1.2819057,1.2669768,1.2525139,1.2385011,1.2249225,1.2117631,1.1990087,1.186645,1.1746585,1.1630363,1.1517658,1.1408349,1.1302319,1.1199454,1.1099647,1.1002793,1.0908792,1.0817544,1.0728958,1.0642943,1.0559412,1.0478281,1.0399468,1.0322895,1.0248487,1.0176173,1.0105883,1.0037547,0.9971101,0.99064845,0.9843635,0.9782493,0.9723005,0.9665115,0.96087694,0.95539206,0.9500518,0.9448514,0.9397863,0.93485236,0.930045
3.41837,3.3932686,3.3622606,3.3261619,3.2857244,3.241636,3.1945224,3.1449494,3.0934253,3.040404,2.9862897,2.9314396,2.8761692,2.8207536,2.765432,2.7104135,2.6558757,2.6019716,2.5488303,2.4965591,2.4452477,2.394969,2.3457808,2.2977285,2.2508464,2.2051578,2.1606781,2.1174154,2.0753708,2.0345395,1.9949132,1.9564784,1.9192185,1.8831143,1.8481438,1.8142838,1.7815089,1.7497929,1.7191087,1.6894286,1.6607242,1.6329672,1.6061293,1.5801826,1.5550984,1.5308495,1.5074081,1.484748,1.4628425,1.4416661,1.4211936,1.4014008,1.3822637,1.3637594,1.3458654,1.32856,1.3118223,1.295632,1.2799692,1.2648153,1.2501516,1.2359608,1.2222255,1.2089295,1.1960568,1.1835923,1.1715212,1.1598294,1.1485028,1.1375291,1.126895,1.1165886,1.1065983,1.0969124,1.0875206,1.0784123,1.0695771,1.0610058,1.0526891,1.0446177,1.0367832,1.0291774,1.0217923,1.0146201,1.0076535,1.0008854,0.99430895,0.98791754,0.9817048,0.9756646,0.96979123,0.9640789,0.9585221,0.9531156,0.9478544,0.94273347,0.9377482,0.932894,0.9281666,0.92356175
3.4023914,3.3777454,3.347134,3.3113675,3.2711954,3.2273066,3.1803288,3.1308315,3.0793276,3.0262778,2.972092,2.9171338,2.8617249,2.8061469,2.7506456,2.6954346,2.6406975,2.5865915,2.5332499,2.4807835,2.4292855,2.3788314,2.3294814,2.2812824,2.23427,2.188469,2.1438956,2.1005578,2.0584574,2.0175898,1.977946,1.9395123,1.9022719,1.8662047,1.8312883,1.7974983,1.7648091,1.7331932,1.7026227,1.6730688,1.6445029,1.6168954,1.5902174,1.564439,1.5395321,1.5154679,1.4922183,1.4697558,1.4480534,1.4270847,1.4068239,1.3872461,1.3683269,1.3500427,1.3323706,1.3152885,1.2987748,1.282809,1.2673708,1.252441,1.2380011,1.2240329,1.2105191,1.197443,1.1847886,1.1725404,1.1606836,1.1492037,1.1380869,1.12732,1.1168904,1.1067858,1.096994,1.0875041,1.0783051,1.0693864,1.0607381,1.0523503,1.0442137,1.0363194,1.0286589,1.0212235,1.0140057,1.0069976,1.0001918,0.99358135,0.9871594,0.9809192,0.9748545,0.96895933,0.96322775,0.95765406,0.95223296,0.94695914,0.94182765,0.9368335,0.93197215,0.92723894,0.92262983,0.91814035
3.4009864,3.3765683,3.3460646,3.3102937,3.2700148,3.2259254,3.1786656,3.1288142,3.0768955,3.0233793,2.9686863,2.9131892,2.8572173,2.801061,2.7449734,2.689174,2.633852,2.5791698,2.5252647,2.472252,2.4202273,2.3692687,2.3194387,2.2707858,2.2233467,2.1771467,2.132203,2.0885239,2.0461104,2.0049586,1.9650583,1.9263958,1.888953,1.8527095,1.8176419,1.7837245,1.7509308,1.7192324,1.6886003,1.6590046,1.6304152,1.6028019,1.5761344,1.5503824,1.525516,1.5015056,1.4783224,1.4559376,1.4343233,1.4134526,1.3932987,1.3738359,1.3550389,1.3368835,1.3193461,1.3024039,1.2860348,1.2702177,1.2549317,1.2401572,1.225875,1.2120668,1.1987146,1.1858015,1.1733112,1.1612276,1.1495357,1.1382205,1.1272686,1.1166661,1.1063999,1.0964577,1.0868276,1.0774981,1.0684578,1.0596967,1.0512037,1.04297,1.0349853,1.027241,1.0197284,1.0124389,1.0053649,0.9984981,0.9918315,0.9853579,0.9790703,0.9729622,0.9670273,0.96125937,0.9556528,0.9502016,0.9449005,0.9397445,0.9347283,0.9298471,0.9250964,0.92047155,0.9159683,0.9115826
3.4269068,3.4024935,3.3718688,3.3358622,3.2952445,3.250726,3.2029572,3.1525288,3.0999756,3.0457778,2.9903653,2.9341197,2.877379,2.8204408,2.7635636,2.706974,2.650866,2.5954065,2.5407364,2.486975,2.4342198,2.3825517,2.332035,2.2827191,2.2346418,2.18783,2.1423001,2.0980613,2.0551147,2.0134556,1.9730737,1.933955,1.8960805,1.8594291,1.8239768,1.789697,1.7565625,1.7245437,1.6936111,1.6637337,1.6348807,1.6070204,1.5801222,1.5541548,1.5290873,1.5048896,1.4815319,1.4589847,1.4372195,1.4162084,1.3959241,1.3763404,1.3574314,1.3391721,1.3215386,1.3045075,1.2880561,1.2721629,1.256807,1.2419678,1.2276261,1.213763,1.2003603,1.1874008,1.1748676,1.162745,1.1510172,1.1396694,1.1286874,1.1180574,1.1077663,1.0978014,1.0881506,1.0788023,1.0697451,1.0609685,1.0524619,1.0442154,1.0362196,1.0284653,1.0209438,1.0136465,1.0065653,0.9996923,0.9930203,0.98654205,0.9802504,0.97413886,0.96820104,0.9624307,0.9568221,0.9513694,0.94606715,0.9409102,0.9358934,0.9310119,0.9262611,0.92163646,0.91713357,0.9127484
3.384233,3.3601098,3.329833,3.2942214,3.2540371,3.2099817,3.1626992,3.1127758,3.0607417,3.0070732,2.952198,2.8964958,2.8403025,2.7839139,2.7275884,2.6715517,2.6159973,2.5610914,2.5069752,2.4537663,2.4015634,2.3504462,2.3004792,2.2517116,2.2041812,2.1579137,2.1129265,2.0692277,2.0268183,1.9856933,1.9458426,1.9072512,1.8699003,1.8337685,1.7988313,1.7650623,1.7324333,1.7009151,1.6704777,1.6410898,1.6127205,1.5853381,1.5589116,1.5334094,1.508801,1.4850554,1.4621432,1.4400347,1.4187014,1.3981153,1.3782487,1.3590758,1.3405702,1.3227074,1.3054631,1.2888141,1.2727377,1.2572122,1.2422168,1.2277311,1.2137358,1.200212,1.1871418,1.1745079,1.1622934,1.1504828,1.13906,1.1280109,1.1173208,1.1069763,1.0969644,1.0872724,1.0778883,1.0688003,1.0599978,1.0514696,1.0432056,1.0351962,1.0274317,1.0199033,1.0126021,1.0055197,0.99864835,0.99198014,0.98550767,0.97922397,0.9731221,0.96719563,0.96143806,0.95584357,0.9504063,0.9451205,0.939981,0.9349824,0.93012005,0.92538893,0.92078453,0.9163024,0.9119384,0.9076884
3.3568892,3.3331494,3.303277,3.268084,3.2283278,3.1847057,3.1378589,3.0883706,3.0367694,2.9835305,2.929081,2.8737993,2.8180218,2.7620432,2.7061238,2.6504872,2.5953279,2.5408127,2.4870822,2.4342551,2.3824296,2.3316863,2.2820885,2.2336864,2.1865177,2.1406083,2.095975,2.0526261,2.0105624,1.9697795,1.9302664,1.8920084,1.8549867,1.8191793,1.7845621,1.751108,1.7187895,1.6875768,1.6574395,1.6283469,1.6002678,1.5731704,1.5470233,1.5217954,1.4974558,1.473974,1.4513198,1.4294641,1.4083784,1.3880341,1.3684045,1.3494629,1.3311836,1.3135418,1.2965134,1.2800753,1.2642047,1.2488804,1.234081,1.2197869,1.2059782,1.1926366,1.1797439,1.167283,1.1552374,1.143591,1.1323287,1.1214359,1.110898,1.1007018,1.0908344,1.0812832,1.072036,1.0630817,1.0544091,1.0460076,1.0378671,1.0299777,1.0223302,1.0149156,1.0077251,1.0007508,0.99398434,0.9874184,0.9810456,0.9748588,0.9688512,0.96301657,0.9573485,0.951841,0.9464884,0.9412852,0.9362259,0.9313055,0.92651916,0.9218621,0.91732985,0.912918,0.90862226,0.90443873
3.4158678,3.3918839,3.3615456,3.3256931,3.285107,3.240509,3.192563,3.1418724,3.0889845,3.0343919,2.978536,2.9218102,2.8645625,2.8070998,2.74969,2.692567,2.6359322,2.579958,2.5247908,2.4705532,2.417348,2.3652577,2.3143492,2.2646742,2.216271,2.1691673,2.1233802,2.0789185,2.0357828,1.9939684,1.9534639,1.9142542,1.8763192,1.8396366,1.8041809,1.7699244,1.7368381,1.7048913,1.6740527,1.6442899,1.6155704,1.5878619,1.5611316,1.535347,1.5104761,1.4864876,1.4633499,1.4410331,1.4195073,1.3987435,1.3787134,1.3593898,1.3407463,1.3227569,1.3053968,1.2886419,1.2724692,1.2568562,1.2417812,1.2272239,1.2131637,1.1995817,1.1864595,1.1737791,1.1615238,1.1496767,1.1382223,1.1271456,1.116432,1.1060674,1.0960388,1.086333,1.0769382,1.067842,1.0590334,1.0505015,1.0422357,1.0342264,1.0264639,1.0189387,1.0116421,1.0045657,0.9977015,0.99104136,0.984578,0.9783042,0.97221303,0.96629786,0.96055233,0.9549703,0.94954586,0.9442735,0.9391476,0.9341631,0.92931485,0.9245982,0.9200083,0.91554093,0.9111917,0.9069565
3.4029489,3.3789282,3.3485901,3.312767,3.272236,3.2277145,3.179861,3.1292763,3.0765047,3.022037,2.9663126,2.9097228,2.8526149,2.7952943,2.7380285,2.6810508,2.6245613,2.5687325,2.5137105,2.4596183,2.4065576,2.3546112,2.3038456,2.2543125,2.2060509,2.1590874,2.1134396,2.069116,2.0261176,1.9844391,1.9440696,1.9049937,1.8671913,1.8306403,1.7953148,1.7611876,1.728229,1.6964086,1.6656952,1.6360563,1.6074595,1.5798723,1.5532616,1.5275958,1.502842,1.4789689,1.4559455,1.4337416,1.412327,1.391673,1.3717515,1.3525348,1.3339965,1.316111,1.2988533,1.2821993,1.2661258,1.2506106,1.2356318,1.221169,1.207202,1.1937118,1.1806794,1.1680876,1.1559192,1.1441575,1.132787,1.1217926,1.1111598,1.1008747,1.0909238,1.0812943,1.071974,1.0629513,1.0542145,1.045753,1.0375564,1.0296146,1.0219179,1.0144576,1.0072244,1.00021,0.9934064,0.9868056,0.9804003,0.97418326,0.9681476,0.9622866,0.95659405,0.9510639,0.94569004,0.94046706,0.9353895,0.93045217,0.9256501,0.9209784,0.9164326,0.91200817,0.9077009,0.90350664
3.4202356,3.3961585,3.3656535,3.3295665,3.288688,3.2437475,3.195416,3.1443048,3.0909684,3.0359073,2.9795682,2.9223514,2.864609,2.806653,2.748756,2.6911545,2.6340535,2.5776284,2.522027,2.4673743,2.413774,2.3613098,2.3100488,2.2600436,2.2113328,2.1639435,2.117893,2.0731893,2.029833,1.9878184,1.9471335,1.9077623,1.8696845,1.832876,1.7973112,1.7629614,1.7297965,1.6977851,1.6668947,1.6370926,1.6083455,1.5806199,1.5538822,1.5280998,1.5032396,1.4792693,1.4561576,1.4338732,1.412386,1.3916662,1.3716853,1.3524158,1.3338305,1.315903,1.2986083,1.281922,1.2658205,1.2502813,1.2352823,1.2208027,1.2068219,1.1933209,1.1802808,1.1676835,1.1555119,1.1437495,1.1323802,1.1213889,1.1107607,1.1004819,1.0905387,1.0809186,1.0716088,1.0625974,1.0538732,1.0454253,1.037243,1.0293164,1.0216358,1.0141919,1.0069758,0.9999791,0.9931935,0.98661125,0.9802247,0.9740268,0.96801054,0.96216923,0.9564965,0.9509862,0.9456326,0.9404296,0.93537223,0.9304552,0.92567325,0.92102176,0.9164961,0.91209173,0.90780437,0.90363
3.4363465,3.41217,3.3814926,3.3451705,3.304001,3.2587223,3.210012,3.1584892,3.1047142,3.049193,2.9923782,2.9346743,2.8764386,2.8179862,2.7595932,2.7014995,2.6439118,2.5870085,2.5309389,2.4758296,2.4217856,2.3688912,2.3172154,2.2668102,2.217715,2.1699574,2.1235542,2.0785139,2.0348372,1.9925175,1.9515431,1.9118971,1.873559,1.8365046,1.8007075,1.7661383,1.7327669,1.7005608,1.6694874,1.6395133,1.6106045,1.5827272,1.5558472,1.5299311,1.5049455,1.4808581,1.4576362,1.4352486,1.4136648,1.3928545,1.3727889,1.3534397,1.3347795,1.3167819,1.2994212,1.282673,1.2665132,1.250919,1.2358682,1.2213396,1.2073126,1.1937678,1.1806861,1.1680495,1.1558404,1.1440423,1.1326388,1.1216149,1.1109557,1.100647,1.0906752,1.0810274,1.071691,1.062654,1.0539052,1.0454333,1.0372276,1.0292786,1.021576,1.0141109,1.0068741,0.99985707,0.9930519,0.9864503,0.9800451,0.9738287,0.9677944,0.9619354,0.9562454,0.95071816,0.9453478,0.9401286,0.93505526,0.93012244,0.9253251,0.92065847,0.9161178,0.91169876,0.90739703,0.9032086
3.438298,3.4141152,3.3834372,3.347117,3.3059502,3.2606745,3.2119663,3.1604428,3.1066651,3.0511384,2.9943147,2.9365985,2.8783474,2.8198762,2.7614613,2.703343,2.645728,2.5887947,2.5326936,2.477551,2.4234715,2.3705409,2.3188274,2.268384,2.2192502,2.1714535,2.1250112,2.079932,2.0362163,1.9938581,1.9528456,1.9131624,1.8747878,1.8376976,1.8018656,1.7672627,1.7338582,1.7016205,1.6705165,1.640513,1.6115758,1.5836711,1.5567653,1.5308244,1.5058156,1.4817057,1.4584628,1.4360554,1.4144527,1.3936249,1.3735429,1.3541784,1.335504,1.3174932,1.3001205,1.2833612,1.2671914,1.2515879,1.2365289,1.2219929,1.2079594,1.1944089,1.1813223,1.1686814,1.1564689,1.1446677,1.1332622,1.1222366,1.1115763,1.1012671,1.0912954,1.0816479,1.0723124,1.0632768,1.0545294,1.0460596,1.0378563,1.0299098,1.0222101,1.014748,1.0075145,1.000501,0.99369943,0.9871017,0.98070043,0.97448814,0.96845794,0.9626032,0.9569174,0.9513945,0.9460285,0.94081366,0.93574464,0.9308162,0.9260231,0.92136085,0.9168246,0.9124098,0.9081122,0.9039278
3.4084625,3.3844767,3.3540778,3.3181078,3.2773516,3.2325363,3.1843302,3.1333437,3.080129,3.0251853,2.9689603,2.9118533,2.854217,2.796364,2.738567,2.6810637,2.6240587,2.5677285,2.5122218,2.457664,2.4041588,2.3517911,2.3006284,2.250723,2.2021143,2.1548297,2.1088865,2.0642924,2.021049,1.9791497,1.9385829,1.8993325,1.861378,1.8246956,1.7892587,1.7550391,1.7220063,1.6901286,1.6593734,1.6297078,1.601098,1.5735104,1.5469116,1.5212681,1.496547,1.4727159,1.4497426,1.4275963,1.4062464,1.3856633,1.365818,1.3466824,1.3282297,1.3104335,1.2932684,1.2767098,1.2607343,1.245319,1.2304418,1.2160819,1.2022188,1.188833,1.1759057,1.163419,1.1513555,1.1396989,1.128433,1.1175425,1.107013,1.0968304,1.0869809,1.077452,1.068231,1.0593063,1.0506663,1.0423002,1.0341976,1.0263484,1.0187428,1.0113719,1.0042267,0.9972986,0.9905797,0.9840621,0.97773826,0.9716011,0.96564364,0.9598594,0.9542419,0.94878507,0.9434832,0.9383304,0.93332154,0.9284513,0.9237149,0.9191073,0.9146241,0.9102608,0.90601313,0.90187716
3.4395976,3.4154968,3.384858,3.3485374,3.3073356,3.2619925,3.2131891,3.1615467,3.107629,3.0519447,2.99495,2.9370515,2.8786097,2.8199425,2.7613285,2.7030096,2.645195,2.5880637,2.5317683,2.4764364,2.4221737,2.3690662,2.3171835,2.2665782,2.217291,2.1693492,2.1227708,2.077564,2.0337296,1.9912609,1.9501469,1.9103701,1.8719103,1.8347428,1.798841,1.7641755,1.7307155,1.6984289,1.6672821,1.6372418,1.6082736,1.5803434,1.5534167,1.5274597,1.5024393,1.4783216,1.4550745,1.4326668,1.4110668,1.3902447,1.370171,1.3508174,1.3321561,1.3141606,1.2968049,1.2800643,1.2639146,1.2483326,1.2332964,1.2187841,1.2047755,1.1912503,1.1781899,1.1655757,1.1533904,1.1416171,1.1302395,1.1192422,1.1086102,1.0983294,1.088386,1.0787672,1.0694602,1.0604527,1.0517337,1.0432918,1.0351164,1.0271975,1.019525,1.01209,1.0048832,0.99789625,0.9911207,0.9845487,0.97817266,0.9719854,0.96597993,0.9601494,0.95448744,0.9489881,0.9436451,0.93845296,0.93340623,0.9284997,0.92372817,0.91908705,0.9145714,0.910177,0.9058994,0.9017346
3.4085302,3.384564,3.3541546,3.3181462,3.2773283,3.232431,3.1841252,3.1330247,3.0796862,3.0246105,2.9682484,2.9110014,2.8532252,2.7952335,2.7373004,2.679666,2.622536,2.5660868,2.5104692,2.4558086,2.4022093,2.349756,2.2985168,2.2485437,2.1998765,2.1525419,2.1065574,2.0619302,2.0186615,1.9767443,1.936167,1.8969126,1.8589603,1.8222859,1.7868626,1.7526612,1.7196512,1.6878006,1.6570761,1.6274447,1.598872,1.5713245,1.5447679,1.5191685,1.4944935,1.4707097,1.4477854,1.425689,1.4043899,1.3838581,1.3640647,1.3449816,1.3265812,1.3088375,1.291725,1.2752187,1.2592955,1.2439318,1.2291061,1.214797,1.2009842,1.1876482,1.17477,1.1623318,1.1503161,1.1387064,1.1274867,1.1166415,1.1061567,1.0960176,1.0862111,1.076724,1.0675442,1.0586596,1.0500588,1.0417312,1.033666,1.0258534,1.0182835,1.0109473,1.003836,0.99694103,0.9902543,0.9837679,0.9774745,0.9713669,0.9654381,0.9596817,0.9540913,0.94866073,0.94338423,0.93825614,0.93327117,0.9284241,0.92371005,0.9191241,0.9146619,0.9103188,0.90609074,0.9019736
3.432647,3.408627,3.3780284,3.341713,3.3004847,3.2550893,3.2062123,3.1544793,3.1004586,3.0446627,2.987551,2.929534,2.8709748,2.8121932,2.7534707,2.6950507,2.637144,2.579931,2.5235648,2.4681737,2.4138641,2.3607225,2.308818,2.258204,2.20892,2.160994,2.1144428,2.069275,2.0254898,1.9830815,1.9420371,1.9023392,1.863967,1.8268948,1.7910955,1.7565393,1.7231946,1.6910287,1.660008,1.6300977,1.6012635,1.5734704,1.5466838,1.5208695,1.4959934,1.4720218,1.4489223,1.4266626,1.4052113,1.3845382,1.3646135,1.3454084,1.3268954,1.3090472,1.2918382,1.2752429,1.2592375,1.2437985,1.2289035,1.2145312,1.2006605,1.1872717,1.1743457,1.161864,1.1498091,1.1381642,1.126913,1.1160399,1.1055301,1.0953693,1.0855439,1.0760406,1.0668468,1.0579509,1.049341,1.0410058,1.0329353,1.0251188,1.017547,1.0102103,1.0030998,0.9962069,0.9895235,0.9830416,0.9767536,0.9706524,0.964731,0.9589827,0.9534011,0.94798005,0.9427136,0.93759626,0.93262255,0.92778707,0.9230851,0.9185116,0.91406214,0.9097321,0.90551746,0.9014139
3.4208913,3.3969142,3.366396,3.3301945,3.2891078,3.2438784,3.1951861,3.1436539,3.0898461,3.034273,2.9773912,2.9196084,2.861286,2.802743,2.744258,2.6860738,2.6284003,2.5714169,2.515276,2.4601054,2.4060109,2.3530786,2.3013775,2.2509608,2.2018678,2.1541266,2.107754,2.062758,2.019139,1.9768906,1.9359999,1.8964499,1.8582195,1.8212838,1.7856154,1.751185,1.717961,1.6859106,1.6550007,1.6251967,1.5964643,1.5687689,1.5420756,1.516351,1.4915605,1.4676713,1.4446507,1.4224664,1.4010875,1.3804839,1.3606256,1.3414843,1.3230324,1.3052428,1.2880899,1.2715486,1.255595,1.2402056,1.2253584,1.2110318,1.1972051,1.1838585,1.1709731,1.1585306,1.1465135,1.1349046,1.1236881,1.1128485,1.1023711,1.0922413,1.0824459,1.0729716,1.0638056,1.0549366,1.0463525,1.0380425,1.0299963,1.0222032,1.0146539,1.0073391,1.0002497,0.9933773,0.9867137,0.980251,0.9739817,0.96789855,0.9619945,0.9562632,0.9506981,0.945293,0.94004226,0.93493986,0.9299809,0.9251598,0.92047167,0.9159117,0.9114754,0.90715826,0.902956,0.89886475
3.418826,3.3949056,3.3644917,3.328434,3.2875245,3.242497,3.1940274,3.1427312,3.0891688,3.033846,2.9772148,2.9196808,2.861602,2.8032954,2.745038,2.6870708,2.6296027,2.5728126,2.516852,2.4618487,2.4079084,2.3551173,2.3035445,2.2532434,2.204254,2.1566043,2.1103122,2.0653863,2.0218267,1.9796283,1.9387791,1.8992622,1.8610573,1.8241398,1.7884834,1.7540585,1.7208347,1.6887796,1.6578603,1.6280427,1.5992934,1.5715773,1.544861,1.5191101,1.4942914,1.4703716,1.4473186,1.4251006,1.4036868,1.3830466,1.3631511,1.3439717,1.325481,1.3076522,1.2904598,1.2738786,1.2578846,1.2424551,1.2275676,1.2132006,1.1993338,1.1859472,1.1730219,1.1605399,1.1484833,1.1368355,1.1255804,1.1147026,1.1041873,1.0940201,1.0841875,1.0746765,1.0654749,1.05657,1.047951,1.0396063,1.0315259,1.0236995,1.0161171,1.0087696,1.0016483,0.99474454,0.9880499,0.98155683,0.9752576,0.969145,0.96321225,0.9574526,0.9518596,0.9464273,0.9411497,0.93602115,0.93103623,0.92618984,0.92147696,0.91689277,0.9124326,0.90809214,0.9038671,0.89975333
3.4011858,3.3773665,3.3470979,3.3112226,3.2705283,3.225745,3.1775434,3.126536,3.0732799,3.0182776,2.9619794,2.9047875,2.8470585,2.7891076,2.7312093,2.6736045,2.6165,2.5600734,2.5044758,2.4498334,2.3962514,2.3438153,2.2925932,2.2426386,2.1939907,2.146677,2.1007152,2.0561132,2.0128715,1.9709843,1.9304392,1.8912201,1.8533053,1.8166715,1.7812912,1.7471356,1.714174,1.6823742,1.6517029,1.6221266,1.5936112,1.566123,1.5396273,1.5140908,1.4894798,1.4657617,1.442904,1.4208753,1.3996447,1.3791822,1.3594589,1.3404462,1.3221167,1.3044441,1.2874026,1.2709676,1.2551153,1.2398225,1.2250674,1.2108284,1.1970854,1.1838187,1.1710093,1.1586392,1.146691,1.1351478,1.1239941,1.1132141,1.1027935,1.0927178,1.0829737,1.0735483,1.064429,1.0556042,1.0470622,1.0387921,1.0307838,1.023027,1.0155118,1.0082293,1.0011708,0.99432755,0.9876915,0.98125494,0.97501034,0.9689505,0.9630687,0.95735824,0.95181274,0.9464263,0.941193,0.9361071,0.93116343,0.92635685,0.9216824,0.91713524,0.9127108,0.9084048,0.90421295,0.9001313
3.4106946,3.3868623,3.3565106,3.3204908,3.2795992,3.234572,3.1860874,3.1347651,3.081168,3.0258036,2.969128,2.9115472,2.8534222,2.7950706,2.7367713,2.678767,2.6212668,2.5644507,2.5084713,2.453456,2.399511,2.346723,2.295161,2.2448783,2.1959152,2.148299,2.1020477,2.057169,2.0136642,1.9715261,1.9307432,1.8912982,1.8531702,1.8163342,1.7807636,1.7464287,1.7132983,1.6813397,1.6505198,1.6208042,1.5921586,1.5645486,1.5379394,1.5122972,1.487588,1.4637787,1.4408367,1.4187298,1.3974271,1.3768983,1.3571138,1.338045,1.3196645,1.3019452,1.2848612,1.2683878,1.2525008,1.2371769,1.222394,1.2081305,1.1943657,1.18108,1.1682541,1.15587,1.14391,1.1323574,1.121196,1.1104105,1.0999855,1.0899074,1.0801625,1.0707376,1.0616202,1.0527983,1.0442605,1.0359958,1.0279936,1.0202439,1.0127368,1.0054631,0.998414,0.9915809,0.98495567,0.9785304,0.97229767,0.96625024,0.96038115,0.9546838,0.9491519,0.94377923,0.93855995,0.9334885,0.9285594,0.9237677,0.91910815,0.9145762,0.910167,0.9058764,0.90170014,0.89763397
3.4113305,3.3874767,3.3571098,3.3210807,3.2801838,3.2351549,3.186672,3.1353536,3.0817618,3.0264037,2.9697351,2.9121614,2.8540432,2.7956986,2.7374055,2.6794066,2.6219113,2.565099,2.509122,2.4541082,2.4001634,2.3473744,2.2958102,2.2455237,2.1965556,2.1489332,2.102674,2.057787,2.0142715,1.9721223,1.9313266,1.8918676,1.8537245,1.8168725,1.7812847,1.7469313,1.7137814,1.6818027,1.6509615,1.621224,1.5925558,1.5649221,1.5382888,1.5126216,1.4878871,1.4640517,1.4410833,1.4189496,1.3976197,1.3770634,1.3572513,1.3381546,1.3197458,1.3019981,1.284886,1.2683842,1.2524688,1.2371166,1.2223053,1.2080135,1.1942207,1.180907,1.1680535,1.1556418,1.1436545,1.1320748,1.1208864,1.1100742,1.0996231,1.089519,1.0797484,1.070298,1.0611556,1.0523089,1.0437467,1.0354578,1.027432,1.0196588,1.0121286,1.0048324,0.9977609,0.9909059,0.984259,0.97781247,0.9715588,0.96549076,0.9596015,0.9538843,0.9483328,0.94294095,0.93770283,0.93261284,0.9276657,0.9228561,0.91817904,0.9136298,0.90920365,0.9048965,0.9007039,0.8966218
3.4050875,3.3812613,3.3509002,3.314858,3.2739327,3.2288642,3.1803327,3.1289606,3.075312,3.0198975,2.9631739,2.9055488,2.8473854,2.789002,2.7306786,2.6726575,2.6151495,2.558334,2.5023642,2.4473677,2.3934505,2.3406987,2.2891817,2.2389522,2.1900494,2.1425014,2.096325,2.0515275,2.0081093,1.9660635,1.9253772,1.8860332,1.8480097,1.8112818,1.7758217,1.7415993,1.7085832,1.6767405,1.6460371,1.6164387,1.5879104,1.5604177,1.5339253,1.5083991,1.4838051,1.4601096,1.4372798,1.4152839,1.3940904,1.3736688,1.3539894,1.3350236,1.3167439,1.299123,1.2821354,1.2657557,1.2499598,1.2347249,1.2200282,1.2058485,1.1921651,1.1789582,1.1662089,1.1538985,1.14201,1.1305265,1.1194317,1.1087104,1.0983477,1.0883294,1.0786421,1.0692726,1.0602086,1.0514381,1.0429494,1.0347321,1.0267751,1.0190688,1.0116036,1.0043699,0.997359,0.99056244,0.9839723,0.97758055,0.9713797,0.9653627,0.95952266,0.95385313,0.94834745,0.94299984,0.93780446,0.9327557,0.9278482,0.92307675,0.9184365,0.9139229,0.909531,0.90525675,0.9010958,0.8970442
3.4076633,3.3838987,3.3536057,3.317637,3.2767882,3.2317977,3.1833448,3.1320496,3.0784755,3.0231323,2.9664755,2.9089131,2.850806,2.7924736,2.7341952,2.6762133,2.618738,2.5619493,2.5060003,2.4510186,2.3971107,2.3443627,2.2928443,2.2426085,2.193695,2.146132,2.0999362,2.0551162,2.011672,1.9695971,1.9288794,1.8895012,1.8514416,1.8146753,1.7791755,1.7449121,1.711854,1.6799681,1.649221,1.6195784,1.5910056,1.563468,1.5369309,1.5113603,1.4867219,1.4629824,1.4401094,1.4180706,1.3968347,1.3763719,1.3566519,1.3376465,1.3193278,1.3016691,1.2846445,1.2682288,1.2523983,1.2371293,1.2223998,1.2081884,1.1944743,1.1812379,1.1684599,1.156122,1.144207,1.1326978,1.1215786,1.1108336,1.1004484,1.0904084,1.0807004,1.071311,1.062228,1.0534391,1.0449333,1.0366993,1.0287267,1.0210053,1.0135256,1.0062783,0.9992544,0.9924456,0.98584366,0.9794407,0.9732293,0.9672023,0.96135277,0.9556742,0.95016,0.94480455,0.9396015,0.9345455,0.92963135,0.92485356,0.9202074,0.91568816,0.911291,0.90701175,0.9028463,0.8987904
3.4384525,3.4144711,3.3838737,3.3475225,3.306224,3.2607265,3.2117171,3.159825,3.1056206,3.0496197,2.9922848,2.9340286,2.8752174,2.8161738,2.7571812,2.6984859,2.6403003,2.582807,2.5261614,2.4704928,2.4159093,2.3624985,2.3103306,2.2594597,2.2099266,2.1617594,2.1149755,2.0695841,2.0255847,1.9829712,1.9417313,1.9018475,1.8632984,1.8260591,1.790102,1.755397,1.7219123,1.689615,1.658471,1.6284456,1.599504,1.571611,1.5447317,1.5188313,1.4938755,1.4698306,1.4466636,1.424342,1.402834,1.3821093,1.3621377,1.34289,1.3243387,1.3064561,1.2892162,1.2725936,1.2565641,1.2411041,1.2261908,1.2118027,1.1979189,1.1845192,1.1715842,1.1590958,1.1470358,1.1353877,1.1241344,1.113261,1.1027522,1.0925936,1.0827713,1.0732725,1.0640838,1.0551939,1.0465908,1.0382632,1.0302007,1.022393,1.0148304,1.0075033,1.0004027,0.9935203,0.98684764,0.9803767,0.97409993,0.9680102,0.96210027,0.9563636,0.9507938,0.9453846,0.9401302,0.9350247,0.9300629,0.92523944,0.9205493,0.9159876,0.9115499,0.9072316,0.90302855,0.8989365
3.3811643,3.3574383,3.327271,3.291504,3.2509232,3.206257,3.158176,3.1072927,3.0541635,2.9992905,2.9431248,2.886069,2.8284793,2.7706707,2.7129192,2.6554646,2.5985143,2.5422459,2.4868104,2.4323344,2.3789227,2.3266606,2.2756164,2.2258427,2.1773791,2.1302526,2.0844803,2.0400705,1.997023,1.9553316,1.9149837,1.8759624,1.8382466,1.8018119,1.7666309,1.7326745,1.6999112,1.6683089,1.6378343,1.6084533,1.5801318,1.5528356,1.5265301,1.5011818,1.4767567,1.4532223,1.4305458,1.4086957,1.3876411,1.3673519,1.347799,1.3289537,1.3107891,1.2932782,1.2763957,1.2601166,1.2444172,1.2292745,1.2146666,1.2005719,1.1869704,1.1738421,1.1611683,1.148931,1.1371129,1.1256973,1.1146681,1.1040103,1.093709,1.0837502,1.0741205,1.064807,1.0557973,1.0470796,1.0386424,1.0304749,1.0225667,1.0149078,1.0074887,1.0003002,0.9933334,0.98657995,0.9800318,0.9736811,0.96752053,0.9615429,0.9557414,0.9501096,0.94464093,0.9393297,0.93416977,0.92915595,0.9242826,0.9195449,0.9149376,0.9104563,0.9060962,0.90185326,0.8977231,0.8937016
3.402703,3.3790026,3.348759,3.3128262,3.2720013,3.2270246,3.178576,3.1272783,3.0736961,3.0183399,2.961667,2.904087,2.8459616,2.7876108,2.7293148,2.671317,2.6138287,2.5570297,2.5010734,2.4460883,2.3921807,2.339437,2.2879267,2.237703,2.1888063,2.1412635,2.0950918,2.0502996,2.0068867,1.9648465,1.9241664,1.8848288,1.8468122,1.8100917,1.7746395,1.7404258,1.7074189,1.6755859,1.6448927,1.6153052,1.5867882,1.5593071,1.5328269,1.5073134,1.4827323,1.4590503,1.4362344,1.4142525,1.3930733,1.3726661,1.3530017,1.3340509,1.3157864,1.2981808,1.2812085,1.2648442,1.2490641,1.2338448,1.2191639,1.2049998,1.1913321,1.1781411,1.1654074,1.1531129,1.1412401,1.1297722,1.1186931,1.1079874,1.09764,1.0876372,1.0779653,1.0686111,1.0595622,1.0508068,1.0423331,1.0341307,1.0261886,1.018497,1.0110463,1.0038271,0.99683064,0.9900484,0.9834723,0.97709453,0.97090757,0.9649043,0.95907795,0.95342183,0.9479296,0.94259524,0.9374129,0.9323771,0.92748237,0.92272377,0.9180961,0.91359484,0.9092153,0.9049531,0.90080416,0.89676446
3.4089937,3.3852367,3.3549266,3.3189178,3.278009,3.2329416,3.1843972,3.132999,3.0793133,3.023851,2.967071,2.9093826,2.8511486,2.79269,2.7342873,2.6761842,2.618592,2.5616915,2.5056357,2.450554,2.3965518,2.3437169,2.292118,2.241809,2.1928291,2.1452065,2.0989585,2.0540924,2.0106084,1.9685,1.9277543,1.888354,1.8502772,1.813499,1.7779915,1.7437248,1.7106673,1.6787854,1.6480458,1.6184134,1.5898536,1.5623314,1.5358118,1.5102603,1.485643,1.461926,1.4390764,1.417062,1.3958516,1.3754144,1.3557208,1.336742,1.3184501,1.3008182,1.2838204,1.2674314,1.2516271,1.2363843,1.2216805,1.2074943,1.193805,1.1805925,1.167838,1.1555232,1.1436303,1.1321428,1.1210444,1.1103196,1.0999539,1.0899327,1.0802425,1.0708704,1.0618039,1.0530311,1.0445403,1.0363208,1.0283618,1.0206536,1.0131862,1.0059507,0.99893796,0.9921397,0.98554754,0.979154,0.97295135,0.96693254,0.9610907,0.9554192,0.9499118,0.9445623,0.93936497,0.9343143,0.92940485,0.9246315,0.91998935,0.9154735,0.91107965,0.90680337,0.9026403,0.8985866
3.382332,3.3587224,3.3286357,3.2929173,3.252356,3.2076845,3.159576,3.1086464,3.0554545,3.0005064,2.9442546,2.887104,2.8294141,2.7715008,2.7136424,2.6560798,2.5990217,2.5426474,2.4871087,2.4325325,2.3790255,2.3266723,2.2755425,2.2256892,2.1771517,2.1299572,2.0841238,2.039659,1.996563,1.9548291,1.9144452,1.875394,1.8376541,1.8012009,1.766007,1.7320428,1.6992768,1.6676766,1.6372086,1.6078384,1.5795316,1.5522536,1.52597,1.5006464,1.4762491,1.452745,1.4301009,1.4082856,1.3872677,1.3670168,1.3475034,1.3286992,1.3105764,1.2931085,1.2762694,1.2600343,1.2443793,1.2292812,1.214718,1.2006681,1.187111,1.1740271,1.1613972,1.1492037,1.1374285,1.1260554,1.115068,1.1044513,1.0941905,1.0842714,1.0746806,1.0654049,1.0564322,1.0477507,1.0393488,1.0312157,1.023341,1.0157144,1.0083269,1.0011688,0.9942316,0.98750675,0.9809862,0.9746622,0.96852744,0.9625747,0.9567971,0.95118827,0.94574183,0.94045186,0.9353124,0.9303181,0.92546356,0.9207438,0.9161538,0.9116888,0.9073445,0.90311646,0.8990004,0.89499253
3.4125543,3.3888247,3.3585315,3.322529,3.2816176,3.236539,3.1879754,3.136551,3.0828316,3.02733,2.9705048,2.9127657,2.8544774,2.7959595,2.7374938,2.6793246,2.6216633,2.564691,2.5085616,2.4534037,2.3993247,2.3464112,2.2947326,2.2443428,2.1952817,2.1475775,2.1012473,2.0562992,2.0127332,1.9705431,1.9297158,1.8902342,1.8520769,1.8152187,1.7796321,1.745287,1.7121518,1.6801935,1.6493782,1.6196715,1.5910385,1.5634441,1.5368538,1.5112331,1.4865475,1.462764,1.4398491,1.4177711,1.3964983,1.3760004,1.3562477,1.337211,1.3188632,1.3011767,1.2841258,1.2676855,1.2518315,1.2365404,1.22179,1.2075586,1.1938257,1.1805713,1.1677763,1.1554224,1.1434921,1.1319685,1.1208355,1.1100776,1.09968,1.0896282,1.0799088,1.0705088,1.0614158,1.0526174,1.0441025,1.0358598,1.0278791,1.02015,1.012663,1.0054088,0.9983783,0.9915633,0.98495543,0.9785469,0.97233033,0.96629834,0.96044415,0.95476115,0.94924283,0.9438833,0.9386766,0.93361723,0.92869973,0.9239189,0.9192698,0.9147478,0.9103481,0.90606654,0.9018988,0.89784074
3.3894281,3.3657343,3.3354897,3.29955,3.2587142,3.213724,3.1652606,3.1139493,3.0603554,3.0049913,2.9483163,2.89074,2.8326256,2.7742941,2.7160258,2.6580653,2.6006231,2.5438805,2.4879904,2.433081,2.3792586,2.3266098,2.2752037,2.225093,2.1763167,2.1289027,2.0828674,2.0382185,1.9949551,1.95307,1.9125506,1.8733783,1.8355312,1.798984,1.7637084,1.7296739,1.6968482,1.6651982,1.6346897,1.6052876,1.5769564,1.5496614,1.5233673,1.4980391,1.4736427,1.4501443,1.4275106,1.4057094,1.3847091,1.3644791,1.3449895,1.3262115,1.308117,1.2906792,1.2738719,1.2576699,1.2420492,1.2269865,1.2124593,1.198446,1.184926,1.1718795,1.1592875,1.1471314,1.1353942,1.1240587,1.1131091,1.1025296,1.0923059,1.0824233,1.0728688,1.0636292,1.0546919,1.0460452,1.0376778,1.0295784,1.0217371,1.0141433,1.0067878,0.9996613,0.9927552,0.9860606,0.9795699,0.97327507,0.96716887,0.96124405,0.9554939,0.94991183,0.9444915,0.93922704,0.93411267,0.92914283,0.9243122,0.9196156,0.91504836,0.91060567,0.906283,0.9020761,0.89798075,0.89399296
3.3997266,3.376093,3.3458862,3.3099637,3.2691255,3.2241144,3.1756148,3.1242514,3.070591,3.0151477,2.9583812,2.9007015,2.8424745,2.78402,2.7256205,2.6675215,2.6099339,2.5530396,2.496992,2.4419208,2.387933,2.3351154,2.2835374,2.233253,2.1843016,2.1367116,2.0904999,2.0456738,2.0022345,1.9601743,1.9194804,1.8801355,1.8421178,1.8054018,1.7699599,1.7357618,1.7027752,1.6709673,1.6403039,1.61075,1.582271,1.554831,1.5283957,1.5029299,1.4783995,1.4547707,1.4320104,1.4100862,1.3889664,1.3686206,1.3490189,1.3301324,1.3119328,1.2943933,1.2774878,1.2611911,1.2454789,1.2303278,1.2157154,1.2016201,1.188021,1.1748983,1.1622328,1.1500062,1.138201,1.1268001,1.1157874,1.1051475,1.0948656,1.0849273,1.075319,1.0660279,1.0570412,1.048347,1.0399339,1.0317907,1.0239073,1.0162733,1.0088791,1.0017154,0.9947735,0.98804486,0.98152125,0.97519493,0.96905845,0.96310467,0.95732665,0.951718,0.94627213,0.94098306,0.93584514,0.9308527,0.92600036,0.921283,0.9166958,0.91223395,0.90789294,0.9036683,0.89955604,0.8955521
3.429018,3.4051452,3.3745942,3.338235,3.2968812,3.2512884,3.2021508,3.1501036,3.095724,3.0395334,2.9819984,2.9235373,2.86452,2.8052728,2.746082,2.6871967,2.6288319,2.5711713,2.5143716,2.458564,2.4038568,2.3503385,2.2980795,2.247134,2.1975427,2.1493335,2.102524,2.057122,2.0131273,1.9705329,1.9293256,1.8894875,1.8509964,1.8138266,1.7779496,1.7433348,1.7099495,1.6777601,1.6467319,1.6168293,1.5880169,1.5602586,1.5335193,1.5077631,1.4829557,1.4590623,1.4360497,1.4138849,1.3925356,1.3719708,1.3521602,1.3330745,1.3146849,1.2969644,1.2798864,1.2634251,1.247556,1.2322552,1.2175003,1.203269,1.1895403,1.1762938,1.1635106,1.1511717,1.1392593,1.1277564,1.1166463,1.1059134,1.0955429,1.0855201,1.0758313,1.0664631,1.0574031,1.0486388,1.040159,1.0319521,1.0240078,1.0163157,1.0088661,1.0016495,0.994657,0.98788,0.98131037,0.97494006,0.96876156,0.9627676,0.9569512,0.9513058,0.94582486,0.9405024,0.9353324,0.9303093,0.9254278,0.9206825,0.91606843,0.91158104,0.9072155,0.9029676,0.89883286,0.8948074
3.3979282,3.3741977,3.343907,3.307912,3.2670135,3.2219539,3.1734154,3.122023,3.0683446,3.0128918,2.9561248,2.8984535,2.8402417,2.7818108,2.7234416,2.6653786,2.6078334,2.5509863,2.4949913,2.4399767,2.3860488,2.3332949,2.281783,2.2315671,2.1826863,2.1351678,2.0890288,2.0442767,2.0009108,1.9589243,1.9183041,1.8790321,1.8410866,1.8044419,1.76907,1.7349405,1.7020214,1.670279,1.6396798,1.6101882,1.5817696,1.5543885,1.5280099,1.5025992,1.478122,1.4545443,1.4318334,1.4099567,1.3888829,1.3685813,1.3490219,1.3301761,1.312016,1.2945142,1.277645,1.261383,1.2457044,1.2305857,1.2160041,1.2019387,1.1883683,1.1752734,1.1626346,1.1504338,1.1386533,1.1272764,1.116287,1.1056695,1.0954093,1.085492,1.0759041,1.0666326,1.0576651,1.0489894,1.0405945,1.0324689,1.0246025,1.016985,1.0096071,1.0024593,0.99553275,0.9888192,0.98231024,0.9759983,0.9698758,0.96393573,0.9581711,0.95257556,0.9471425,0.941866,0.9367404,0.93175995,0.9269194,0.9222137,0.9176377,0.9131869,0.9088568,0.9046429,0.90054107,0.8965473
3.4209316,3.3971348,3.3666754,3.330423,3.2891889,3.2437272,3.1947308,3.142834,3.0886128,3.032587,2.975224,2.9169402,2.8581047,2.7990437,2.7400427,2.6813495,2.623179,2.5657146,2.509112,2.453502,2.3989925,2.3456712,2.2936082,2.2428575,2.1934593,2.145441,2.0988197,2.053603,2.0097904,1.9673748,1.9263427,1.8866758,1.8483521,1.8113456,1.7756275,1.7411672,1.7079319,1.675888,1.6450005,1.6152341,1.5865533,1.5589223,1.5323055,1.5066676,1.4819738,1.4581896,1.435282,1.4132178,1.3919654,1.3714933,1.3517715,1.3327707,1.3144627,1.29682,1.2798164,1.2634262,1.247625,1.2323891,1.217696,1.2035236,1.1898513,1.1766586,1.1639266,1.1516365,1.1397706,1.1283119,1.1172442,1.1065518,1.0962195,1.0862334,1.0765795,1.0672445,1.0582161,1.0494821,1.041031,1.0328516,1.0249333,1.0172663,1.0098405,1.0026467,0.99567586,0.9889196,0.9823698,0.9760183,0.96985793,0.96388125,0.9580813,0.9524517,0.9469859,0.9416778,0.93652177,0.9315119,0.92664295,0.92190987,0.91730756,0.9128312,0.9084764,0.9042387,0.9001139,0.896098
3.4056559,3.3819053,3.35156,3.3154798,3.274469,3.2292724,3.1805773,3.1290112,3.0751438,3.0194902,2.9625123,2.9046226,2.846187,2.7875278,2.728928,2.6706336,2.6128564,2.5557792,2.4995558,2.4443161,2.3901672,2.3371959,2.285472,2.235049,2.185967,2.1382535,2.0919251,2.0469904,2.0034482,1.961292,1.9205085,1.8810799,1.842984,1.8061954,1.7706858,1.7364248,1.7033801,1.6715183,1.6408049,1.6112049,1.582683,1.5552037,1.528732,1.5032325,1.4786711,1.4550135,1.4322269,1.4102783,1.3891363,1.3687699,1.3491492,1.330245,1.3120294,1.2944748,1.2775557,1.2612463,1.2455223,1.2303603,1.2157378,1.201633,1.1880252,1.1748946,1.1622216,1.1499879,1.1381761,1.1267691,1.1157507,1.1051055,1.0948185,1.0848755,1.0752628,1.0659673,1.0569766,1.0482786,1.0398618,1.0317154,1.0238285,1.0161914,1.0087942,1.0016277,0.994683,0.98795176,0.98142564,0.9750969,0.96895814,0.96300215,0.957222,0.9516111,0.9461633,0.9408723,0.93573254,0.9307382,0.9258841,0.92116517,0.9165764,0.9121129,0.90777034,0.9035443,0.89943063,0.89542526
3.4025674,3.3788548,3.3485441,3.312495,3.271512,3.2263412,3.177669,3.1261234,3.0722744,3.0166378,2.9596746,2.9017985,2.8433752,2.784727,2.7261374,2.667852,2.6100833,2.5530138,2.496798,2.441565,2.3874226,2.3344574,2.2827392,2.2323217,2.1832452,2.1355367,2.0892138,2.044284,2.0007472,1.958596,1.9178174,1.8783938,1.8403028,1.8035194,1.7680149,1.733759,1.7007196,1.6688634,1.6381555,1.608561,1.5800447,1.5525715,1.5261059,1.5006126,1.4760576,1.4524069,1.429627,1.4076854,1.3865505,1.3661916,1.3465785,1.3276823,1.3094747,1.2919288,1.2750182,1.2587177,1.2430029,1.2278503,1.2132375,1.1991428,1.1855452,1.1724248,1.1597626,1.1475401,1.1357394,1.124344,1.1133373,1.1027038,1.0924292,1.0824986,1.0728984,1.0636156,1.0546379,1.045953,1.0375495,1.0294164,1.0215433,1.01392,1.0065366,0.9993841,0.9924535,0.9857364,0.9792246,0.9729102,0.9667859,0.96084434,0.9550788,0.9494825,0.94404924,0.9387729,0.93364775,0.92866814,0.9238287,0.91912436,0.91455007,0.91010123,0.9057733,0.90156174,0.8974625,0.8934715
3.43358,3.409705,3.3791435,3.342767,3.3013897,3.2557676,3.2065961,3.1545115,3.100091,3.0438566,2.9862769,2.9277697,2.8687053,2.8094113,2.750174,2.691243,2.632833,2.5751295,2.5182881,2.462441,2.407696,2.3541424,2.3018503,2.250874,2.2012544,2.1530194,2.1061864,2.0607634,2.0167499,1.9741386,1.9329169,1.8930665,1.8545653,1.817387,1.7815034,1.7468836,1.713495,1.6813035,1.6502745,1.6203725,1.5915616,1.563806,1.5370699,1.5113177,1.4865152,1.4626269,1.4396197,1.4174606,1.3961174,1.3755589,1.3557545,1.3366748,1.3182917,1.3005772,1.2835047,1.2670488,1.251185,1.2358892,1.2211386,1.2069113,1.1931863,1.1799431,1.1671625,1.1548257,1.1429149,1.131413,1.1203036,1.109571,1.0992,1.0891762,1.079486,1.0701159,1.0610533,1.0522861,1.0438029,1.0355922,1.0276434,1.0199466,1.0124917,1.0052696,0.99827117,0.99148786,0.9849115,0.9785341,0.97234833,0.9663466,0.9605223,0.9548687,0.9493793,0.9440481,0.9388692,0.933837,0.9289461,0.92419136,0.9195677,0.9150704,0.9106951,0.9064369,0.90229213,0.8982564
3.4162884,3.3924255,3.3619313,3.3256712,3.284453,3.2390265,3.1900826,3.1382518,3.0841076,3.0281668,2.9708953,2.912707,2.8539696,2.7950082,2.736106,2.6775107,2.6194363,2.5620651,2.5055525,2.4500284,2.3956008,2.3423574,2.2903676,2.2396855,2.1903512,2.1423922,2.095826,2.0506597,2.0068934,1.9645199,1.9235258,1.8838935,1.8456005,1.8086214,1.7729275,1.7384886,1.7052717,1.6732438,1.64237,1.612615,1.5839434,1.5563198,1.5297086,1.5040748,1.4793838,1.4556012,1.432694,1.410629,1.3893749,1.3689003,1.3491752,1.3301708,1.3118583,1.2942107,1.2772017,1.2608056,1.2449985,1.2297564,1.2150567,1.2008777,1.1871983,1.1739987,1.1612597,1.1489624,1.1370895,1.1256236,1.1145488,1.1038492,1.0935099,1.0835168,1.073856,1.0645143,1.0554792,1.0467386,1.0382808,1.0300951,1.0221708,1.0144974,1.0070657,0.99986595,0.9928895,0.98612773,0.9795725,0.9732157,0.9670502,0.9610685,0.95526385,0.94962955,0.94415927,0.93884695,0.9336866,0.9286728,0.9238,0.91906315,0.9144573,0.9099777,0.9056196,0.9013789,0.8972512,0.8932326
3.4281163,3.4042137,3.3736215,3.3372118,3.2958004,3.2501438,3.2009373,3.148819,3.0943668,3.038103,2.9804962,2.9219651,2.862881,2.8035703,2.7443209,2.6853812,2.6269674,2.569264,2.5124269,2.4565876,2.401855,2.3483171,2.2960443,2.245091,2.1954975,2.1472917,2.1004906,2.055102,2.0111253,1.9685535,1.9273727,1.8875651,1.8491082,1.8119757,1.7761389,1.7415671,1.7082273,1.6760854,1.6451064,1.6152549,1.5864947,1.5587901,1.5321052,1.5064044,1.4816527,1.4578156,1.4348593,1.4127507,1.3914578,1.3709493,1.3511945,1.3321639,1.3138294,1.2961631,1.2791383,1.2627299,1.2469126,1.2316628,1.2169578,1.2027755,1.1890948,1.1758953,1.163158,1.150864,1.1389953,1.127535,1.1164665,1.1057744,1.0954431,1.0854586,1.0758071,1.0664752,1.05745,1.0487201,1.0402732,1.0320985,1.0241852,1.0165232,1.0091028,1.0019145,0.99494946,0.9881991,0.98165506,0.9753096,0.9691551,0.9631845,0.9573906,0.95176697,0.9463072,0.94100505,0.93585485,0.93085086,0.9259877,0.9212603,0.9166636,0.9121928,0.9078435,0.9036111,0.89949155,0.89548075
3.3948438,3.3711572,3.340929,3.3050122,3.2642033,3.2192419,3.1708078,3.119523,3.0659525,3.0106068,2.9539437,2.8963723,2.838255,2.7799115,2.7216237,2.6636343,2.6061544,2.5493655,2.4934206,2.438448,2.3845549,2.331828,2.2803369,2.2301345,2.181261,2.133745,2.0876024,2.0428421,1.9994638,1.9574609,1.916821,1.8775263,1.8395553,1.8028828,1.7674813,1.7333208,1.7003694,1.6685939,1.6379604,1.6084347,1.5799816,1.5525659,1.5261528,1.5007081,1.4761971,1.4525864,1.429843,1.4079347,1.3868299,1.3664981,1.3469096,1.3280354,1.3098478,1.2923197,1.2754251,1.2591388,1.2434366,1.2282953,1.2136922,1.1996062,1.186016,1.1729021,1.1602452,1.1480272,1.1362302,1.1248379,1.1138334,1.1032017,1.0929279,1.0829978,1.0733979,1.0641148,1.0551362,1.0464503,1.0380453,1.0299104,1.0220351,1.0144093,1.0070235,0.9998681,0.99293447,0.98621416,0.97969896,0.97338104,0.96725297,0.9613076,0.95553803,0.94993776,0.9445003,0.93921983,0.9340905,0.9291065,0.9242627,0.9195539,0.9149752,0.91052186,0.9061894,0.9019733,0.8978696,0.8938741
3.4018202,3.3781183,3.3478086,3.3117523,3.2707548,3.225563,3.1768646,3.1252882,3.0714054,3.0157316,2.9587302,2.900814,2.8423505,2.7836623,2.7250328,2.6667085,2.6089025,2.5517967,2.4955463,2.440281,2.386108,2.3331144,2.2813704,2.2309294,2.1818314,2.134104,2.0877643,2.0428197,1.9992702,1.9571086,1.9163216,1.8768916,1.8387961,1.8020098,1.7665042,1.7322488,1.6992112,1.6673583,1.6366549,1.6070666,1.5785575,1.5510923,1.5246358,1.4991527,1.4746087,1.4509696,1.4282023,1.4062738,1.3851527,1.3648081,1.3452098,1.3263289,1.3081369,1.290607,1.2737128,1.2574286,1.2417307,1.226595,1.2119992,1.1979216,1.1843412,1.1712382,1.1585932,1.1463878,1.1346045,1.123226,1.1122365,1.10162,1.0913619,1.0814477,1.0718641,1.0625976,1.0536358,1.0449669,1.036579,1.0284615,1.0206032,1.0129946,1.005626,0.99848783,0.99157137,0.98486805,0.97836983,0.9720687,0.96595734,0.9600284,0.9542753,0.9486912,0.94326985,0.93800515,0.9328913,0.9279227,0.92309415,0.91840035,0.91383636,0.9093976,0.90507936,0.90087736,0.8967875,0.8928056
3.4294527,3.4056025,3.3750906,3.3387842,3.2974954,3.2519755,3.202918,3.150956,3.0966644,3.040563,2.9831185,2.9247468,2.8658168,2.8066552,2.7475467,2.68874,2.6304498,2.5728605,2.5161276,2.460382,2.4057326,2.3522677,2.3000574,2.2491567,2.199606,2.151433,2.104656,2.0592823,2.0153122,1.9727391,1.9315498,1.8917267,1.8532476,1.816087,1.7802167,1.7456062,1.7122229,1.6800334,1.6490033,1.619097,1.5902793,1.5625145,1.5357671,1.5100019,1.485184,1.4612795,1.4382548,1.416077,1.3947142,1.3741355,1.3543104,1.3352096,1.3168051,1.2990692,1.2819755,1.2654983,1.2496133,1.2342967,1.2195257,1.2052784,1.1915338,1.1782715,1.1654726,1.1531181,1.1411903,1.1296722,1.1185472,1.1077996,1.0974145,1.0873773,1.0776744,1.0682924,1.0592188,1.0504413,1.0419483,1.0337287,1.0257719,1.0180675,1.0106058,1.0033776,0.9963736,0.9895855,0.9830049,0.9766239,0.97043496,0.96443087,0.9586046,0.9529495,0.9474591,0.94212747,0.93694854,0.9319168,0.92702657,0.92227304,0.91765094,0.9131557,0.90878236,0.90452695,0.9003849,0.89635247
3.4224575,3.3985484,3.367988,3.331643,3.2903252,3.2447855,3.195717,3.143752,3.0894663,3.0333784,2.975955,2.9176106,2.858716,2.7995954,2.7405348,2.6817815,2.6235502,2.5660243,2.5093594,2.4536865,2.3991132,2.345728,2.2936,2.2427845,2.1933208,2.1452374,2.0985508,2.0532694,2.0093925,1.9669127,1.9258175,1.8860885,1.8477035,1.8106366,1.7748594,1.7403414,1.7070498,1.6749511,1.6440103,1.6141922,1.5854614,1.557782,1.5311185,1.5054356,1.4806985,1.4568729,1.4339255,1.4118233,1.3905342,1.3700273,1.3502724,1.33124,1.3129021,1.2952309,1.2782,1.2617842,1.2459587,1.2306999,1.2159851,1.2017922,1.1881006,1.1748897,1.1621404,1.1498343,1.1379533,1.1264803,1.1153992,1.1046941,1.0943502,1.084353,1.0746887,1.0653441,1.0563066,1.0475643,1.0391052,1.0309185,1.0229936,1.01532,1.0078881,1.0006887,0.9937128,0.98695177,0.9803974,0.9740418,0.96787757,0.96189725,0.9560941,0.9504614,0.94499284,0.93968225,0.9345237,0.9295117,0.9246409,0.91990596,0.91530204,0.9108243,0.9064682,0.9022293,0.8981035,0.8940867
3.408976,3.3852131,3.3548446,3.3187313,3.277679,3.232435,3.1836863,3.132062,3.078133,3.0224156,2.9653728,2.9074175,2.8489165,2.790193,2.7315304,2.6731749,2.6153395,2.5582066,2.5019307,2.446642,2.3924465,2.3394325,2.2876692,2.2372108,2.1880965,2.140354,2.0940006,2.0490432,2.0054822,1.9633095,1.9225125,1.8830731,1.8449692,1.8081746,1.7726614,1.738399,1.7053545,1.6734947,1.6427851,1.6131902,1.5846746,1.557203,1.5307399,1.5052502,1.4806993,1.4570532,1.4342782,1.4123421,1.3912129,1.3708597,1.3512523,1.3323619,1.3141601,1.2966199,1.2797146,1.263419,1.2477092,1.232561,1.2179523,1.203861,1.1902666,1.1771488,1.1644886,1.1522676,1.140468,1.1290729,1.1180661,1.1074321,1.097156,1.0872235,1.077621,1.0683353,1.0593538,1.0506649,1.0422566,1.0341183,1.0262393,1.0186095,1.0112193,1.0040593,0.9971209,0.99039555,0.98387486,0.9775511,0.9714172,0.9654654,0.95968926,0.954082,0.9486375,0.94334954,0.93821234,0.9332204,0.9283684,0.92365104,0.9190636,0.9146013,0.9102596,0.9060341,0.9019208,0.8979155
3.4361372,3.4122405,3.3816636,3.345276,3.3038926,3.2582676,3.2090952,3.157011,3.102592,3.046359,2.9887798,2.930272,2.8712063,2.8119087,2.752666,2.693727,2.635307,2.5775905,2.5207336,2.4648676,2.4101014,2.356523,2.304203,2.2531962,2.2035434,2.1552718,2.1083994,2.0629342,2.0188756,1.9762174,1.9349458,1.8950431,1.8564875,1.8192526,1.7833108,1.7486308,1.7151802,1.6829256,1.6518319,1.621864,1.5929863,1.565163,1.5383587,1.5125378,1.4876659,1.4637082,1.4406314,1.4184029,1.3969904,1.3763629,1.3564897,1.337342,1.318891,1.3011098,1.2839713,1.2674501,1.251522,1.2361627,1.2213497,1.2070612,1.1932759,1.1799737,1.1671352,1.1547419,1.1427758,1.1312199,1.1200576,1.1092734,1.0988522,1.0887794,1.0790412,1.0696247,1.0605171,1.0517058,1.0431798,1.0349275,1.0269386,1.0192025,1.0117097,1.0044507,0.9974165,0.99059856,0.98398864,0.9775788,0.9713614,0.96532935,0.9594755,0.95379335,0.9482764,0.94291854,0.93771386,0.9326568,0.9277418,0.92296386,0.9183178,0.91379887,0.90940243,0.90512425,0.90095997,0.89690554
3.4378648,3.413838,3.3831038,3.3465376,3.3049564,3.2591188,3.2097225,3.1574068,3.1027508,3.0462782,2.9884596,2.929714,2.8704133,2.8108861,2.7514198,2.692264,2.6336355,2.5757189,2.518671,2.4626236,2.4076858,2.3539455,2.301474,2.2503254,2.20054,2.1521463,2.1051612,2.0595922,2.0154393,1.9726949,1.9313459,1.8913739,1.8527564,1.8154674,1.7794781,1.7447573,1.7112725,1.6789894,1.647873,1.6178877,1.5889976,1.5611665,1.5343587,1.5085386,1.4836711,1.4597214,1.436656,1.4144418,1.3930464,1.3724384,1.3525876,1.3334641,1.3150395,1.2972863,1.2801775,1.2636877,1.247792,1.2324668,1.2176888,1.2034364,1.189688,1.1764234,1.1636233,1.151269,1.1393423,1.1278262,1.1167042,1.1059606,1.0955801,1.0855483,1.0758514,1.0664761,1.0574095,1.0486395,1.0401546,1.0319434,1.0239954,1.0163002,1.008848,1.0016294,0.9946356,0.9878576,0.98128736,0.97491693,0.9687386,0.96274537,0.95693004,0.95128596,0.9458067,0.9404863,0.9353186,0.9302981,0.92541933,0.92067707,0.9160664,0.9115824,0.90722066,0.9029765,0.898846,0.89482474
3.4418073,3.4177957,3.3871074,3.3506124,3.309125,3.2633991,3.2141292,3.1619508,3.1074405,3.0511184,2.993453,2.9348612,2.8757133,2.8163357,2.7570145,2.6979985,2.6395035,2.5817132,2.5247836,2.4688466,2.4140105,2.3603632,2.3079758,2.2569027,2.2071843,2.1588488,2.1119137,2.0663862,2.022267,1.979549,1.9382191,1.8982592,1.8596472,1.8223573,1.7863613,1.7516286,1.7181265,1.6858214,1.6546786,1.6246626,1.5957379,1.567869,1.5410199,1.5151557,1.4902413,1.4662426,1.4431258,1.4208584,1.3994081,1.3787436,1.3588351,1.3396528,1.3211685,1.3033547,1.286185,1.2696337,1.2536762,1.2382888,1.2234485,1.2091336,1.1953231,1.1819966,1.1691347,1.1567189,1.144731,1.1331544,1.1219721,1.1111689,1.1007292,1.090639,1.0808842,1.0714518,1.0623288,1.0535032,1.0449631,1.0366979,1.0286964,1.0209485,1.0134444,1.0061748,0.9991306,0.9923032,0.9856843,0.9792659,0.97304064,0.9670011,0.9611403,0.9554515,0.9499284,0.94456476,0.93935466,0.9342926,0.9293729,0.9245905,0.9199405,0.91541785,0.9110181,0.90673673,0.90256953,0.8985124
3.418733,3.3948421,3.3643675,3.3281667,3.2870426,3.241739,3.1929407,3.1412737,3.087307,3.0315542,2.9744763,2.9164848,2.8579454,2.79918,2.74047,2.6820621,2.6241682,2.5669699,2.510622,2.4552538,2.4009728,2.3478658,2.296003,2.2454379,2.1962109,2.1483493,2.1018713,2.0567842,2.013088,1.9707761,1.9298357,1.8902491,1.8519948,1.815047,1.7793782,1.744958,1.7117546,1.6797345,1.6488634,1.6191068,1.5904294,1.5627961,1.5361717,1.5105213,1.4858106,1.4620059,1.439074,1.4169824,1.3956994,1.3751943,1.3554374,1.3363996,1.3180524,1.3003694,1.283324,1.2668909,1.2510458,1.2357655,1.2210273,1.2068093,1.1930909,1.1798522,1.1670737,1.1547374,1.1428251,1.1313204,1.1202066,1.1094685,1.0990908,1.0890596,1.0793608,1.0699818,1.0609096,1.0521324,1.0436385,1.0354168,1.027457,1.0197487,1.0122824,1.0050486,0.99803853,0.9912436,0.9846555,0.9782666,0.97206926,0.9660563,0.96022075,0.95455605,0.9490558,0.94371396,0.9385246,0.93348217,0.92858124,0.92381656,0.91918343,0.9146769,0.9102924,0.9060256,0.9018722,0.89782816
3.4259295,3.402043,3.3715248,3.3352394,3.2939942,3.248539,3.199563,3.1476972,3.0935144,3.037532,2.9802146,2.9219766,2.863186,2.804167,2.745204,2.6865442,2.6284015,2.570959,2.5143726,2.458772,2.4042652,2.3509402,2.2988677,2.2481012,2.1986809,2.1506352,2.1039815,2.0587273,2.0148728,1.9724109,1.931329,1.8916091,1.853229,1.8161633,1.7803841,1.7458605,1.7125604,1.6804502,1.6494955,1.6196612,1.5909119,1.563212,1.5365262,1.5108194,1.4860569,1.4622047,1.4392295,1.4170984,1.3957796,1.3752422,1.3554561,1.3363922,1.3180218,1.3003181,1.2832546,1.2668056,1.250947,1.2356548,1.2209067,1.2066808,1.1929559,1.179712,1.1669298,1.154591,1.1426775,1.1311724,1.1200593,1.1093227,1.0989474,1.0889192,1.0792243,1.0698495,1.0607822,1.0520102,1.0435221,1.0353067,1.0273533,1.0196518,1.0121925,1.0049658,0.99796313,0.9911758,0.9845954,0.97821426,0.9720248,0.9660197,0.9601921,0.9545353,0.94904304,0.943709,0.9385276,0.9334929,0.92859983,0.9238429,0.91921735,0.91471833,0.9103412,0.9060817,0.9019355,0.8978987
3.4197454,3.3958914,3.3654435,3.3292608,3.2881467,3.2428465,3.194045,3.1423707,3.0883918,3.0326233,2.9755273,2.9175148,2.858953,2.8001633,2.741429,2.6829963,2.6250768,2.5678537,2.5114806,2.4560876,2.4017823,2.348652,2.2967658,2.2461784,2.1969292,2.149047,2.1025481,2.057441,2.0137255,1.9713948,1.9304359,1.8908312,1.8525591,1.8155938,1.7799077,1.7454705,1.7122498,1.6802127,1.6493247,1.6195512,1.5908568,1.5632061,1.5365644,1.5108967,1.4861681,1.4623458,1.4393957,1.4172856,1.395984,1.3754603,1.3556842,1.3366268,1.3182602,1.3005573,1.2834918,1.2670385,1.251173,1.2358718,1.2211127,1.2068738,1.1931342,1.1798741,1.1670742,1.154716,1.1427822,1.1312556,1.12012,1.1093601,1.0989606,1.0889075,1.079187,1.0697861,1.0606921,1.051893,1.0433774,1.0351343,1.0271531,1.0194235,1.0119361,1.0046812,0.99765027,0.99083465,0.9842261,0.97781694,0.9715995,0.9655667,0.9597115,0.9540274,0.948508,0.9431472,0.93793917,0.9328783,0.92795926,0.92317677,0.91852605,0.9140022,0.9096006,0.90531707,0.90114725,0.8970871
3.4015846,3.3778238,3.3474743,3.3113956,3.2703903,3.2252033,3.1765208,3.1249697,3.0711198,3.0154858,2.958529,2.9006622,2.8422508,2.783618,2.7250457,2.66678,2.609033,2.5519876,2.4957976,2.4405923,2.386479,2.333544,2.281858,2.231474,2.1824317,2.1347587,2.0884721,2.043579,2.0000796,1.9579667,1.9172268,1.8778421,1.8397903,1.803046,1.7675807,1.7333641,1.7003638,1.6685462,1.6378769,1.6083207,1.5798422,1.5524063,1.5259773,1.5005203,1.4760011,1.4523854,1.4296398,1.4077319,1.38663,1.3663032,1.3467218,1.3278562,1.3096787,1.292162,1.2752796,1.2590067,1.2433187,1.2281921,1.2136045,1.1995342,1.1859602,1.1728628,1.1602225,1.1480212,1.1362412,1.1248655,1.1138778,1.1032629,1.0930057,1.083092,1.073508,1.0642409,1.0552781,1.0466076,1.0382178,1.0300977,1.0222371,1.0146255,1.0072534,1.0001117,0.9931914,0.98648405,0.9799814,0.9736757,0.9675596,0.9616258,0.9558676,0.9502783,0.9448515,0.9395813,0.9344618,0.9294875,0.92465305,0.91995335,0.91538334,0.9109385,0.90661424,0.90240604,0.89830995,0.8943218
3.4188805,3.3950973,3.3646626,3.328443,3.2872498,3.2418356,3.192892,3.1410537,3.086895,3.0309365,2.9736438,2.9154336,2.8566742,2.7976918,2.7387714,2.680161,2.6220741,2.564695,2.5081785,2.452655,2.3982325,2.3449981,2.2930217,2.2423573,2.1930447,2.1451106,2.0985727,2.0534382,2.009706,1.9673688,1.9264135,1.8868215,1.8485701,1.8116336,1.7759833,1.7415881,1.7084156,1.6764317,1.6456017,1.6158901,1.5872614,1.5596799,1.5331099,1.507516,1.4828638,1.4591186,1.4362476,1.4142175,1.3929965,1.3725537,1.352859,1.333883,1.3155978,1.2979758,1.2809907,1.2646173,1.2488312,1.2336086,1.2189269,1.2047645,1.1911006,1.177915,1.1651884,1.1529026,1.1410397,1.1295829,1.118516,1.1078231,1.0974896,1.087501,1.0778439,1.068505,1.0594718,1.0507324,1.042275,1.0340887,1.0261631,1.0184878,1.0110534,1.0038506,0.9968703,0.9901041,0.9835438,0.9771818,0.9710102,0.9650222,0.9592107,0.9535693,0.9480913,0.942771,0.9376024,0.93258,0.9276983,0.92295223,0.9183369,0.91384757,0.9094796,0.90522873,0.9010906,0.8970614
3.409227,3.385454,3.3550704,3.3189373,3.2778606,3.2325878,3.1838067,3.1321464,3.078179,3.0224195,2.9653325,2.9073305,2.848781,2.7900078,2.7312942,2.6728864,2.6149976,2.5578108,2.5014803,2.446136,2.3918858,2.3388162,2.2869976,2.2364836,2.1873136,2.1395159,2.093107,2.0480947,2.004479,1.9622519,1.9214008,1.8819075,1.84375,1.8069022,1.7713363,1.7370212,1.7039249,1.6720136,1.6412528,1.6116073,1.5830414,1.55552,1.5290078,1.5034695,1.4788704,1.4551765,1.4323546,1.410372,1.3891969,1.3687985,1.3491466,1.3302124,1.3119671,1.2943844,1.2774372,1.2611008,1.2453504,1.2301626,1.2155149,1.2013857,1.1877539,1.1745998,1.161904,1.149648,1.1378144,1.1263859,1.1153468,1.1046811,1.0943741,1.0844116,1.0747797,1.0654657,1.0564567,1.0477408,1.0393066,1.0311431,1.0232396,1.0155861,1.008173,1.0009909,0.99403095,0.9872847,0.98074406,0.9744011,0.96824837,0.9622787,0.9564853,0.95086145,0.94540095,0.94009763,0.9349457,0.9299396,0.925074,0.9203438,0.91574395,0.9112698,0.9069168,0.9026805,0.89855695,0.8945419
3.4226289,3.398789,3.3682892,3.3319976,3.2907257,3.2452254,3.1961908,3.1442547,3.089994,3.0339272,2.976522,2.9181945,2.8593144,2.8002079,2.74116,2.6824193,2.6242008,2.566688,2.5100365,2.4543772,2.3998184,2.346448,2.2943363,2.2435374,2.1940916,2.1460261,2.0993586,2.0540965,2.0102396,1.9677806,1.9267062,1.8869983,1.8486345,1.811589,1.7758331,1.7413361,1.7080656,1.6759874,1.6450669,1.6152687,1.5865571,1.5588964,1.5322509,1.5065854,1.4818649,1.4580553,1.435123,1.4130349,1.3917594,1.3712652,1.3515221,1.3325007,1.3141727,1.2965109,1.2794886,1.2630804,1.2472618,1.232009,1.2172995,1.2031113,1.1894236,1.1762159,1.1634693,1.1511649,1.1392851,1.127813,1.116732,1.1060266,1.0956818,1.0856832,1.0760171,1.0666704,1.0576303,1.0488847,1.0404224,1.0322318,1.0243027,1.0166249,1.0091885,1.0019842,0.9950032,0.9882369,0.98167706,0.9753157,0.9691456,0.9631592,0.9573499,0.9517109,0.94623584,0.9409186,0.9357535,0.93073475,0.92585707,0.9211153,0.9165044,0.91201967,0.9076565,0.90341055,0.89927757,0.89525366
3.4016237,3.3778875,3.3475633,3.3115094,3.270529,3.2253666,3.1767082,3.1251802,3.071353,3.0157404,2.958804,2.9009562,2.842563,2.783946,2.7253885,2.6671362,2.6094012,2.552366,2.4961843,2.4409862,2.3868783,2.3339477,2.2822642,2.2318811,2.182839,2.1351647,2.0888753,2.0439787,2.0004745,1.9583554,1.9176087,1.8782163,1.8401561,1.8034024,1.7679274,1.7337003,1.7006887,1.6688595,1.6381782,1.6086096,1.5801184,1.5526695,1.5262272,1.5007569,1.4762238,1.4525943,1.429835,1.4079132,1.3867974,1.3664567,1.3468611,1.3279817,1.3097905,1.2922599,1.2753642,1.2590778,1.2433765,1.2282368,1.2136362,1.199553,1.1859665,1.1728565,1.1602039,1.1479906,1.1361986,1.1248112,1.1138122,1.1031859,1.0929176,1.0829928,1.0733984,1.0641205,1.0551474,1.0464667,1.0380669,1.0299371,1.0220667,1.0144458,1.0070645,0.9999136,0.9929843,0.98626804,0.9797567,0.9734425,0.96731806,0.961376,0.9556096,0.9500122,0.9445776,0.9392996,0.93417245,0.92919064,0.9243488,0.9196417,0.9150645,0.91061246,0.9062811,0.90206605,0.89796305,0.89396816
3.4170842,3.3932972,3.3628488,3.3266063,3.2853818,3.239929,3.190941,3.1390514,3.084837,3.0288172,2.9714599,2.9131808,2.8543506,2.7952948,2.7362995,2.6776128,2.6194496,2.5619936,2.5054007,2.4498014,2.3953042,2.3419967,2.2899494,2.2392159,2.1898365,2.1418388,2.0952399,2.0500474,2.0062604,1.9638721,1.9228686,1.8832321,1.84494,1.8079661,1.772282,1.7378567,1.7046576,1.6726503,1.6418005,1.6120725,1.5834305,1.5558386,1.5292612,1.5036631,1.4790092,1.4552652,1.4323974,1.4103732,1.3891602,1.3687274,1.3490447,1.3300827,1.3118129,1.2942079,1.2772413,1.2608879,1.2451227,1.229922,1.2152636,1.2011251,1.187486,1.174326,1.1616256,1.1493664,1.1375308,1.1261016,1.1150625,1.1043978,1.0940926,1.0841329,1.0745043,1.0651941,1.0561898,1.047479,1.0390503,1.0308927,1.0229957,1.0153489,1.0079427,1.000768,0.99381554,0.98707706,0.9805443,0.9742094,0.9680649,0.9621035,0.95631844,0.950703,0.945251,0.9399562,0.9348128,0.9298153,0.9249581,0.92023635,0.915645,0.9111792,0.9068346,0.9026066,0.89849114,0.8944842
3.4354887,3.4115756,3.3809857,3.3445895,3.3031995,3.25757,3.2083964,3.1563125,3.1018953,3.0456667,2.9880934,2.9295928,2.8705359,2.811249,2.752018,2.693092,2.6346865,2.5769854,2.5201454,2.4642973,2.4095497,2.3559916,2.3036926,2.2527077,2.2030773,2.154829,2.1079807,2.0625398,2.0185065,1.9758734,1.9346278,1.8947511,1.8562214,1.8190131,1.7830974,1.7484437,1.7150195,1.6827908,1.651723,1.6217808,1.5929282,1.5651298,1.5383499,1.5125532,1.4877045,1.4637699,1.4407157,1.418509,1.3971176,1.3765109,1.3566579,1.3375297,1.3190979,1.3013349,1.2842141,1.2677103,1.2517986,1.2364556,1.2216582,1.2073848,1.1936141,1.1803262,1.1675012,1.1551211,1.1431679,1.1316242,1.120474,1.1097014,1.0992916,1.0892298,1.0795026,1.0700965,1.0609989,1.0521977,1.0436814,1.0354387,1.027459,1.0197322,1.0122483,1.0049982,0.9979727,0.99116343,0.9845619,0.9781604,0.97195125,0.96592736,0.9600817,0.95440745,0.9488983,0.9435483,0.93835133,0.933302,0.92839456,0.92362404,0.9189854,0.9144739,0.91008484,0.90581393,0.90165675,0.8976094
3.4004138,3.376636,3.346286,3.3102207,3.2692409,3.2240906,3.1754525,3.1239524,3.0701587,3.0145845,2.9576902,2.899887,2.8415396,2.78297,2.7244596,2.6662536,2.6085646,2.5515738,2.495435,2.4402773,2.3862083,2.3333144,2.2816648,2.2313135,2.1823,2.1346521,2.088387,2.0435116,2.0000265,1.9579241,1.9171916,1.8778112,1.8397608,1.8030151,1.7675457,1.7333224,1.7003131,1.6684847,1.6378019,1.6082308,1.5797359,1.5522816,1.5258329,1.5003551,1.4758136,1.4521747,1.429405,1.4074721,1.3863447,1.3659916,1.3463832,1.3274903,1.3092852,1.2917404,1.27483,1.2585288,1.2428124,1.2276573,1.2130411,1.1989424,1.18534,1.1722144,1.1595461,1.1473169,1.1355091,1.1241059,1.1130913,1.1024494,1.0921657,1.0822258,1.072616,1.0633234,1.0543354,1.0456399,1.0372257,1.0290817,1.0211973,1.0135624,1.0061677,0.9990034,0.99206096,0.9853319,0.978808,0.9724815,0.96634483,0.96039104,0.9546131,0.9490044,0.9435587,0.93827,0.9331324,0.9281403,0.9232885,0.9185717,0.91398513,0.9095239,0.9051836,0.90095985,0.8968485,0.89284545
3.4110239,3.387258,3.356838,3.3206306,3.2794478,3.234042,3.1851068,3.1332755,3.079124,3.0231721,2.965887,2.9076843,2.8489347,2.7899628,2.7310543,2.6724575,2.6143863,2.5570247,2.5005279,2.4450264,2.3906279,2.3374202,2.2854726,2.2348392,2.1855597,2.1376615,2.0911613,2.0460663,2.0023763,1.9600832,1.9191737,1.8796294,1.8414273,1.8045418,1.7689438,1.7346025,1.7014852,1.6695576,1.6387851,1.609132,1.5805628,1.5530411,1.5265319,1.5009995,1.4764092,1.4527262,1.4299178,1.4079506,1.3867928,1.3664131,1.3467817,1.3278689,1.3096466,1.2920876,1.2751653,1.2588544,1.2431303,1.2279695,1.2133493,1.1992481,1.1856446,1.1725192,1.1598523,1.1476254,1.135821,1.1244221,1.1134124,1.1027763,1.0924988,1.0825658,1.0729634,1.0636786,1.0546988,1.046012,1.0376067,1.0294719,1.0215969,1.0139716,1.0065866,0.9994322,0.9924997,0.98578084,0.979267,0.97295076,0.9668244,0.96088076,0.95511305,0.9495146,0.94407916,0.9388006,0.93367296,0.9286909,0.92384905,0.9191421,0.91456527,0.9101137,0.90578294,0.9015686,0.8974666,0.89347273
3.4145112,3.3907313,3.3602805,3.324028,3.2827866,3.2373111,3.1882963,3.1363764,3.0821292,3.0260758,2.9686832,2.9103699,2.8515055,2.7924166,2.73339,2.6746738,2.6164837,2.559003,2.5023885,2.446771,2.3922582,2.3389385,2.2868824,2.236143,2.1867611,2.1387641,2.0921693,2.0469837,2.0032067,1.9608313,1.9198434,1.8802254,1.841954,1.8050035,1.7693448,1.7349472,1.7017775,1.669802,1.6389852,1.6092918,1.5806859,1.5531313,1.5265926,1.501034,1.4764206,1.4527178,1.4298921,1.4079103,1.3867406,1.3663512,1.3467124,1.3277943,1.3095686,1.2920079,1.2750857,1.2587762,1.243055,1.2278985,1.2132835,1.1991887,1.1855925,1.1724751,1.1598172,1.1475999,1.1358057,1.1244175,1.1134189,1.1027943,1.0925287,1.0826079,1.0730178,1.0637455,1.0547783,1.0461043,1.0377116,1.0295897,1.0217274,1.0141151,1.0067427,0.999601,0.99268115,0.98597467,0.97947323,0.9731691,0.96705467,0.961123,0.95536697,0.94978,0.9443557,0.9390882,0.93397164,0.92900026,0.92416877,0.9194721,0.9149053,0.91046363,0.9061425,0.9019376,0.8978447,0.89385974
3.407268,3.383539,3.3531878,3.3170772,3.2760143,3.2307477,3.1819663,3.1303003,3.076322,3.0205493,2.9634452,2.9054246,2.8468547,2.7880602,2.729324,2.6708941,2.6129842,2.5557761,2.499426,2.4440627,2.3897948,2.33671,2.2848775,2.2343514,2.1851714,2.1373658,2.090951,2.0459352,2.0023174,1.9600909,1.9192423,1.8797536,1.8416026,1.8047634,1.7692076,1.7349046,1.701822,1.6699259,1.6391819,1.6095543,1.5810081,1.5535073,1.5270166,1.501501,1.4769254,1.4532557,1.4304589,1.4085019,1.387353,1.366981,1.347356,1.3284485,1.3102309,1.2926754,1.2757558,1.2594466,1.2437236,1.2285631,1.2139425,1.1998401,1.186235,1.1731071,1.1604373,1.1482072,1.1363988,1.1249955,1.1139808,1.1033394,1.0930561,1.0831169,1.0735079,1.0642161,1.0552291,1.0465348,1.0381215,1.0299785,1.0220951,1.0144613,1.0070672,0.9999039,0.99296224,0.98623383,0.97971046,0.97338444,0.96724826,0.9612948,0.95551705,0.9499085,0.94446284,0.93917406,0.93403625,0.9290439,0.9241917,0.91947454,0.91488737,0.91042554,0.9060846,0.9018601,0.89774776,0.89374375
3.411488,3.3877425,3.3573785,3.3212585,3.2801886,3.2349162,3.1861308,3.134461,3.0804791,3.0247023,2.9675937,2.9095674,2.8509908,2.7921882,2.7334423,2.675001,2.6170774,2.5598543,2.5034869,2.448105,2.3938165,2.340709,2.2888522,2.2382998,2.1890926,2.1412575,2.0948122,2.0497644,2.0061135,1.9638526,1.9229689,1.8834441,1.8452559,1.808379,1.7727851,1.7384433,1.7053216,1.6733861,1.6426024,1.6129351,1.5843492,1.5568088,1.5302786,1.5047235,1.480109,1.4564006,1.4335654,1.4115707,1.3903842,1.3699754,1.3503141,1.3313713,1.3131185,1.2955287,1.2785754,1.2622334,1.2464781,1.2312862,1.2166348,1.2025025,1.1888682,1.1757119,1.1630144,1.1507573,1.1389227,1.127494,1.1164546,1.1057891,1.0954826,1.0855207,1.0758898,1.066577,1.0575693,1.0488551,1.0404226,1.0322609,1.0243593,1.0167081,1.0092971,1.0021174,0.99516,0.9884163,0.98187816,0.9755379,0.9693878,0.963421,0.9576303,0.95200926,0.94655156,0.94125104,0.93610203,0.9310987,0.926236,0.92150843,0.9169114,0.91244006,0.9080898,0.9038563,0.89973533,0.89572287
3.4067369,3.382995,3.352641,3.3165371,3.2754889,3.2302432,3.1814888,3.1298537,3.0759103,3.0201745,2.9631095,2.905129,2.8466,2.7878463,2.729151,2.670761,2.6128902,2.5557203,2.499406,2.444078,2.389843,2.3367891,2.284986,2.234487,2.1853323,2.1375496,2.091156,2.0461593,2.0025587,1.9603477,1.9195125,1.8800355,1.8418945,1.8050637,1.7695148,1.7352173,1.7021389,1.6702456,1.6395034,1.6098766,1.5813303,1.5538287,1.5273361,1.501818,1.4772396,1.4535666,1.4307657,1.4088047,1.3876512,1.3672748,1.347645,1.328733,1.3105106,1.2929503,1.276026,1.2597125,1.2439852,1.2288206,1.2141961,1.2000902,1.1864817,1.1733508,1.1606784,1.1484457,1.1366353,1.1252302,1.1142142,1.1035717,1.0932877,1.083348,1.0737392,1.0644478,1.0554613,1.046768,1.0383558,1.0302145,1.0223329,1.0147011,1.0073097,1.0001489,0.9932102,0.9864849,0.979965,0.9736426,0.96751016,0.9615606,0.95578706,0.9501828,0.94474167,0.9394575,0.9343244,0.9293369,0.9244898,0.9197776,0.9151957,0.9107391,0.9064035,0.9021843,0.89807755,0.8940791
3.4230661,3.3992424,3.368743,3.3324375,3.2911394,3.2456038,3.1965256,3.1445398,3.0902243,3.0340998,2.976635,2.9182472,2.8593068,2.8001409,2.7410355,2.6822398,2.6239686,2.5664067,2.5097098,2.454009,2.3994126,2.3460093,2.293868,2.243044,2.1935766,2.1454942,2.0988135,2.0535421,2.0096793,1.9672182,1.9261446,1.886441,1.8480842,1.8110485,1.775305,1.7408228,1.7075692,1.67551,1.6446102,1.6148345,1.5861468,1.5585114,1.5318923,1.5062542,1.481562,1.4577816,1.4348791,1.4128214,1.3915766,1.3711135,1.3514018,1.332412,1.3141156,1.2964853,1.2794948,1.263118,1.2473307,1.2321092,1.2174306,1.203273,1.1896156,1.1764381,1.1637211,1.1514461,1.1395952,1.1281515,1.1170986,1.1064209,1.0961032,1.0861315,1.0764918,1.067171,1.0581563,1.0494357,1.040998,1.0328317,1.0249262,1.0172715,1.009858,1.0026761,0.99571705,0.9889722,0.98243344,0.9760929,0.969943,0.9639767,0.95818686,0.952567,0.94711065,0.9418119,0.9366649,0.9316639,0.92680347,0.92207867,0.9174845,0.913016,0.908669,0.9044386,0.90032107,0.8963122
3.4111025,3.3873267,3.3569486,3.3208284,3.2797704,3.2345214,3.1857677,3.1341379,3.0802026,3.024477,2.967424,2.909456,2.8509407,2.7921996,2.7335167,2.6751382,2.6172771,2.5601149,2.503807,2.4484832,2.3942502,2.3411956,2.2893891,2.2388844,2.189721,2.1419277,2.0955203,2.0505073,2.0068877,1.9646549,1.9237959,1.8842926,1.8461229,1.809261,1.7736793,1.7393467,1.7062314,1.6742995,1.6435167,1.613848,1.5852581,1.5577116,1.5311732,1.5056081,1.4809813,1.4572597,1.4344091,1.4123976,1.3911932,1.3707652,1.3510836,1.3321195,1.3138446,1.2962317,1.2792549,1.2628889,1.247109,1.2318921,1.2172157,1.2030578,1.1893977,1.1762156,1.1634922,1.1512094,1.139349,1.1278945,1.1168295,1.1061387,1.0958071,1.0858203,1.0761647,1.0668275,1.0577958,1.0490578,1.0406021,1.0324174,1.0244935,1.01682,1.0093873,1.0021863,0.99520785,0.98844355,0.9818854,0.9755254,0.9693562,0.9633705,0.9575615,0.95192254,0.94644725,0.9411297,0.9359639,0.93094444,0.9260658,0.92132294,0.91671085,0.9122248,0.9078603,0.903613,0.8994785,0.895453
3.421471,3.3976395,3.3671618,3.330904,3.2896752,3.2442272,3.1952512,3.1433797,3.0891862,3.0331905,2.975858,2.9176044,2.8587985,2.7997656,2.7407906,2.6821222,2.6239738,2.5665293,2.5099447,2.4543502,2.399854,2.3465443,2.2944908,2.2437482,2.194356,2.1463425,2.0997248,2.0545106,2.0106997,1.9682847,1.927253,1.8875858,1.8492613,1.8122536,1.7765341,1.7420722,1.7088354,1.6767898,1.6459007,1.6161327,1.5874503,1.5598179,1.5331995,1.5075604,1.4828652,1.45908,1.4361713,1.4141061,1.3928523,1.3723793,1.3526565,1.3336546,1.3153456,1.2977018,1.2806969,1.2643054,1.2485026,1.2332652,1.2185702,1.2043959,1.1907213,1.1775265,1.1647918,1.152499,1.14063,1.129168,1.118097,1.1074008,1.0970647,1.0870743,1.0774161,1.0680765,1.0590433,1.0503042,1.0418478,1.0336629,1.0257392,1.018066,1.0106342,1.0034342,0.996457,0.9896942,0.98313755,0.97677934,0.9706119,0.96462804,0.95882094,0.95318395,0.94771075,0.9423952,0.93723136,0.9322139,0.9273373,0.92259634,0.91798615,0.913502,0.9091393,0.90489364,0.9007609,0.896737
3.4198847,3.3960555,3.365599,3.329379,3.2882037,3.2428212,3.1939216,3.1421356,3.0880363,3.0321405,2.974913,2.916768,2.8580742,2.7991548,2.7402942,2.6817398,2.6237054,2.5663736,2.5098994,2.4544134,2.4000225,2.346815,2.2948604,2.2442122,2.1949108,2.146984,2.1004486,2.0553117,2.0115743,1.9692276,1.9282594,1.8886511,1.8503811,1.8134232,1.7777491,1.7433281,1.7101277,1.6781144,1.6472538,1.6175101,1.5888484,1.5612326,1.5346277,1.5089984,1.4843102,1.4605289,1.4376211,1.4155542,1.3942962,1.3738165,1.3540847,1.335072,1.31675,1.2990916,1.2820702,1.2656608,1.2498388,1.2345809,1.2198642,1.2056673,1.191969,1.1787496,1.1659896,1.153671,1.1417756,1.1302867,1.1191883,1.1084644,1.0981002,1.0880816,1.0783949,1.0690268,1.0599651,1.0511974,1.0427125,1.0344992,1.0265468,1.0188456,1.0113856,1.0041575,0.9971527,0.9903623,0.9837785,0.97739327,0.97119915,0.9651889,0.95935565,0.9536929,0.94819427,0.9428537,0.93766516,0.93262327,0.9277226,0.922958,0.9183246,0.9138175,0.90943223,0.9051645,0.9010099,0.89696443
3.428794,3.4048734,3.374258,3.3378196,3.2963738,3.2506785,3.20143,3.1492662,3.0947657,3.0384512,2.9807928,2.9222088,2.863071,2.8037076,2.7444048,2.6854134,2.626948,2.5691948,2.5123096,2.4564235,2.4016464,2.3480656,2.295752,2.2447596,2.1951292,2.1468883,2.1000538,2.0546339,2.0106273,1.9680274,1.9268202,1.8869873,1.8485066,1.8113515,1.7754934,1.740901,1.7075417,1.6753812,1.6443841,1.6145154,1.5857385,1.558018,1.5313171,1.5056009,1.4808344,1.4569825,1.4340117,1.4118891,1.3905821,1.3700597,1.350291,1.331247,1.312899,1.2952194,1.2781814,1.2617599,1.2459295,1.2306669,1.215949,1.2017542,1.188061,1.1748493,1.1620996,1.1497935,1.1379129,1.1264408,1.1153607,1.104657,1.0943147,1.0843191,1.0746567,1.0653142,1.0562788,1.0475385,1.0390818,1.0308974,1.0229745,1.0153034,1.007874,1.0006769,0.99370337,0.9869448,0.98039275,0.97403955,0.9678776,0.96189964,0.9560988,0.9504685,0.94500214,0.9396938,0.93453753,0.9295277,0.924659,0.9199262,0.9153244,0.91084874,0.90649474,0.9022578,0.89813405,0.89411914
3.4141538,3.390332,3.3598764,3.3236518,3.2824676,3.237074,3.1881618,3.136363,3.0822513,3.0263453,2.9691095,2.9109597,2.852264,2.7933464,2.7344923,2.6759489,2.6179295,2.560617,2.504167,2.448709,2.394351,2.3411803,2.289266,2.2386627,2.1894088,2.1415334,2.0950518,2.0499718,2.006293,1.964008,1.9231031,1.8835602,1.8453565,1.8084662,1.7728608,1.7385094,1.7053792,1.6734366,1.6426467,1.612974,1.5843831,1.5568384,1.5303038,1.5047448,1.4801259,1.4564136,1.4335742,1.4115747,1.3903835,1.3699697,1.3503029,1.3313541,1.3130952,1.2954988,1.2785386,1.2621891,1.2464261,1.231226,1.2165663,1.202425,1.1887815,1.1756157,1.1629084,1.1506412,1.1387964,1.127357,1.116307,1.1056306,1.0953132,1.0853403,1.0756981,1.066374,1.0573549,1.0486293,1.0401855,1.0320122,1.0240993,1.0164368,1.0090146,1.0018237,0.99485505,0.9881003,0.98155123,0.9752001,0.9690394,0.9630619,0.95726085,0.95162946,0.9461616,0.9408511,0.9356923,0.9306793,0.9258071,0.9210704,0.9164642,0.91198385,0.90762496,0.9033828,0.8992535,0.8952329
3.4117467,3.3879814,3.3576016,3.3214688,3.280389,3.2351103,3.1863208,3.13465,3.0806696,3.0248964,2.9677935,2.9097753,2.8512087,2.7924175,2.7336853,2.675259,2.6173518,2.5601463,2.503797,2.4484346,2.3941662,2.341079,2.289243,2.2387118,2.1895256,2.1417115,2.0952868,2.050259,2.0066278,1.9643861,1.9235204,1.8840129,1.8458414,1.80898,1.7734003,1.739072,1.7059623,1.6740377,1.6432636,1.6136049,1.5850263,1.5574918,1.5309663,1.5054146,1.4808022,1.4570951,1.4342597,1.4122636,1.3910749,1.3706627,1.350997,1.3320485,1.3137894,1.2961922,1.2792307,1.2628796,1.2471147,1.2319121,1.2172496,1.2031054,1.1894587,1.1762894,1.1635783,1.1513071,1.1394581,1.1280144,1.1169598,1.1062787,1.0959563,1.0859783,1.0763311,1.0670016,1.0579772,1.0492458,1.0407964,1.0326174,1.0246989,1.0170302,1.009602,1.0024049,0.99543,0.98866904,0.9821137,0.9757561,0.969589,0.9636049,0.9577972,0.95215935,0.9466849,0.94136775,0.93620217,0.9311826,0.9263036,0.9215601,0.91694725,0.91246015,0.90809447,0.90384567,0.8997096,0.8956823
3.43583,3.411905,3.3812883,3.3448517,3.3034105,3.257721,3.2084792,3.1563215,3.1018271,3.0455184,2.9878635,2.9292817,2.8701434,2.810777,2.7514687,2.6924684,2.6339917,2.5762239,2.5193205,2.4634135,2.4086118,2.355003,2.3026586,2.251632,2.2019641,2.153683,2.1068053,2.061339,2.0172837,1.9746321,1.9333713,1.8934821,1.8549428,1.8177272,1.7818065,1.7471498,1.7137246,1.6814966,1.6504307,1.6204916,1.5916436,1.5638504,1.5370762,1.5112861,1.4864445,1.4625173,1.4394706,1.4172715,1.395888,1.3752887,1.3554435,1.3363224,1.3178976,1.3001412,1.2830268,1.2665288,1.2506226,1.2352846,1.2204916,1.206222,1.1924548,1.1791697,1.1663473,1.1539688,1.1420169,1.1304741,1.1193241,1.1085513,1.0981405,1.0880775,1.0783486,1.0689404,1.0598402,1.051036,1.0425162,1.0342698,1.026286,1.0185547,1.011066,1.0038106,0.9967799,0.9899649,0.9833576,0.97695005,0.9707347,0.9647043,0.9588519,0.95317084,0.9476549,0.9422978,0.93709373,0.93203706,0.92712235,0.92234445,0.91769844,0.9131795,0.908783,0.9045046,0.9003401,0.8962853
3.4007645,3.377004,3.3466532,3.310572,3.2695642,3.2243745,3.1756897,3.1241372,3.070287,3.0146542,2.9577012,2.8998399,2.8414369,2.7828143,2.724255,2.6660054,2.6082773,2.551253,2.4950867,2.4399078,2.3858232,2.33292,2.2812672,2.230919,2.181914,2.1342802,2.0880342,2.0431833,1.9997271,1.9576583,1.9169636,1.8776245,1.8396192,1.8029213,1.7675028,1.7333329,1.7003791,1.668608,1.6379845,1.6084739,1.5800405,1.5526488,1.5262632,1.500849,1.4763714,1.4527962,1.4300904,1.4082212,1.387157,1.3668665,1.3473202,1.3284886,1.310344,1.2928588,1.276007,1.2597632,1.2441032,1.2290035,1.2144415,1.2003957,1.1868451,1.1737698,1.1611507,1.1489695,1.1372085,1.1258507,1.1148801,1.1042812,1.094039,1.0841393,1.0745687,1.065314,1.0563629,1.047703,1.0393233,1.0312126,1.0233604,1.0157567,1.008392,1.0012568,0.99434257,0.9876405,0.98114276,0.9748415,0.9687292,0.96279883,0.9570434,0.9514565,0.94603175,0.9407632,0.935645,0.9306716,0.92583764,0.9211381,0.91656804,0.9121227,0.90779775,0.9035886,0.89949125,0.8955017
3.4080706,3.384373,3.3540397,3.3179362,3.2768707,3.2315931,3.1827943,3.1311054,3.077101,3.021299,2.9641643,2.906112,2.8475113,2.7886868,2.7299223,2.6714664,2.6135325,2.5563037,2.4999352,2.4445577,2.3902788,2.3371856,2.2853484,2.234821,2.1856427,2.1378422,2.091435,2.0464296,2.0028253,1.9606142,1.9197835,1.8803147,1.8421853,1.8053695,1.7698387,1.7355618,1.7025065,1.6706388,1.6399236,1.6103259,1.58181,1.5543399,1.5278802,1.5023955,1.4778512,1.4542128,1.431447,1.4095206,1.3884022,1.3680605,1.3484654,1.3295877,1.3113989,1.2938719,1.2769802,1.2606984,1.2450022,1.2298679,1.2152729,1.2011955,1.1876147,1.1745105,1.1618636,1.1496558,1.1378691,1.1264868,1.1154926,1.1048708,1.0946066,1.0846858,1.0750948,1.0658202,1.0568497,1.0481713,1.0397735,1.0316453,1.0237762,1.016156,1.0087751,1.0016243,0.9946947,0.98797786,0.98146564,0.9751501,0.96902406,0.96308017,0.9573115,0.9517117,0.9462743,0.94099337,0.935863,0.9308777,0.9260321,0.92132115,0.91673994,0.9122836,0.90794784,0.9037281,0.8996204,0.8956205
3.411922,3.388174,3.357787,3.321625,3.2804976,3.2351549,3.1862874,3.134526,3.080445,3.0245628,2.9673445,2.9092054,2.8505135,2.7915947,2.7327328,2.674176,2.616139,2.5588043,2.5023277,2.4468398,2.392449,2.3392425,2.287291,2.2366486,2.1873548,2.1394382,2.0929155,2.0477948,2.0040755,1.9617507,1.9208071,1.8812269,1.8429875,1.8060634,1.7704258,1.7360444,1.7028863,1.6709181,1.6401048,1.6104112,1.5818015,1.5542402,1.5276918,1.5021209,1.4774926,1.4537728,1.4309281,1.4089254,1.3877329,1.3673195,1.3476549,1.3287102,1.3104565,1.292867,1.2759149,1.2595749,1.2438225,1.228634,1.2139866,1.199859,1.1862297,1.1730788,1.1603869,1.1481359,1.1363075,1.1248851,1.1138521,1.1031933,1.0928935,1.0829383,1.0733142,1.064008,1.055007,1.0462993,1.0378734,1.0297182,1.021823,1.0141779,1.0067732,0.99959934,0.9926477,0.98590976,0.9793772,0.9730423,0.9668976,0.9609359,0.9551502,0.949534,0.94408095,0.93878514,0.9336404,0.9286415,0.9237829,0.91905946,0.9144664,0.9099988,0.9056521,0.90142226,0.89730465,0.8932955
3.401555,3.3778622,3.3475695,3.3115368,3.2705684,3.2254105,3.1767497,3.1252146,3.0713751,3.0157468,2.9587927,2.9009256,2.842512,2.7838748,2.7252967,2.6670249,2.6092718,2.55222,2.4960237,2.440813,2.3866947,2.3337567,2.2820683,2.2316833,2.182641,2.1349702,2.0886867,2.0437984,2.0003057,1.9582002,1.9174696,1.8780953,1.8400553,1.8033242,1.7678732,1.7336717,1.7006876,1.668887,1.6382356,1.6086977,1.5802382,1.5528216,1.5264124,1.5009754,1.476476,1.4528803,1.4301548,1.4082668,1.3871845,1.3668771,1.3473145,1.3284674,1.310308,1.2928088,1.2759435,1.259687,1.2440145,1.2289032,1.2143297,1.200273,1.186712,1.1736267,1.1609979,1.1488073,1.137037,1.1256704,1.1146913,1.104084,1.0938337,1.0839262,1.0743479,1.0650856,1.0561268,1.0474598,1.0390729,1.0309552,1.0230962,1.0154858,1.0081143,1.0009726,0.9940518,0.9873434,0.9808393,0.9745318,0.9684135,0.96247697,0.9567156,0.95112276,0.9456923,0.940418,0.93529403,0.9303151,0.92547566,0.9207707,0.9161953,0.9117447,0.9074145,0.9032002,0.89909786,0.8951033
3.411395,3.38767,3.3573015,3.3211546,3.2800393,3.2347076,3.1858501,3.1341,3.0800314,3.0241642,2.9669626,2.908844,2.8501768,2.791286,2.7324567,2.6739368,2.61594,2.5586503,2.5022223,2.4467869,2.3924518,2.3393044,2.2874148,2.2368367,2.1876097,2.1397614,2.0933084,2.048259,2.0046117,1.9623594,1.9214888,1.8819809,1.8438139,1.8069614,1.7713951,1.7370834,1.7039942,1.6720934,1.6413461,1.6117169,1.5831699,1.5556694,1.52918,1.5036659,1.4790927,1.455426,1.4326321,1.4106784,1.3895327,1.3691642,1.3495426,1.3306385,1.3124238,1.2948711,1.2779541,1.2616472,1.2459263,1.2307673,1.216148,1.2020465,1.188442,1.1753142,1.1626439,1.150413,1.1386034,1.1271985,1.1161819,1.1055378,1.0952518,1.0853093,1.0756966,1.0664008,1.0574093,1.0487101,1.0402918,1.0321432,1.024254,1.016614,1.0092134,1.0020432,0.99509454,0.98835874,0.98182786,0.9754939,0.9693495,0.9633877,0.9576013,0.9519839,0.94652927,0.9412313,0.93608415,0.93108225,0.9262204,0.9214933,0.91689616,0.91242427,0.908073,0.90383816,0.8997154,0.89570093
3.412712,3.38894,3.3584745,3.3221874,3.2808957,3.2353559,3.1862655,3.134262,3.0799255,3.023779,2.9662914,2.9078822,2.8489237,2.7897432,2.7306275,2.6718273,2.6135578,2.5560033,2.499321,2.4436414,2.3890734,2.3357048,2.2836058,2.2328308,2.1834192,2.1353989,2.0887864,2.043589,1.9998062,1.9574298,1.9164462,1.876837,1.8385788,1.8016456,1.7660081,1.7316352,1.6984935,1.6665487,1.6357656,1.6061082,1.5775404,1.550026,1.523529,1.4980137,1.4734449,1.4497879,1.4270087,1.4050744,1.3839524,1.3636115,1.3440211,1.3251519,1.3069752,1.2894634,1.2725899,1.256329,1.240656,1.2255472,1.2109797,1.1969316,1.1833818,1.17031,1.1576972,1.1455244,1.1337738,1.1224285,1.1114721,1.1008888,1.0906637,1.0807825,1.0712315,1.0619972,1.0530673,1.0444298,1.0360727,1.0279855,1.0201572,1.0125779,1.0052378,0.9981276,0.99123836,0.9845617,0.97808933,0.97181356,0.96572673,0.9598218,0.9540919,0.9485304,0.9431308,0.9378873,0.932794,0.9278453,0.92303586,0.91836053,0.9138146,0.9093931,0.9050916,0.9009057,0.8968313,0.8928643
3.4006777,3.3770282,3.3467693,3.3107622,3.2698116,3.2246659,3.1760125,3.1244805,3.0706418,3.015012,2.9580553,2.9001844,2.8417668,2.783126,2.7245455,2.6662717,2.6085181,2.551467,2.4952729,2.4400656,2.3859525,2.3330212,2.2813406,2.2309654,2.181934,2.1342754,2.0880053,2.0431318,1.9996539,1.9575651,1.9168513,1.8774948,1.8394731,1.8027606,1.7673285,1.7331465,1.700182,1.668401,1.637769,1.6082509,1.5798111,1.552414,1.526024,1.5006062,1.4761258,1.4525486,1.4298415,1.4079715,1.3869071,1.3666172,1.3470716,1.3282416,1.3100984,1.2926154,1.275766,1.2595251,1.2438679,1.2287712,1.2142125,1.20017,1.1866231,1.1735514,1.160936,1.1487584,1.1370013,1.1256473,1.1146805,1.1040853,1.0938469,1.083951,1.0743842,1.0651331,1.0561855,1.0475292,1.039153,1.0310457,1.0231969,1.0155966,1.0082351,1.0011032,0.99419194,0.9874929,0.98099816,0.97469985,0.9685904,0.9626627,0.95691,0.9513257,0.94590354,0.94063747,0.9355217,0.9305507,0.9257191,0.9210218,0.91645396,0.91201085,0.9076879,0.9034809,0.8993855,0.8953979
3.4233952,3.3996036,3.3691382,3.332868,3.291607,3.2461078,3.1970663,3.145116,3.090835,3.0347438,2.9773102,2.9189515,2.8600385,2.8008976,2.7418144,2.683039,2.6247854,2.5672388,2.5105546,2.4548645,2.4002767,2.3468795,2.294743,2.2439218,2.1944556,2.146373,2.0996904,2.0544157,2.0105488,1.9680822,1.9270025,1.8872917,1.848927,1.8118826,1.7761301,1.7416382,1.7083743,1.6763046,1.6453938,1.6156069,1.5869077,1.5592606,1.5326295,1.5069793,1.482275,1.4584821,1.4355671,1.4134967,1.3922393,1.3717633,1.3520386,1.3330357,1.3147262,1.2970828,1.2800788,1.2636887,1.2478878,1.2326528,1.2179606,1.2037892,1.1901178,1.1769265,1.1641954,1.1519063,1.1400414,1.1285833,1.117516,1.106824,1.0964919,1.0865057,1.0768512,1.0675156,1.0584863,1.049751,1.0412984,1.0331173,1.0251969,1.0175273,1.0100989,1.002902,0.99592793,0.9891681,0.9826144,0.9762589,0.97009414,0.9641128,0.95830816,0.95267344,0.94720227,0.9418888,0.9367269,0.9317113,0.9268364,0.922097,0.91748834,0.91300553,0.9086441,0.90439963,0.90026796,0.896245
3.3974571,3.3737502,3.3434463,3.3074062,3.266433,3.221273,3.1726127,3.1210804,3.067246,3.011625,2.9546804,2.8968244,2.8384233,2.7798004,2.7212386,2.662984,2.6052492,2.5482166,2.4920406,2.4368508,2.3827543,2.3298388,2.278173,2.2278113,2.1787927,2.131145,2.0848856,2.0400214,1.9965522,1.9544708,1.9137639,1.8744135,1.836397,1.7996893,1.7642617,1.7300833,1.6971223,1.6653446,1.6347158,1.6052005,1.5767636,1.5493693,1.5229825,1.4975679,1.4730906,1.4495173,1.426814,1.404948,1.3838882,1.3636031,1.3440629,1.3252383,1.3071015,1.2896249,1.2727826,1.2565486,1.2408996,1.2258111,1.2112612,1.1972277,1.1836901,1.1706283,1.1580231,1.1458563,1.1341099,1.1227672,1.1118118,1.1012285,1.0910022,1.0811186,1.071564,1.0623257,1.0533909,1.0447476,1.0363843,1.0282903,1.0204548,1.0128677,1.0055195,0.9984009,0.9915031,0.98481756,0.9783361,0.9720509,0.9659548,0.9600403,0.9543007,0.9487294,0.9433201,0.9380668,0.9329637,0.9280052,0.92318606,0.918501,0.91394526,0.90951407,0.90520287,0.9010074,0.89692354,0.89294714
3.4151292,3.3913858,3.3609798,3.3247795,3.283596,3.2381828,3.1892328,3.1373792,3.0831985,3.0272107,2.9698834,2.9116318,2.8528275,2.793795,2.7348208,2.6761537,2.6180081,2.5605683,2.50399,2.4484043,2.393919,2.340623,2.288586,2.237862,2.1884923,2.1405034,2.0939136,2.04873,2.004952,1.9625727,1.9215789,1.8819523,1.8436704,1.8067076,1.771035,1.7366221,1.7034358,1.6714425,1.6406071,1.6108944,1.5822687,1.5546937,1.5281343,1.5025548,1.4779202,1.4541965,1.4313498,1.409347,1.3881565,1.3677468,1.3480878,1.32915,1.3109051,1.2933254,1.2763848,1.2600574,1.2443188,1.2291453,1.214514,1.2004032,1.1867919,1.1736597,1.1609874,1.1487565,1.1369488,1.1255479,1.114537,1.1039007,1.0936236,1.0836917,1.0740911,1.0648086,1.0558318,1.0471482,1.0387468,1.0306159,1.0227454,1.0151249,1.0077448,1.0005955,0.9936683,0.98695475,0.98044646,0.9741357,0.96801496,0.9620769,0.9563148,0.950722,0.945292,0.940019,0.9348968,0.9299202,0.9250835,0.9203818,0.91581,0.9113634,0.90703744,0.90282774,0.8987302,0.8947408
3.3900466,3.3664293,3.3362432,3.3003433,3.259531,3.2145479,3.1660783,3.114747,3.0611224,3.005717,2.9489918,2.891357,2.8331778,2.7747755,2.7164326,2.6583939,2.6008716,2.5440469,2.488074,2.433082,2.379178,2.3264492,2.2749643,2.224777,2.1759274,2.128443,2.0823402,2.0376275,1.9943042,1.9523629,1.9117912,1.8725704,1.8346791,1.7980914,1.7627791,1.7287121,1.6958575,1.6641827,1.6336524,1.6042322,1.5758865,1.5485802,1.5222776,1.496944,1.4725451,1.4490466,1.4264154,1.4046192,1.3836261,1.363405,1.3439267,1.3251615,1.3070816,1.2896597,1.2728698,1.2566869,1.2410861,1.2260443,1.211539,1.1975486,1.1840522,1.17103,1.1584628,1.146332,1.1346207,1.1233113,1.1123879,1.1018353,1.0916383,1.0817828,1.0722553,1.0630426,1.0541325,1.0455129,1.0371723,1.0290998,1.0212848,1.0137177,1.0063884,0.99928784,0.9924074,0.9857383,0.9792727,0.9730027,0.966921,0.96102023,0.9552939,0.9497353,0.9443381,0.93909633,0.9340042,0.9290563,0.9242471,0.91957164,0.9150251,0.91060275,0.9063,0.9021126,0.89803636,0.8940673
3.4197867,3.3960242,3.3655567,3.329258,3.2879453,3.2423768,3.1932511,3.1412063,3.0868225,3.0306237,2.9730804,2.9146113,2.8555899,2.7963436,2.7371595,2.6782887,2.619946,2.5623171,2.5055585,2.4498012,2.395154,2.3417053,2.2895253,2.2386677,2.1891737,2.1410692,2.0943725,2.0490904,2.0052218,1.9627597,1.9216902,1.8819944,1.8436497,1.80663,1.7709056,1.7364461,1.703218,1.6711869,1.6403177,1.6105747,1.5819218,1.554323,1.5277419,1.502143,1.4774915,1.4537525,1.4308923,1.4088778,1.3876767,1.3672578,1.3475903,1.328645,1.3103933,1.2928079,1.275862,1.2595298,1.2437869,1.2286096,1.2139747,1.1998606,1.1862463,1.1731113,1.1604366,1.1482031,1.1363935,1.1249905,1.1139777,1.1033393,1.0930607,1.0831271,1.0735251,1.0642412,1.0552629,1.0465782,1.0381753,1.0300435,1.0221719,1.0145503,1.0071692,1.0000192,0.99309134,0.9863771,0.9798683,0.9735571,0.96743596,0.96149766,0.9557353,0.9501424,0.9447124,0.9394394,0.93431747,0.929341,0.92450464,0.9198034,0.91523206,0.91078603,0.90646076,0.9022519,0.8981552,0.89416665
3.3951058,3.3714519,3.3411818,3.3051572,3.2641854,3.2190142,3.1703327,3.1187701,3.0648997,3.0092375,2.952248,2.8943453,2.8358965,2.777226,2.7186174,2.660318,2.6025407,2.5454688,2.4892569,2.4340353,2.379911,2.326972,2.2752874,2.2249112,2.1758833,2.1282315,2.0819716,2.0371125,1.9936528,1.951585,1.9108967,1.8715687,1.8335791,1.7969018,1.7615082,1.7273676,1.6944475,1.662714,1.632132,1.6026664,1.5742815,1.5469415,1.520611,1.4952544,1.4708371,1.4473249,1.424684,1.4028819,1.3818865,1.3616667,1.3421924,1.3234342,1.305364,1.2879543,1.2711788,1.255012,1.2394295,1.2244076,1.2099237,1.195956,1.1824836,1.1694864,1.1569452,1.1448417,1.1331577,1.1218768,1.1109824,1.1004591,1.090292,1.0804665,1.0709695,1.0617874,1.052908,1.044319,1.0360093,1.0279676,1.0201834,1.0126469,1.005348,0.9982778,0.99142736,0.98478824,0.97835225,0.97211164,0.96605897,0.9601871,0.9544891,0.9489586,0.94358915,0.93837476,0.9333098,0.9283884,0.9236057,0.91895616,0.9144351,0.9100379,0.90575993,0.9015968,0.8975445,0.893599
3.4274979,3.4036965,3.3731656,3.3367822,3.2953656,3.249676,3.2004135,3.148218,3.0936718,3.0372994,2.9795728,2.9209127,2.8616924,2.8022418,2.7428482,2.683764,2.6252053,2.5673578,2.5103793,2.454402,2.3995347,2.3458672,2.2934697,2.2423973,2.1926901,2.1443768,2.0974746,2.0519905,2.0079253,1.9652709,1.9240141,1.8841362,1.8456151,1.8084244,1.7725352,1.737916,1.7045345,1.6723559,1.6413453,1.6114666,1.5826838,1.5549608,1.5282614,1.50255,1.4777913,1.4539505,1.4309938,1.4088877,1.3876002,1.3670993,1.3473549,1.3283371,1.3100171,1.2923675,1.2753613,1.2589728,1.2431772,1.2279503,1.2132696,1.1991127,1.1854585,1.1722866,1.1595775,1.1473124,1.1354735,1.1240435,1.1130058,1.1023448,1.0920453,1.0820928,1.0724734,1.0631739,1.0541816,1.0454841,1.03707,1.028928,1.0210475,1.0134182,1.0060306,0.9988747,0.99194205,0.98522377,0.9787119,0.9723982,0.96627533,0.96033597,0.9545733,0.94898033,0.94355094,0.9382791,0.93315864,0.9281842,0.92335033,0.9186517,0.9140835,0.9096409,0.90531933,0.9011144,0.8970219,0.8930377
3.422599,3.3987203,3.368137,3.331723,3.2902966,3.2446156,3.1953783,3.143224,3.0887318,3.0324264,2.9747777,2.9162047,2.8570807,2.797733,2.738449,2.6794796,2.6210399,2.5633154,2.506462,2.450612,2.3958733,2.3423343,2.2900658,2.2391214,2.1895416,2.1413536,2.094575,2.049212,2.005265,1.9627259,1.921581,1.8818121,1.843396,1.8063066,1.7705147,1.7359895,1.7026973,1.6706043,1.6396753,1.6098741,1.5811648,1.5535114,1.5268779,1.5012283,1.4765277,1.4527414,1.4298358,1.4077772,1.386534,1.3660742,1.3463677,1.327385,1.3090974,1.2914772,1.274498,1.2581339,1.2423604,1.2271538,1.2124908,1.1983498,1.1847097,1.17155,1.1588515,1.1465956,1.1347642,1.1233402,1.1123075,1.1016502,1.0913534,1.0814024,1.0717837,1.0624838,1.0534904,1.044791,1.0363742,1.028229,1.0203447,1.012711,1.0053183,0.9981572,0.9912187,0.9844943,0.9779758,0.97165537,0.9655254,0.95957863,0.9538083,0.94820774,0.9427704,0.93749046,0.9323619,0.92737913,0.9225369,0.9178299,0.9132532,0.9088021,0.904472,0.90025854,0.89615756,0.89216495
3.4079123,3.3841631,3.3538105,3.3177145,3.2766798,3.2314517,3.1827176,3.1311045,3.077184,3.0214703,2.9644265,2.9064653,2.8479528,2.7892127,2.7305279,2.6721444,2.6142764,2.557105,2.500786,2.4454489,2.3912017,2.3381317,2.2863088,2.2357874,2.186607,2.138796,2.0923715,2.0473416,2.0037065,1.9614587,1.9205856,1.8810697,1.8428886,1.8060173,1.7704273,1.7360888,1.7029688,1.6710346,1.6402516,1.6105847,1.5819983,1.5544577,1.5279272,1.502372,1.4777572,1.4540491,1.4312143,1.4092203,1.3880353,1.3676282,1.3479695,1.3290296,1.3107803,1.2931948,1.2762463,1.2599099,1.2441607,1.2289755,1.2143316,1.2002072,1.1865816,1.1734345,1.1607466,1.1484997,1.1366758,1.1252583,1.1142305,1.1035771,1.0932829,1.083334,1.0737162,1.0644164,1.0554225,1.046722,1.0383036,1.030156,1.0222688,1.0146317,1.0072354,1.0000701,0.9931272,0.9863981,0.9798745,0.97354865,0.9674131,0.96146053,0.9556841,0.95007724,0.9446335,0.9393469,0.93421155,0.92922187,0.9243725,0.9196583,0.9150742,0.9106157,0.9062781,0.90205705,0.8979483,0.89394796
3.432186,3.40828,3.3776581,3.341195,3.2997093,3.2539601,3.2046468,3.1524081,3.0978253,3.041422,2.9836698,2.9249883,2.8657503,2.8062847,2.746879,2.6877847,2.6292171,2.5713625,2.5143774,2.4583938,2.4035206,2.3498468,2.2974427,2.246363,2.1966481,2.1483257,2.1014132,2.0559185,2.0118406,1.9691722,1.9279001,1.8880055,1.8494662,1.8122557,1.7763453,1.7417035,1.708298,1.6760936,1.645056,1.615149,1.5863366,1.5585828,1.5318513,1.5061069,1.481314,1.457438,1.4344453,1.4123023,1.3909769,1.3704377,1.3506544,1.3315969,1.3132368,1.2955467,1.2784996,1.2620698,1.2462327,1.2309643,1.2162417,1.2020428,1.1883466,1.1751328,1.1623818,1.150075,1.1381942,1.1267226,1.1156435,1.1049414,1.0946009,1.0846078,1.074948,1.0656085,1.0565763,1.0478396,1.0393864,1.0312059,1.0232872,1.0156202,1.008195,1.0010023,0.9940332,0.98727894,0.98073137,0.9743826,0.96822506,0.9622514,0.956455,0.9508289,0.94536674,0.9400625,0.9349103,0.92990446,0.92503965,0.92031056,0.91571236,0.9112402,0.90688956,0.90265596,0.8985354,0.89452356
3.4195845,3.3957374,3.3652685,3.32904,3.2878587,3.2424724,3.1935704,3.1417823,3.0876799,3.0317802,2.974547,2.9163942,2.857689,2.7987561,2.7398787,2.681304,2.623246,2.5658872,2.509383,2.4538636,2.399437,2.346191,2.2941952,2.243504,2.194158,2.146185,2.0996015,2.0544167,2.0106297,1.968234,1.9272163,1.8875588,1.84924,1.8122339,1.7765127,1.7420456,1.7088006,1.676744,1.6458414,1.6160576,1.5873575,1.5597053,1.533066,1.5074044,1.4826858,1.4588761,1.4359422,1.4138511,1.3925714,1.3720717,1.3523223,1.333294,1.3149582,1.297288,1.280257,1.2638396,1.2480116,1.2327492,1.21803,1.203832,1.1901346,1.1769173,1.164161,1.1518472,1.1399581,1.128477,1.117387,1.1066731,1.0963199,1.0863134,1.0766395,1.0672853,1.058238,1.0494859,1.041017,1.0328205,1.0248854,1.0172021,1.0097606,1.0025516,0.99556607,0.9887956,0.9822318,0.9758669,0.96969354,0.9637043,0.95789224,0.9522507,0.94677365,0.9414546,0.9362879,0.93126774,0.92638886,0.9216462,0.9170346,0.9125494,0.90818596,0.90393996,0.8998071,0.89578336
3.4121826,3.3883615,3.3579087,3.3216882,3.2805085,3.2351182,3.1862078,3.1344082,3.0802927,3.0243788,2.9671311,2.9089646,2.850247,2.7913036,2.732418,2.6738386,2.6157784,2.5584214,2.5019221,2.4464118,2.391998,2.3387685,2.2867932,2.2361267,2.1868086,2.1388671,2.0923193,2.047173,2.003428,1.9610772,1.9201075,1.880501,1.8422353,1.805285,1.7696215,1.7352144,1.7020309,1.6700377,1.6392,1.6094824,1.5808496,1.5532657,1.5266955,1.5011039,1.4764556,1.4527168,1.4298542,1.4078345,1.3866261,1.366198,1.3465198,1.3275626,1.3092976,1.2916977,1.2747366,1.2583886,1.2426294,1.2274354,1.2127835,1.1986521,1.1850206,1.1718682,1.1591761,1.1469254,1.1350987,1.1236787,1.1126492,1.1019945,1.0916996,1.0817504,1.0721327,1.0628335,1.0538405,1.0451412,1.0367243,1.0285788,1.0206938,1.0130591,1.0056654,0.9985031,0.99156344,0.98483753,0.9783176,0.9719955,0.9658639,0.9599154,0.9541433,0.9485408,0.9431017,0.93781984,0.9326893,0.9277047,0.9228604,0.9181514,0.91357267,0.9091196,0.90478754,0.90057206,0.8964691,0.89247453
3.4319339,3.408022,3.3774078,3.3409648,3.29951,3.2538016,3.2045367,3.152354,3.0978324,3.0414958,2.9838138,2.9252057,2.8660438,2.806656,2.7473288,2.6883135,2.6298244,2.5720475,2.5151389,2.4592304,2.4044304,2.350827,2.298491,2.2474766,2.197824,2.1495607,2.1027038,2.057261,2.0132315,1.9706082,1.9293771,1.88952,1.8510144,1.813834,1.7779499,1.7433312,1.7099447,1.6777563,1.6467313,1.6168337,1.5880276,1.5602769,1.533546,1.507799,1.4830012,1.4591179,1.4361153,1.4139605,1.3926212,1.3720661,1.3522649,1.333188,1.3148072,1.2970948,1.280024,1.2635696,1.2477067,1.2324115,1.2176614,1.2034342,1.1897091,1.1764657,1.1636846,1.1513474,1.139436,1.1279334,1.1168232,1.1060897,1.0957179,1.0856934,1.0760024,1.0666316,1.0575686,1.0488008,1.040317,1.032106,1.024157,1.0164602,1.0090053,1.0017835,0.9947854,0.98800266,0.9814271,0.9750505,0.9688657,0.96286523,0.95704234,0.95139027,0.9459027,0.94057333,0.93539655,0.9303665,0.92547804,0.92072576,0.9161048,0.9116104,0.907238,0.90298307,0.8988415,0.8948093
3.412038,3.3882165,3.357777,3.3215814,3.280437,3.235092,3.1862352,3.1344962,3.080448,3.0246067,2.9674366,2.9093513,2.8507185,2.791862,2.7330656,2.674576,2.6166067,2.5593405,2.502932,2.4475117,2.3931863,2.3400443,2.2881546,2.237571,2.188334,2.1404707,2.0939982,2.0489247,2.005249,1.9629643,1.9220575,1.8825105,1.844301,1.8074033,1.7717893,1.7374283,1.7042876,1.672334,1.6415324,1.6118482,1.5832455,1.5556891,1.5291435,1.5035737,1.4789448,1.455223,1.4323748,1.4103677,1.3891697,1.36875,1.3490787,1.3301263,1.3118649,1.294267,1.2773068,1.2609584,1.2451977,1.230001,1.2153456,1.2012101,1.1875734,1.1744156,1.1617172,1.14946,1.137626,1.1261985,1.1151612,1.1044985,1.0941954,1.0842377,1.0746115,1.0653038,1.0563021,1.0475942,1.0391686,1.0310143,1.0231206,1.0154777,1.0080755,1.0009048,0.99395686,0.9872229,0.980695,0.9743651,0.9682258,0.9622698,0.9564903,0.9508806,0.94543433,0.9401455,0.9350083,0.930017,0.9251663,0.920451,0.9158662,0.9114071,0.9070691,0.90284795,0.8987394,0.89473933
3.396321,3.3726325,3.3423407,3.3063068,3.265335,3.2201726,3.1715071,3.119966,3.0661216,3.0104892,2.9535315,2.8956623,2.8372474,2.778611,2.7200358,2.6617684,2.604022,2.5469782,2.490792,2.4355934,2.3814893,2.3285668,2.2768955,2.2265296,2.177508,2.129859,2.0835986,2.038735,1.9952672,1.9531884,1.9124851,1.8731391,1.8351281,1.7984266,1.7630061,1.7288357,1.6958829,1.6641144,1.6334951,1.6039902,1.5755641,1.5481808,1.5218056,1.496403,1.4719381,1.4483771,1.4256867,1.4038341,1.3827875,1.3625162,1.3429894,1.3241789,1.3060561,1.2885936,1.2717656,1.2555462,1.2399113,1.2248373,1.2103019,1.1962831,1.1827601,1.169713,1.1571225,1.1449702,1.1332386,1.1219105,1.1109698,1.1004012,1.0901893,1.0803204,1.0707806,1.0615568,1.0526365,1.0440078,1.0356591,1.0275795,1.0197583,1.0121857,1.0048518,0.99774754,0.9908639,0.98419255,0.97772527,0.97145426,0.9653721,0.9594715,0.95374596,0.9481884,0.94279295,0.9375534,0.93246394,0.927519,0.9227134,0.91804177,0.91349936,0.90908146,0.9047836,0.90060127,0.89653045,0.89256704
3.4019933,3.3783267,3.348025,3.3119535,3.2709203,3.2256756,3.1769097,3.125254,3.0712829,3.0155141,2.958413,2.9003944,2.841827,2.7830353,2.7243037,2.6658802,2.6079783,2.5507815,2.4944448,2.4390984,2.38485,2.3317876,2.2799804,2.2294824,2.1803339,2.1325622,2.086184,2.041207,1.9976308,1.9554478,1.9146448,1.8752036,1.8371017,1.8003131,1.7648095,1.7305601,1.6975317,1.6656909,1.6350031,1.6054325,1.576944,1.5495012,1.5230691,1.4976119,1.4730954,1.4494848,1.4267471,1.4048494,1.3837595,1.3634467,1.3438804,1.3250318,1.3068724,1.2893751,1.2725132,1.2562613,1.2405953,1.2254914,1.2109271,1.1968805,1.1833304,1.1702574,1.1576418,1.1454651,1.13371,1.1223592,1.1113966,1.1008064,1.0905738,1.0806848,1.0711253,1.0618825,1.0529437,1.044297,1.0359309,1.0278342,1.0199964,1.0124077,1.005058,0.99793833,0.99103975,0.9843538,0.9778722,0.9715873,0.96549153,0.9595778,0.9538392,0.9482691,0.9428614,0.93760973,0.93250847,0.9275521,0.9227352,0.9180527,0.9134996,0.9090712,0.9047631,0.90057075,0.8964901,0.89251727
3.4071257,3.3834155,3.3530614,3.3169289,3.2758274,3.2305083,3.181663,3.1299238,3.0758653,3.0200057,2.9628117,2.9046984,2.8460345,2.7871451,2.7283158,2.6697936,2.611793,2.5544977,2.498063,2.4426193,2.3882747,2.3351164,2.2832148,2.2326236,2.183383,2.135521,2.0890536,2.0439894,2.0003276,1.9580605,1.9171755,1.8776538,1.8394732,1.802608,1.7670295,1.7327068,1.6996073,1.6676974,1.6369419,1.6073058,1.5787534,1.5512486,1.5247563,1.4992409,1.4746678,1.4510024,1.4282115,1.4062619,1.3851221,1.3647609,1.3451478,1.3262539,1.3080509,1.2905109,1.2736082,1.2573168,1.2416127,1.2264718,1.2118716,1.1977906,1.1842072,1.171102,1.1584554,1.1462487,1.1344645,1.1230857,1.112096,1.1014796,1.091222,1.0813085,1.0717256,1.06246,1.0534992,1.044831,1.0364442,1.0283277,1.0204707,1.0128632,1.0054955,0.9983585,0.9914428,0.9847405,0.97824305,0.9719427,0.965832,0.9599038,0.9541511,0.9485674,0.94314635,0.9378819,0.9327681,0.9277995,0.92297083,0.9182768,0.9137125,0.90927327,0.9049545,0.9007519,0.8966613,0.8926785
3.4240456,3.4002156,3.3696885,3.3333373,3.2919781,3.246368,3.197205,3.1451263,3.090711,3.0344822,2.9769104,2.9184136,2.859364,2.8000891,2.7408762,2.6819754,2.6236022,2.565941,2.5091488,2.453357,2.3986735,2.3451874,2.2929685,2.2420712,2.1925352,2.1443887,2.0976481,2.0523217,2.008408,1.9658998,1.9247837,1.8850409,1.8466489,1.8095814,1.7738097,1.7393023,1.7060262,1.6739476,1.6430311,1.613241,1.5845416,1.5568962,1.5302695,1.5046256,1.4799294,1.4561466,1.4332433,1.4111862,1.3899434,1.3694835,1.3497759,1.3307912,1.3125012,1.294878,1.2778952,1.2615272,1.2457492,1.2305375,1.2158694,1.2017229,1.1880767,1.1749109,1.1622059,1.1499434,1.1381053,1.1266744,1.1156347,1.1049703,1.0946662,1.084708,1.0750818,1.0657747,1.0567739,1.0480672,1.039643,1.0314906,1.0235989,1.015958,1.0085582,1.0013897,0.99444413,0.9877127,0.9811872,0.9748597,0.96872294,0.9627694,0.9569923,0.9513851,0.94594115,0.9406547,0.9355197,0.93053055,0.92568195,0.92096865,0.9163858,0.9119286,0.9075925,0.903373,0.899266,0.8952676
3.4001675,3.3764524,3.3461182,3.3100276,3.2689872,3.2237456,3.174992,3.123356,3.0694106,3.0136719,2.956605,2.8986235,2.840095,2.7813435,2.7226532,2.6642709,2.6064103,2.549254,2.4929569,2.4376493,2.3834388,2.3304126,2.2786407,2.228177,2.1790612,2.1313207,2.0849729,2.040025,1.9964767,1.9543207,1.9135437,1.8741275,1.8360499,1.7992849,1.7638042,1.7295771,1.6965706,1.6647513,1.6340842,1.6045344,1.576066,1.5486434,1.5222309,1.4967935,1.4722962,1.4487052,1.4259865,1.4041076,1.3830365,1.3627423,1.3431947,1.3243645,1.3062236,1.2887444,1.2719007,1.2556672,1.2400191,1.2249329,1.2103862,1.196357,1.1828246,1.1697687,1.15717,1.1450105,1.133272,1.1219379,1.1109917,1.1004179,1.0902014,1.0803282,1.0707843,1.061557,1.0526336,1.044002,1.0356507,1.0275688,1.0197456,1.0121711,1.0048356,0.99772984,0.99084496,0.98417246,0.9777043,0.97143245,0.9653496,0.95944864,0.9537225,0.9481648,0.9427691,0.93752944,0.9324399,0.9274951,0.92268956,0.9180182,0.9134761,0.9090586,0.9047611,0.90057915,0.8965089,0.892546
3.4344695,3.4105964,3.3800025,3.343563,3.3020973,3.2563646,3.2070646,3.1548376,3.1002636,3.0438678,2.9861212,2.9274445,2.8682103,2.8087473,2.749344,2.6902509,2.631684,2.5738292,2.516843,2.4608583,2.405983,2.3523064,2.2998986,2.2488146,2.1990943,2.1507661,2.1038465,2.0583434,2.0142565,1.9715781,1.9302945,1.8903877,1.8518348,1.8146095,1.7786832,1.7440245,1.7106006,1.6783773,1.6473192,1.6173909,1.588556,1.5607789,1.5340233,1.5082533,1.4834344,1.4595318,1.4365115,1.4143405,1.3929865,1.3724182,1.3526051,1.3335178,1.3151274,1.2974066,1.2803288,1.2638681,1.2479999,1.2327007,1.2179471,1.2037175,1.1899905,1.1767461,1.1639649,1.1516279,1.1397176,1.1282165,1.1171086,1.1063778,1.0960091,1.0859882,1.0763013,1.066935,1.0578767,1.0491142,1.0406361,1.0324309,1.0244882,1.0167975,1.0093495,1.0021344,0.99514353,0.9883681,0.98179984,0.975431,0.9692539,0.9632614,0.9574464,0.9518024,0.9463229,0.94100183,0.93583333,0.93081164,0.92593145,0.92118764,0.9165751,0.9120891,0.907725,0.9034785,0.8993453,0.8953213
