# optimizer: L2L, problem: quadratic
28146.617,50754.156,28488.812,50325.43,28805.297,49932.8,29098.37,49572.44,29370.055,49241.08,29622.14,48935.85,29856.24,48654.31,30073.791,48394.273,30276.096,48153.816,30464.33,47931.23,30639.576,47725.0,30802.807,47533.754,30954.914,47356.266,31096.723,47191.42,31228.984,47038.223,31352.385,46895.758,31467.564,46763.21,31575.105,46639.812,31675.547,46524.883,31769.39,46417.79,31857.092,46317.96,31939.078,46224.867,32015.746,46138.016,32087.453,46056.973,32154.547,45981.32,32217.326,45910.68,32276.094,45844.703,32331.117,45783.07,32382.643,45725.48,32430.9,45671.656,32476.111,45621.344,32518.475,45574.305,32558.18,45530.33,32595.395,45489.203,32630.283,45450.74,32662.998,45414.77,32693.68,45381.117,32722.453,45349.65,32749.45,45320.207,32774.777,45292.67,32798.543,45266.914,32820.844,45242.82,32841.773,45220.293,32861.418,45199.227,32879.86,45179.527,32897.168,45161.11,32913.42,45143.902,32928.68,45127.816,32943.008,45112.793,32956.457,45098.758
28324.91,50759.08,28659.455,50342.18,28968.479,49960.6,29254.34,49610.508,29519.096,49288.66,29764.57,48992.242,29992.375,48718.83,30203.959,48466.277,30400.625,48232.72,30583.553,48016.477,30753.809,47816.062,30912.363,47630.14,31060.105,47457.53,31197.844,47297.14,31326.316,47148.008,31446.201,47009.24,31558.125,46880.04,31662.654,46759.688,31760.32,46647.5,31851.611,46542.883,31936.969,46445.273,32016.809,46354.16,32091.512,46269.086,32161.436,46189.617,32226.898,46115.348,32288.21,46045.92,32345.652,45981.0,32399.473,45920.28,32449.922,45863.47,32497.223,45810.3,32541.578,45760.53,32583.184,45713.938,32622.22,45670.305,32658.855,45629.44,32693.238,45591.16,32725.518,45555.305,32755.828,45521.703,32784.293,45490.22,32811.03,45460.715,32836.156,45433.066,32859.758,45407.156,32881.938,45382.87,32902.785,45360.113,32922.383,45338.79,32940.805,45318.8,32958.13,45300.08,32974.418,45282.53,32989.734,45266.098,33004.14,45250.7,33017.695,45236.28
28376.057,51492.984,28708.58,51073.375,29017.078,50687.7,29303.617,50332.492,29570.012,50004.793,29817.898,49701.992,30048.73,49421.83,30263.824,49162.297,30464.379,48921.61,30651.473,48698.188,30826.105,48490.613,30989.178,48297.594,31141.52,48117.984,31283.898,47950.73,31417.014,47794.887,31541.516,47649.6,31657.992,47514.062,31767.008,47387.58,31869.066,47269.473,31964.637,47159.14,32054.162,47056.04,32138.043,46959.656,32216.654,46869.516,32290.348,46785.188,32359.45,46706.28,32424.258,46632.414,32485.05,46563.25,32542.092,46498.477,32595.621,46437.8,32645.863,46380.957,32693.035,46327.68,32737.324,46277.746,32778.918,46230.938,32817.992,46187.047,32854.69,46145.895,32889.18,46107.297,32921.586,46071.105,32952.04,46037.156,32980.668,46005.312,33007.586,45975.434,33032.887,45947.41,33056.676,45921.125,33079.05,45896.46,33100.094,45873.33,33119.883,45851.63,33138.5,45831.273,33156.008,45812.188,33172.484,45794.29,33187.984,45777.504,33202.566,45761.773
28595.828,52224.496,28920.71,51812.832,29222.795,51433.42,29503.982,51083.082,29765.96,50759.055,30010.242,50458.92,30238.191,50180.57,30451.035,49922.117,30649.898,49681.89,30835.799,49458.39,31009.668,49250.266,31172.363,49056.32,31324.672,48875.438,31467.309,48706.64,31600.945,48549.008,31726.19,48401.727,31843.617,48264.03,31953.746,48135.246,32057.062,48014.734,32154.02,47901.91,32245.033,47796.246,32330.492,47697.242,32410.754,47604.45,32486.156,47517.453,32557.01,47435.86,32623.602,47359.312,32686.205,47287.48,32745.07,47220.055,32800.43,47156.75,32852.504,47097.305,32901.5,47041.465,32947.6,46989.008,32990.992,46939.727,33031.844,46893.406,33070.297,46849.867,33106.508,46808.945,33140.605,46770.477,33172.723,46734.305,33202.977,46700.297,33231.477,46668.316,33258.336,46638.242,33283.64,46609.957,33307.484,46583.36,33329.96,46558.348,33351.15,46534.83,33371.117,46512.707,33389.945,46491.91,33407.688,46472.35,33424.42,46453.965,33440.195,46436.68
28229.08,51370.08,28576.55,50932.926,28897.914,50532.54,29195.553,50164.96,29471.545,49826.83,29727.73,49515.23,29965.744,49227.656,30187.05,48961.87,30392.977,48715.938,30584.707,48488.113,30763.332,48276.863,30929.842,48080.793,31085.133,47898.664,31230.031,47729.363,31365.293,47571.863,31491.611,47425.258,31609.625,47288.703,31719.922,47161.445,31823.041,47042.785,31919.482,46932.098,32009.713,46828.79,32094.152,46732.33,32173.2,46642.24,32247.219,46558.055,32316.55,46479.367,32381.508,46405.797,32442.383,46336.992,32499.445,46272.62,32552.95,46212.39,32603.123,46156.008,32650.188,46103.234,32694.348,46053.812,32735.783,46007.54,32774.68,45964.195,32811.19,45923.586,32845.477,45885.543,32877.676,45849.9,32907.918,45816.5,32936.33,45785.207,32963.023,45755.87,32988.105,45728.39,33011.68,45702.63,33033.844,45678.492,33054.676,45655.87,33074.266,45634.68,33092.68,45614.82,33110.004,45596.227,33126.297,45578.805,33141.62,45562.49,33156.03,45547.21
27950.2,50316.004,28296.607,49881.67,28616.965,49483.906,28913.559,49118.883,29188.414,48783.33,29443.34,48474.37,29679.953,48189.52,29899.723,47926.562,30103.965,47683.54,30293.887,47458.72,30470.582,47250.543,30635.043,47057.617,30788.191,46878.684,30930.863,46712.617,31063.828,46558.383,31187.79,46415.047,31303.398,46281.773,31411.254,46157.785,31511.912,46042.383,31605.879,45934.91,31693.625,45834.793,31775.588,45741.492,31852.168,45654.496,31923.738,45573.363,31990.645,45497.67,32053.207,45427.03,32111.719,45361.082,32166.459,45299.508,32217.68,45242.0,32265.615,45188.273,32310.492,45138.074,32352.51,45091.16,32391.857,45047.305,32428.715,45006.312,32463.244,44967.98,32495.598,44932.14,32525.918,44898.62,32554.342,44867.273,32580.986,44837.957,32605.965,44810.535,32629.389,44784.887,32651.357,44760.9,32671.963,44738.457,32691.293,44717.477,32709.424,44697.848,32726.44,44679.496,32742.402,44662.336,32757.383,44646.297,32771.445,44631.305,32784.64,44617.297
28232.695,51341.09,28581.41,50902.93,28903.37,50502.277,29201.152,50134.91,29476.97,49797.29,29732.76,49486.383,29970.219,49199.6,30190.871,48934.68,30396.072,48689.613,30587.045,48462.652,30764.895,48252.234,30930.633,48056.96,31085.164,47875.586,31229.332,47706.98,31363.895,47550.133,31489.55,47404.125,31606.94,47268.12,31716.656,47141.35,31819.238,47023.137,31915.188,46912.836,32004.963,46809.875,32088.994,46713.727,32167.668,46623.902,32241.355,46539.945,32310.387,46461.46,32375.084,46388.06,32435.725,46319.39,32492.582,46255.133,32545.91,46194.992,32595.932,46138.684,32642.87,46085.953,32686.922,46036.562,32728.268,45990.305,32767.09,45946.97,32803.547,45906.348,32837.785,45868.29,32869.953,45832.625,32900.17,45799.188,32928.574,45767.85,32955.266,45738.47,32980.355,45710.938,33003.94,45685.12,33026.117,45660.93,33046.97,45638.25,33066.58,45616.992,33085.023,45597.07,33102.37,45578.406,33118.69,45560.914,33134.043,45544.54,33148.49,45529.195
28332.494,51601.902,28666.555,51180.86,28976.223,50794.035,29263.648,50437.9,29530.715,50109.406,29779.104,49805.92,30010.314,49525.145,30225.697,49265.04,30426.479,49023.797,30613.766,48799.83,30788.562,48591.695,30951.795,48398.11,31104.303,48217.91,31246.86,48050.04,31380.172,47893.555,31504.895,47747.594,31621.629,47611.355,31730.926,47484.137,31833.295,47365.273,31929.21,47254.156,32019.111,47150.242,32103.398,47053.023,32182.445,46962.03,32256.605,46876.832,32326.191,46797.03,32391.51,46722.26,32452.836,46652.188,32510.43,46586.492,32564.531,46524.89,32615.363,46467.105,32663.133,46412.89,32708.035,46362.02,32750.252,46314.27,32789.953,46269.45,32827.29,46227.367,32862.414,46187.85,32895.46,46150.734,32926.562,46115.87,32955.83,46083.13,32983.383,46052.367,33009.32,46023.47,33033.742,45996.312,33056.746,45970.8,33078.406,45946.83,33098.812,45924.3,33118.03,45903.14,33136.145,45883.258,33153.207,45864.586,33169.285,45847.03,33184.438,45830.555
28083.91,50746.1,28436.695,50307.316,28761.176,49907.445,29060.252,49541.918,29336.379,49206.92,29591.686,48899.242,29828.04,48616.12,30047.08,48355.164,30250.281,48114.27,30438.953,47891.617,30614.275,47685.57,30777.316,47494.688,30929.043,47317.68,31070.33,47153.39,31201.97,47000.77,31324.695,46858.883,31439.17,46726.89,31546.002,46604.01,31645.748,46489.555,31738.922,46382.87,31825.994,46283.383,31907.398,46190.562,31983.531,46103.92,32054.768,46023.008,32121.441,45947.418,32183.863,45876.773,32242.33,45810.727,32297.11,45748.957,32348.445,45691.164,32396.572,45637.09,32441.705,45586.47,32484.04,45539.074,32523.76,45494.69,32561.037,45453.117,32596.031,45414.17,32628.889,45377.68,32659.746,45343.477,32688.732,45311.434,32715.97,45281.387,32741.566,45253.223,32765.625,45226.824,32788.242,45202.07,32809.508,45178.867,32829.508,45157.1,32848.324,45136.707,32866.02,45117.586,32882.668,45099.66,32898.336,45082.863,32913.086,45067.12,32926.96,45052.367
28332.238,51464.887,28670.877,51037.46,28985.057,50644.65,29276.848,50282.96,29548.094,49949.37,29800.445,49641.242,30035.379,49356.246,30254.242,49092.344,30458.248,48847.71,30648.506,48620.72,30826.031,48409.91,30991.744,48213.977,31146.506,48031.727,31291.09,47862.09,31426.217,47704.1,31552.55,47556.86,31670.703,47419.574,31781.238,47291.492,31884.68,47171.953,31981.512,47060.332,32072.176,46956.062,32157.1,46858.617,32236.656,46767.53,32311.21,46682.344,32381.09,46602.656,32446.605,46528.086,32508.04,46458.29,32565.664,46392.953,32619.723,46331.758,32670.447,46274.44,32718.059,46220.742,32762.746,46170.426,32804.703,46123.273,32844.105,46079.07,32881.11,46037.633,32915.867,45998.785,32948.523,45962.35,32979.207,45928.195,33008.047,45896.15,33035.15,45866.1,33060.633,45837.92,33084.586,45811.484,33107.105,45786.69,33128.285,45763.438,33148.2,45741.63,33166.934,45721.176,33184.555,45701.992,33201.125,45684.008,33216.72,45667.15,33231.387,45651.344
27967.168,50807.39,28317.766,50369.4,28640.957,49969.355,28939.424,49602.96,29215.469,49266.617,29471.094,48957.242,29708.072,48672.18,29927.98,48409.12,30132.219,48166.03,30322.059,47941.12,30498.637,47732.8,30662.992,47539.656,30816.066,47360.4,30958.713,47193.906,31091.717,47039.137,31215.795,46895.168,31331.602,46761.145,31439.738,46636.305,31540.754,46519.96,31635.16,46411.457,31723.428,46310.22,31805.982,46215.72,31883.227,46127.46,31955.53,46045.0,32023.223,45967.92,32086.63,45895.855,32146.04,45828.44,32201.719,45765.36,32253.918,45706.312,32302.87,45651.03,32348.787,45599.258,32391.875,45550.758,32432.314,45505.305,32470.277,45462.71,32505.926,45422.777,32539.41,45385.344,32570.867,45350.234,32600.426,45317.31,32628.203,45286.42,32654.322,45257.445,32678.877,45230.258,32701.967,45204.75,32723.69,45180.812,32744.125,45158.35,32763.35,45137.27,32781.44,45117.492,32798.47,45098.93,32814.5,45081.516,32829.59,45065.17,32843.793,45049.844
28363.162,51252.348,28694.562,50836.824,29001.346,50455.516,29285.723,50104.84,29549.64,49781.71,29794.82,49483.46,30022.797,49207.766,30234.953,48952.586,30432.531,48716.1,30616.658,48496.715,30788.36,48292.98,30948.57,48103.617,31098.139,47927.457,31237.844,47763.46,31368.402,47610.68,31490.465,47468.25,31604.635,47335.387,31711.469,47211.38,31811.48,47095.57,31905.133,46987.375,31992.87,46886.24,32075.086,46791.656,32152.16,46703.18,32224.432,46620.363,32292.223,46542.836,32355.832,46470.234,32415.53,46402.207,32471.57,46338.47,32524.195,46278.72,32573.625,46222.703,32620.059,46170.17,32663.693,46120.89,32704.703,46074.664,32743.256,46031.29,32779.508,45990.58,32813.594,45952.375,32845.656,45916.504,32875.82,45882.84,32904.195,45851.227,32930.902,45821.547,32956.04,45793.68,32979.695,45767.51,33001.97,45742.945,33022.938,45719.867,33042.68,45698.21,33061.277,45677.875,33078.785,45658.78,33095.273,45640.86,33110.81,45624.04,33125.44,45608.258
27618.19,49505.02,27976.184,49059.992,28305.8,48654.207,28609.75,48283.273,28890.385,47943.484,29149.781,47631.637,29389.773,47344.97,29612.006,47081.07,29817.95,46837.82,30008.934,46613.344,30186.156,46405.977,30350.707,46214.227,30503.576,46036.766,30645.67,45872.4,30777.807,45720.043,30900.74,45578.734,31015.166,45447.58,31121.713,45325.785,31220.96,45212.617,31313.45,45107.414,31399.662,45009.57,31480.059,44918.535,31555.053,44833.79,31625.027,44754.883,31690.34,44681.375,31751.316,44612.883,31808.266,44549.043,31861.46,44489.52,31911.164,44434.016,31957.617,44382.24,32001.043,44333.93,32041.643,44288.85,32079.613,44246.79,32115.129,44207.523,32148.355,44170.863,32179.447,44136.645,32208.547,44104.688,32235.781,44074.855,32261.28,44046.996,32285.152,44020.98,32307.508,43996.695,32328.443,43974.008,32348.053,43952.84,32366.42,43933.074,32383.627,43914.625,32399.746,43897.406,32414.852,43881.34,32429.004,43866.355,32442.262,43852.38,32454.684,43839.348
28381.195,51552.316,28722.406,51123.76,29038.195,50730.92,29330.826,50370.023,29602.287,50037.836,29854.355,49731.56,30088.61,49448.75,30306.479,49187.266,30509.242,48945.19,30698.07,48720.86,30874.025,48512.758,31038.072,48319.535,31191.096,48139.977,31333.908,47972.984,31467.25,47817.562,31591.8,47672.824,31708.195,47537.94,31817.008,47412.176,31918.77,47294.844,32013.977,47185.33,32103.08,47083.055,32186.502,46987.504,32264.629,46898.195,32337.822,46814.688,32406.416,46736.574,32470.719,46663.477,32531.02,46595.062,32587.576,46530.992,32640.643,46470.992,32690.445,46414.78,32737.2,46362.094,32781.1,46312.723,32822.336,46266.43,32861.07,46223.023,32897.473,46182.312,32931.688,46144.125,32963.855,46108.297,32994.1,46074.676,33022.55,46043.133,33049.312,46013.527,33074.49,45985.742,33098.184,45959.66,33120.484,45935.18,33141.48,45912.203,33161.25,45890.637,33179.867,45870.39,33197.4,45851.395,33213.914,45833.562,33229.473,45816.836,33244.133,45801.14
27700.34,49914.49,28055.523,49470.17,28383.373,49064.11,28686.37,48692.19,28966.703,48350.875,29226.312,48037.117,29466.932,47748.26,29690.113,47481.965,29897.262,47236.184,30089.646,47009.082,30268.418,46799.04,30434.63,46604.59,30589.238,46424.438,30733.121,46257.4,30867.074,46102.414,30991.84,45958.516,31108.088,45824.832,31216.443,45700.57,31317.477,45585.01,31411.715,45477.484,31499.645,45377.395,31581.709,45284.17,31658.328,45197.33,31729.883,45116.39,31796.723,45040.938,31859.18,44970.562,31917.555,44904.914,31972.127,44843.652,32023.154,44786.47,32070.887,44733.09,32115.54,44683.234,32157.32,44636.68,32196.426,44593.184,32233.031,44552.55,32267.307,44514.574,32299.404,44479.09,32329.465,44445.92,32357.629,44414.92,32384.016,44385.94,32408.742,44358.848,32431.918,44333.52,32453.64,44309.844,32474.004,44287.72,32493.096,44267.023,32510.996,44247.688,32527.785,44229.617,32543.527,44212.727,32558.297,44196.945,32572.145,44182.207,32585.137,44168.438
28314.125,50860.402,28647.549,50442.97,28955.828,50060.508,29241.285,49709.234,29505.938,49385.977,29751.562,49087.973,29979.736,48812.832,30191.875,48558.46,30389.246,48323.008,30573.002,48104.83,30744.191,47902.453,30903.758,47714.58,31052.57,47540.016,31191.422,47377.703,31321.035,47226.67,31442.078,47086.055,31555.166,46955.05,31660.855,46832.938,31759.674,46719.05,31852.098,46612.79,31938.566,46513.6,32019.488,46420.973,32095.246,46334.438,32166.188,46253.566,32232.633,46177.97,32294.893,46107.266,32353.238,46041.133,32407.932,45979.25,32459.21,45921.336,32507.3,45867.125,32552.412,45816.363,32594.734,45768.83,32634.451,45724.31,32671.723,45682.594,32706.715,45643.52,32739.568,45606.906,32770.418,45572.594,32799.39,45540.438,32826.605,45510.3,32852.17,45482.055,32876.2,45455.58,32898.773,45430.766,32919.99,45407.508,32939.926,45385.707,32958.67,45365.277,32976.297,45346.133,32992.86,45328.195,33008.438,45311.39,33023.082,45295.65,33036.855,45280.906
28286.676,51328.6,28623.664,50903.297,28936.258,50512.55,29226.525,50152.86,29496.309,49821.203,29747.252,49514.94,29980.836,49231.754,30198.395,48969.6,30401.152,48726.65,30590.207,48501.285,30766.576,48292.047,30931.18,48097.625,31084.871,47916.836,31228.426,47748.61,31362.564,47591.977,31487.95,47446.05,31605.184,47310.027,31714.844,47183.176,31817.438,47064.812,31913.457,46954.33,32003.34,46851.164,32087.51,46754.78,32166.344,46664.715,32240.201,46580.516,32309.41,46501.79,32374.281,46428.15,32435.094,46359.25,32492.121,46294.766,32545.604,46234.41,32595.773,46177.906,32642.848,46124.992,32687.021,46075.434,32728.484,46029.01,32767.406,45985.523,32803.95,45944.773,32838.266,45906.594,32870.492,45870.812,32900.766,45837.277,32929.203,45805.848,32955.918,45776.39,32981.023,45748.78,33004.617,45722.906,33026.79,45698.656,33047.637,45675.93,33067.227,45654.633,33085.645,45634.67,33102.96,45615.977,33119.242,45598.46,33134.547,45582.062,33148.94,45566.7
28499.355,51881.66,28833.062,51460.367,29142.434,51073.418,29429.605,50717.23,29696.469,50388.74,29944.688,50085.297,30175.764,49804.582,30391.045,49544.555,30591.746,49303.414,30778.97,49079.535,30953.727,48871.492,31116.93,48678.004,31269.418,48497.883,31411.969,48330.11,31545.277,48173.71,31670.004,48027.82,31786.744,47891.664,31896.05,47764.51,31998.436,47645.71,32094.367,47534.656,32184.283,47430.8,32268.586,47333.637,32347.652,47242.69,32421.828,47157.54,32491.432,47077.78,32556.768,47003.05,32618.113,46933.01,32675.72,46867.35,32729.838,46805.78,32780.68,46748.03,32828.46,46693.844,32873.38,46643.0,32915.605,46595.273,32955.312,46550.48,32992.664,46508.42,33027.797,46468.926,33060.85,46431.836,33091.953,46397.0,33121.227,46364.273,33148.78,46333.535,33174.72,46304.656,33199.145,46277.527,33222.14,46252.035,33243.805,46228.09,33264.203,46205.586,33283.42,46184.453,33301.523,46164.594,33318.574,46145.945,33334.64,46128.426,33349.78,46111.97
28132.229,51213.195,28487.7,50768.844,28814.908,50363.586,29116.812,49992.773,29395.88,49652.57,29654.229,49339.77,29893.7,49051.61,30115.918,48785.703,30322.334,48539.992,30514.234,48312.64,30692.781,48102.04,30859.021,47906.74,31013.902,47725.465,31158.291,47557.066,31292.973,47400.5,31418.664,47254.836,31536.023,47119.22,31645.652,46992.883,31748.102,46875.125,31843.883,46765.3,31933.465,46662.832,32017.277,46567.184,32095.723,46477.86,32169.164,46394.406,32237.945,46316.42,32302.379,46243.508,32362.762,46175.33,32419.36,46111.547,32472.424,46051.875,32522.19,45996.02,32568.875,45943.74,32612.678,45894.79,32653.791,45848.945,32692.377,45806.016,32728.61,45765.8,32762.633,45728.125,32794.594,45692.82,32824.617,45659.742,32852.83,45628.758,32879.336,45599.71,32904.254,45572.492,32927.68,45546.99,32949.703,45523.094,32970.41,45500.7,32989.887,45479.715,33008.207,45460.062,33025.438,45441.65,33041.65,45424.406,33056.902,45408.258,33071.254,45393.14
27951.105,50718.07,28304.082,50275.184,28629.705,49870.66,28930.564,49500.215,29208.906,49160.227,29466.715,48847.586,29705.734,48559.605,29927.533,48293.945,30133.518,48048.555,30324.95,47821.6,30502.98,47611.484,30668.65,47416.746,30822.902,47236.105,30966.607,47068.406,31100.549,46912.594,31225.457,46767.715,31341.988,46632.926,31450.76,46507.438,31552.324,46390.543,31647.2,46281.598,31735.863,46180.0,31818.75,46085.215,31896.26,45996.742,31968.773,45914.133,32036.63,45836.97,32100.154,45764.86,32159.637,45697.445,32215.355,45634.406,32267.559,45575.45,32316.484,45520.277,32362.346,45468.65,32405.357,45420.31,32445.691,45375.047,32483.535,45332.664,32519.043,45292.965,32552.375,45255.766,32583.66,45220.914,32613.041,45188.25,32640.629,45157.64,32666.543,45128.945,32690.89,45102.05,32713.77,45076.836,32735.266,45053.2,32755.475,45031.04,32774.47,45010.27,32792.33,44990.797,32809.12,44972.543,32824.914,44955.43,32839.76,44939.4,32853.734,44924.375
28484.473,51574.33,28814.04,51159.594,29119.168,50779.156,29402.09,50429.36,29664.736,50107.062,29908.814,49809.605,30135.846,49534.65,30347.188,49280.14,30544.07,49044.28,30727.596,48825.48,30898.781,48622.28,31058.543,48433.42,31207.715,48257.734,31347.072,48094.188,31477.316,47941.83,31599.098,47799.805,31713.006,47667.336,31819.594,47543.71,31919.371,47428.28,32012.8,47320.453,32100.316,47219.67,32182.318,47125.45,32259.18,47037.312,32331.24,46954.848,32398.816,46877.66,32462.21,46805.39,32521.691,46737.695,32577.516,46674.277,32629.922,46614.85,32679.133,46559.15,32725.35,46506.92,32768.758,46457.95,32809.55,46412.023,32847.88,46368.93,32883.906,46328.504,32917.777,46290.574,32949.62,46254.977,32979.57,46221.562,33007.734,46190.195,33034.234,46160.754,33059.164,46133.117,33082.617,46107.168,33104.69,46082.805,33125.46,46059.938,33145.016,46038.46,33163.42,46018.305,33180.754,45999.383,33197.07,45981.617,33212.43,45964.95,33226.9,45949.3
27983.197,50842.688,28335.846,50401.066,28661.05,49997.75,28961.416,49628.44,29239.205,49289.53,29496.418,48977.914,29734.82,48690.895,29955.988,48426.133,30161.348,48181.566,30352.168,47955.38,30529.605,47745.953,30694.71,47551.844,30848.432,47371.766,30991.639,47204.555,31125.125,47049.164,31249.617,46904.652,31365.777,46770.168,31474.21,46644.92,31575.488,46528.22,31670.115,46419.402,31758.57,46317.902,31841.29,46223.156,31918.672,46134.688,31991.094,46052.04,32058.896,45974.79,32122.395,45902.566,32181.887,45835.01,32237.64,45771.797,32289.91,45712.633,32338.926,45657.242,32384.908,45605.36,32428.057,45556.758,32468.555,45511.215,32506.578,45468.53,32542.283,45428.508,32575.824,45390.984,32607.34,45355.79,32636.957,45322.785,32664.797,45291.82,32690.977,45262.766,32715.594,45235.5,32738.75,45209.918,32760.535,45185.906,32781.035,45163.375,32800.33,45142.227,32818.49,45122.375,32835.586,45103.746,32851.68,45086.266,32866.84,45069.86,32881.117,45054.46
28096.352,51266.426,28437.842,50834.812,28754.26,50438.574,29047.81,50074.07,29320.438,49738.125,29573.87,49428.004,29809.652,49141.32,30029.176,48875.965,30233.697,48630.066,30424.357,48401.97,30602.2,48190.18,30768.168,47993.37,30923.129,47810.33,31067.879,47639.97,31203.146,47481.32,31329.605,47333.47,31447.873,47195.61,31558.516,47066.996,31662.066,46946.95,31759.004,46834.85,31849.781,46730.125,31934.812,46632.25,32014.49,46540.742,32089.164,46455.152,32159.166,46375.08,32224.81,46300.145,32286.379,46229.996,32344.137,46164.31,32398.33,46102.79,32449.191,46045.156,32496.934,45991.15,32541.762,45940.543,32583.854,45893.1,32623.387,45848.633,32660.52,45806.938,32695.408,45767.836,32728.188,45731.168,32758.992,45696.78,32787.945,45664.527,32815.16,45634.273,32840.742,45605.89,32864.797,45579.266,32887.414,45554.3,32908.688,45530.875,32928.688,45508.902,32947.496,45488.297,32965.188,45468.973,32981.832,45450.85,32997.49,45433.86,33012.215,45417.93
28129.719,50846.094,28470.021,50419.617,28784.621,50028.97,29075.86,49670.32,29345.783,49340.395,29596.21,49036.37,29828.756,48755.79,30044.873,48496.484,30245.865,48256.56,30432.918,48034.32,30607.102,47828.258,30769.398,47637.01,30920.695,47459.383,31061.809,47294.26,31193.492,47140.66,31316.428,46997.688,31431.242,46864.51,31538.516,46740.4,31638.787,46624.67,31732.543,46516.707,31820.242,46415.934,31902.299,46321.836,31979.104,46233.938,32051.016,46151.79,32118.363,46074.992,32181.459,46003.17,32240.582,45935.99,32296.004,45873.117,32347.967,45814.27,32396.7,45759.176,32442.412,45707.59,32485.303,45659.258,32525.555,45613.984,32563.336,45571.562,32598.809,45531.797,32632.121,45494.527,32663.406,45459.59,32692.795,45426.836,32720.406,45396.12,32746.355,45367.312,32770.74,45340.31,32793.664,45314.98,32815.21,45291.23,32835.473,45268.953,32854.523,45248.062,32872.445,45228.473,32889.293,45210.105,32905.15,45192.88,32920.055,45176.74,32934.086,45161.605
28142.969,50950.367,28484.914,50521.207,28801.203,50127.938,29094.172,49766.71,29365.867,49434.277,29618.084,49127.8,29852.43,48844.844,30070.34,48583.246,30273.11,48341.117,30461.914,48116.76,30637.816,47908.68,30801.785,47715.516,30954.71,47536.06,31097.398,47369.22,31230.592,47213.996,31354.975,47069.496,31471.176,46934.9,31579.773,46809.46,31681.295,46692.5,31776.238,46583.383,31865.055,46481.555,31948.166,46386.484,32025.957,46297.695,32098.793,46214.734,32167.006,46137.2,32230.9,46064.71,32290.771,45996.93,32346.88,45933.523,32399.477,45874.203,32448.791,45818.695,32495.037,45766.742,32538.414,45718.094,32579.107,45672.555,32617.293,45629.91,32653.123,45589.97,32686.754,45552.562,32718.328,45517.523,32747.973,45484.695,32775.812,45453.945,32801.953,45425.133,32826.508,45398.14,32849.574,45372.855,32871.242,45349.164,32891.61,45326.977,32910.74,45306.188,32928.72,45286.72,32945.62,45268.48,32961.5,45251.406,32976.434,45235.414,32990.465,45220.45
27908.623,50803.766,28266.686,50355.914,28596.367,49947.453,28900.504,49573.836,29181.523,49231.23,29441.531,48916.395,29682.383,48626.555,29905.723,48359.28,30113.02,48112.473,30305.588,47884.25,30484.611,47672.984,30651.164,47477.195,30806.217,47295.586,30950.654,47126.96,31085.283,46970.273,31210.836,46824.566,31327.984,46688.977,31437.346,46562.707,31539.484,46445.062,31634.922,46335.38,31724.133,46233.07,31807.559,46137.586,31885.604,46048.438,31958.64,45965.164,32027.016,45887.344,32091.047,45814.598,32151.033,45746.58,32207.246,45682.938,32259.934,45623.383,32309.338,45567.65,32355.672,45515.465,32399.14,45466.598,32439.926,45420.816,32478.209,45377.93,32514.148,45337.742,32547.898,45300.08,32579.594,45264.773,32609.37,45231.68,32637.344,45200.65,32663.635,45171.562,32688.344,45144.28,32711.574,45118.703,32733.416,45094.71,32753.953,45072.22,32773.266,45051.12,32791.434,45031.344,32808.523,45012.797,32824.605,44995.414,32839.727,44979.117,32853.965,44963.84
28242.223,51120.742,28584.707,50690.875,28900.91,50297.746,29193.342,49937.25,29464.164,49605.95,29715.266,49300.89,29948.326,49019.52,30164.836,48759.617,30366.129,48519.234,30553.422,48296.645,30727.797,48090.305,30890.254,47898.84,31041.69,47721.03,31182.93,47555.758,31314.727,47402.027,31437.766,47258.938,31552.686,47125.664,31660.066,47001.453,31760.441,46885.625,31854.307,46777.574,31942.113,46676.72,32024.281,46582.523,32101.203,46494.53,32173.23,46412.293,32240.697,46335.406,32303.914,46263.492,32363.162,46196.22,32418.707,46133.25,32470.793,46074.312,32519.648,46019.125,32565.484,45967.438,32608.496,45919.016,32648.871,45873.645,32686.773,45831.125,32722.365,45791.273,32755.791,45753.906,32787.19,45718.88,32816.695,45686.035,32844.42,45655.24,32870.477,45626.348,32894.97,45599.254,32917.992,45573.844,32939.65,45550.008,32960.008,45527.652,32979.152,45506.68,32997.168,45487.016,33014.11,45468.58,33030.05,45451.273,33045.047,45435.062,33059.16,45419.855
28300.785,50654.6,28635.264,50236.633,28944.625,49853.72,29231.104,49502.184,29496.66,49178.855,29743.049,48880.996,29971.832,48606.19,30184.422,48352.336,30382.094,48117.57,30566.0,47900.215,30737.195,47698.805,30896.637,47511.996,31045.203,47338.594,31183.703,47177.53,31312.867,47027.81,31433.371,46888.555,31545.842,46758.96,31650.852,46638.29,31748.932,46525.87,31840.57,46421.094,31926.209,46323.39,32006.277,46232.246,32081.154,46147.195,32151.193,46067.797,32216.732,45993.65,32278.07,45924.39,32335.496,45859.67,32389.268,45799.188,32439.633,45742.64,32486.818,45689.773,32531.035,45640.32,32572.477,45594.062,32611.324,45550.793,32647.752,45510.297,32681.91,45472.406,32713.953,45436.938,32744.012,45403.742,32772.215,45372.668,32798.68,45343.586,32823.523,45316.35,32846.844,45290.863,32868.734,45267.0,32889.29,45244.668,32908.59,45223.766,32926.715,45204.203,32943.74,45185.9,32959.727,45168.766,32974.75,45152.742,32988.86,45137.758,33002.113,45123.75
27908.846,50696.555,28270.727,50244.594,28603.686,49832.914,28910.652,49456.746,29194.125,49112.14,29456.262,48795.75,29698.953,48504.723,29923.871,48236.586,30132.516,47989.18,30326.215,47760.6,30506.188,47549.18,30673.508,47353.42,30829.178,47171.992,30974.09,47003.69,31109.062,46847.445,31234.84,46702.293,31352.113,46567.348,31461.5,46441.812,31563.584,46324.97,31658.889,46216.152,31747.898,46114.766,31831.062,46020.25,31908.797,45932.105,31981.473,45849.87,32049.45,45773.125,32113.043,45701.47,32172.564,45634.555,32228.281,45572.04,32280.457,45513.63,32329.328,45459.03,32375.113,45407.992,32418.021,45360.266,32458.24,45315.633,32495.945,45273.883,32531.305,45234.832,32564.47,45198.297,32595.584,45164.11,32624.777,45132.12,32652.17,45102.19,32677.885,45074.188,32702.023,45047.977,32724.684,45023.453,32745.965,45000.504,32765.95,44979.04,32784.72,44958.953,32802.344,44940.168,32818.91,44922.594,32834.47,44906.168,32849.09,44890.82,32862.82,44876.47
27771.988,49659.613,28121.488,49224.93,28443.707,48827.99,28741.203,48464.633,29016.219,48131.34,29270.713,47825.062,29506.434,47543.17,29724.953,47283.363,29927.678,47043.6,30115.871,46822.1,30290.693,46617.258,30453.18,46427.64,30604.285,46251.973,30744.883,46089.098,30875.76,45937.984,30997.643,45797.68,31111.201,45667.34,31217.043,45546.188,31315.73,45433.516,31407.785,45328.676,31493.68,45231.082,31573.852,45140.203,31648.707,45055.527,31718.621,44976.617,31783.94,44903.06,31844.98,44834.453,31902.035,44770.46,31955.385,44710.754,32005.277,44655.03,32051.951,44603.016,32095.621,44554.453,32136.488,44509.105,32174.744,44466.746,32210.562,44427.195,32244.1,44390.242,32275.514,44355.72,32304.938,44323.477,32332.504,44293.344,32358.332,44265.195,32382.54,44238.9,32405.227,44214.33,32426.492,44191.375,32446.43,44169.945,32465.123,44149.926,32482.648,44131.234,32499.086,44113.78,32514.5,44097.492,32528.953,44082.293,32542.512,44068.117,32555.227,44054.89
27974.107,50281.633,28321.447,49849.406,28641.365,49455.07,28936.504,49094.336,29209.16,48763.594,29461.344,48459.754,29694.84,48180.14,29911.234,47922.434,30111.953,47684.582,30298.277,47464.79,30471.361,47261.453,30632.258,47073.14,30781.918,46898.586,30921.209,46736.64,31050.922,46586.266,31171.781,46446.53,31284.45,46316.605,31389.531,46195.703,31487.586,46083.14,31579.12,45978.277,31664.605,45880.535,31744.475,45789.387,31819.127,45704.344,31888.934,45624.965,31954.223,45550.836,32015.32,45481.594,32072.508,45416.883,32126.057,45356.39,32176.21,45299.82,32223.203,45246.902,32267.244,45197.387,32308.533,45151.05,32347.254,45107.664,32383.57,45067.047,32417.643,45029.0,32449.621,44993.367,32479.637,44959.99,32507.816,44928.7,32534.283,44899.4,32559.14,44871.92,32582.494,44846.18,32604.438,44822.043,32625.062,44799.42,32644.45,44778.223,32662.674,44758.344,32679.812,44739.715,32695.926,44722.258,32711.084,44705.9,32725.338,44690.562,32738.75,44676.2
28131.104,51115.742,28474.936,50683.848,28792.688,50288.492,29086.75,49925.72,29359.205,49592.176,29611.906,49284.945,29846.5,49001.516,30064.467,48739.664,30267.14,48497.438,30455.723,48273.1,30631.31,48065.13,30794.893,47872.133,30947.38,47692.87,31089.602,47526.23,31222.316,47371.203,31346.219,47226.88,31461.95,47092.42,31570.098,46967.094,31671.2,46850.195,31765.754,46741.094,31854.22,46639.223,31937.025,46544.062,32014.559,46455.117,32087.18,46371.953,32155.229,46294.16,32219.008,46221.367,32278.81,46153.22,32334.898,46089.4,32387.523,46029.62,32436.908,45973.6,32483.271,45921.094,32526.805,45871.867,32567.697,45825.695,32606.117,45782.39,32642.217,45741.758,32676.156,45703.625,32708.066,45667.836,32738.074,45634.234,32766.3,45602.69,32792.85,45573.062,32817.844,45545.242,32841.367,45519.12,32863.508,45494.574,32884.355,45471.516,32903.984,45449.86,32922.477,45429.516,32939.9,45410.395,32956.305,45392.44,32971.773,45375.574,32986.344,45359.727
28124.312,51038.07,28466.89,50607.414,28783.582,50212.844,29076.887,49850.375,29348.924,49516.67,29601.531,49208.9,29836.326,48924.613,30054.75,48661.65,30258.098,48418.117,30447.54,48192.35,30624.129,47982.85,30788.832,47788.273,30942.523,47607.414,31086.006,47439.18,31220.018,47282.586,31345.232,47136.75,31462.273,47000.844,31571.709,46874.133,31674.07,46755.93,31769.844,46645.62,31859.48,46542.64,31943.396,46446.453,32021.975,46356.594,32095.578,46272.605,32164.537,46194.086,32229.16,46120.656,32289.73,46051.97,32346.521,45987.703,32399.773,45927.562,32449.719,45871.266,32496.57,45818.562,32540.53,45769.21,32581.781,45723.0,32620.502,45679.71,32656.848,45639.164,32690.975,45601.18,32723.016,45565.582,32753.111,45532.24,32781.38,45500.992,32807.93,45471.715,32832.88,45444.28,32856.32,45418.57,32878.348,45394.484,32899.05,45371.91,32918.508,45350.77,32936.8,45330.96,32953.992,45312.406,32970.16,45295.023,32985.355,45278.758,32999.65,45263.523
27652.283,50070.797,28011.176,49621.04,28342.582,49209.84,28648.984,48833.055,28932.57,48487.15,29195.283,48169.055,29438.857,47876.11,29664.854,47605.945,29874.678,47356.516,30069.61,47125.96,30250.8,46912.664,30419.316,46715.133,30576.11,46532.07,30722.068,46362.28,30857.996,46204.69,30984.637,46058.32,31102.672,45922.312,31212.723,45795.836,31315.367,45678.18,31411.137,45568.664,31500.523,45466.69,31583.977,45371.688,31661.91,45283.15,31734.717,45200.61,31802.752,45123.625,31866.342,45051.805,31925.797,44984.78,31981.395,44922.215,32033.404,44863.797,32082.066,44809.242,32127.607,44758.273,32170.238,44710.656,32210.146,44666.152,32247.523,44624.56,32282.53,44585.68,32315.324,44549.33,32346.053,44515.344,32374.848,44483.56,32401.84,44453.84,32427.143,44426.047,32450.865,44400.055,32473.11,44375.75,32493.973,44353.02,32513.543,44331.76,32531.898,44311.883,32549.117,44293.305,32565.273,44275.93,32580.432,44259.695,32594.658,44244.52,32608.008,44230.34
28471.592,51139.97,28794.0,50733.867,29093.459,50360.082,29371.875,50015.42,29630.945,49697.137,29872.188,49402.797,30096.982,49130.27,30306.566,48877.66,30502.076,48643.29,30684.543,48425.64,30854.914,48223.35,31014.059,48035.2,31162.77,47860.082,31301.783,47696.992,31431.771,47545.01,31553.367,47403.312,31667.137,47271.133,31773.617,47147.777,31873.305,47032.61,31966.656,46925.035,32054.092,46824.527,32136.008,46730.58,32212.77,46642.746,32284.719,46560.598,32352.168,46483.746,32415.41,46411.832,32474.723,46344.523,32530.357,46281.52,32582.55,46222.527,32631.52,46167.273,32677.479,46115.53,32720.613,46067.05,32761.104,46021.637,32799.117,45979.086,32834.81,45939.207,32868.33,45901.844,32899.81,45866.824,32929.375,45834.004,32957.15,45803.25,32983.234,45774.418,33007.75,45747.402,33030.773,45722.09,33052.414,45698.363,33072.746,45676.133,33091.85,45655.312,33109.805,45635.8,33126.68,45617.53,33142.54,45600.414,33157.44,45584.4,33171.445,45569.406
27987.406,50234.82,28332.473,49803.33,28651.336,49408.504,28946.33,49046.48,29219.525,48713.914,29472.75,48407.92,29707.65,48125.965,29925.707,47865.84,30128.25,47625.57,30316.492,47403.418,30491.535,47197.824,30654.387,47007.39,30805.965,46830.86,30947.105,46667.11,31078.582,46515.1,31201.102,46373.914,31315.314,46242.703,31421.824,46120.695,31521.176,46007.195,31613.883,45901.56,31700.416,45803.203,31781.207,45711.586,31856.66,45626.227,31927.14,45546.656,31993.0,45472.465,32054.55,45403.27,32112.09,45338.72,32165.89,45278.484,32216.209,45222.273,32263.275,45169.79,32307.312,45120.79,32348.521,45075.03,32387.092,45032.29,32423.2,44992.37,32457.002,44955.08,32488.658,44920.24,32518.305,44887.684,32546.074,44857.273,32572.088,44828.86,32596.463,44802.305,32619.299,44777.5,32640.701,44754.33,32660.762,44732.68,32679.56,44712.453,32697.184,44693.566,32713.703,44675.93,32729.191,44659.465,32743.71,44644.094,32757.324,44629.75,32770.086,44616.37
27845.025,50613.062,28194.14,50173.87,28517.293,49771.086,28816.771,49400.926,29094.604,49060.15,29352.582,48745.926,29592.318,48455.79,29815.258,48187.55,30022.717,47939.297,30215.875,47709.293,30395.816,47496.016,30563.53,47298.074,30719.914,47114.227,30865.807,46943.344,31001.955,46784.414,31129.066,46636.508,31247.775,46498.785,31358.684,46370.473,31462.332,46250.883,31559.23,46139.355,31649.84,46035.312,31734.596,45938.21,31813.896,45847.555,31888.113,45762.883,31957.59,45683.78,32022.643,45609.85,32083.572,45540.75,32140.648,45476.133,32194.127,45415.703,32244.248,45359.164,32291.23,45306.273,32335.277,45256.773,32376.582,45210.434,32415.32,45167.055,32451.66,45126.445,32485.758,45088.414,32517.754,45052.805,32547.78,45019.453,32575.96,44988.21,32602.42,44958.953,32627.262,44931.547,32650.59,44905.875,32672.496,44881.83,32693.07,44859.305,32712.398,44838.203,32730.555,44818.445,32747.613,44799.945,32763.64,44782.625,32778.703,44766.406,32792.85,44751.223
27953.992,50000.312,28297.543,49571.68,28614.977,49179.37,28908.63,48819.56,29180.574,48488.945,29432.637,48184.67,29666.46,47904.242,29883.523,47645.47,30085.148,47406.4,30272.547,47185.32,30446.818,46980.68,30608.957,46791.094,30759.875,46615.32,30900.418,46452.242,31031.344,46300.844,31153.355,46160.195,31267.105,46029.47,31373.188,45907.9,31472.145,45794.79,31564.492,45689.51,31650.684,45591.473,31731.168,45500.152,31806.33,45415.047,31876.547,45335.715,31942.152,45261.742,32003.469,45192.746,32060.791,45128.375,32114.387,45068.305,32164.508,45012.242,32211.39,44959.9,32255.254,44911.03,32296.293,44865.39,32334.703,44822.773,32370.654,44782.953,32404.314,44745.76,32435.828,44711.016,32465.336,44678.55,32492.977,44648.22,32518.863,44619.89,32543.113,44593.41,32565.832,44568.67,32587.117,44545.566,32607.062,44523.984,32625.754,44503.824,32643.27,44484.996,32659.686,44467.42,32675.072,44451.01,32689.492,44435.695,32703.008,44421.406,32715.676,44408.08
27873.436,50240.934,28220.99,49805.8,28542.19,49407.547,28839.385,49042.29,29114.648,48706.676,29369.816,48397.8,29606.555,48113.13,29826.336,47850.42,30030.52,47607.707,30220.312,47383.227,30396.828,47175.42,30561.082,46982.875,30713.992,46804.324,30856.408,46638.63,30989.107,46484.758,31112.799,46341.78,31228.14,46208.844,31335.734,46085.176,31436.137,45970.066,31529.857,45862.875,31617.371,45763.016,31699.115,45669.945,31775.49,45583.164,31846.873,45502.223,31913.607,45426.7,31976.012,45356.207,32034.385,45290.39,32089.0,45228.93,32140.11,45171.508,32187.953,45117.86,32232.75,45067.72,32274.703,45020.848,32314.0,44977.023,32350.818,44936.04,32385.322,44897.71,32417.662,44861.86,32447.98,44828.32,32476.41,44796.938,32503.07,44767.58,32528.078,44740.1,32551.54,44714.39,32573.549,44690.33,32594.205,44667.816,32613.592,44646.746,32631.791,44627.03,32648.873,44608.586,32664.914,44591.332,32679.975,44575.188,32694.12,44560.086,32707.402,44545.97
27561.945,50217.15,27927.98,49757.793,28265.62,49338.336,28577.46,48954.44,28865.797,48602.39,29132.66,48278.99,29379.86,47981.43,29609.023,47707.28,29821.613,47454.38,30018.959,47220.812,30202.264,47004.883,30372.617,46805.062,30531.018,46620.004,30678.377,46448.457,30815.525,46289.332,30943.236,46141.62,31062.201,46004.414,31173.062,45876.883,31276.422,45758.293,31372.816,45647.945,31462.75,45545.215,31546.686,45449.54,31625.05,45360.383,31698.234,45277.273,31766.61,45199.77,31830.508,45127.46,31890.238,45059.98,31946.094,44996.98,31998.34,44938.15,32047.225,44883.195,32092.973,44831.84,32135.799,44783.84,32175.902,44738.97,32213.46,44697.008,32248.652,44657.758,32281.627,44621.047,32312.531,44586.695,32341.512,44554.547,32368.68,44524.465,32394.162,44496.297,32418.068,44469.93,32440.498,44445.25,32461.549,44422.14,32481.305,44400.496,32499.854,44380.23,32517.27,44361.258,32533.625,44343.484,32548.984,44326.848,32563.414,44311.27,32576.969,44296.684
28520.25,51948.52,28844.408,51539.047,29145.383,51162.15,29425.135,50814.57,29685.41,50493.5,29927.762,50196.49,30153.602,49921.35,30364.2,49666.188,30560.709,49429.277,30744.18,49209.1,30915.574,49004.285,31075.77,48813.605,31225.562,48635.945,31365.701,48470.285,31496.863,48315.72,31619.672,48171.414,31734.707,48036.6,31842.502,47910.6,31943.55,47792.758,32038.305,47682.508,32127.191,47579.297,32210.594,47482.645,32288.883,47392.086,32362.39,47307.22,32431.434,47227.64,32496.297,47153.008,32557.252,47082.984,32614.55,47017.27,32668.426,46955.57,32719.094,46897.637,32766.76,46843.22,32811.605,46792.086,32853.82,46744.04,32893.555,46698.88,32930.97,46656.42,32966.203,46616.5,32999.4,46578.945,33030.668,46543.63,33060.133,46510.406,33087.906,46479.15,33114.086,46449.74,33138.773,46422.055,33162.047,46396.004,33183.996,46371.484,33204.703,46348.414,33224.234,46326.688,33242.664,46306.242,33260.055,46286.992,33276.47,46268.883,33291.957,46251.83
28237.287,50844.805,28573.922,50422.906,28885.516,50036.11,29174.273,49680.74,29442.137,49353.645,29690.84,49052.1,29921.938,48773.72,30136.816,48516.39,30336.75,48278.254,30522.88,48057.652,30696.258,47853.1,30857.832,47663.273,31008.48,47486.97,31148.998,47323.105,31280.127,47170.703,31402.533,47028.883,31516.846,46896.824,31623.635,46773.79,31723.434,46659.117,31816.723,46552.176,31903.96,46452.414,31985.559,46359.293,32061.906,46272.36,32133.363,46191.164,32200.258,46115.3,32262.898,46044.406,32321.57,45978.125,32376.54,45916.152,32428.053,45858.19,32476.33,45803.97,32521.596,45753.227,32564.04,45705.75,32603.846,45661.305,32641.188,45619.695,32676.223,45580.746,32709.102,45544.273,32739.957,45510.113,32768.926,45478.133,32796.12,45448.176,32821.66,45420.125,32845.64,45393.844,32868.164,45369.242,32889.324,45346.195,32909.203,45324.617,32927.883,45304.41,32945.43,45285.492,32961.92,45267.79,32977.42,45251.215,32991.99,45235.703,33005.68,45221.195
27689.61,50318.58,28050.047,49865.867,28383.031,49451.805,28691.047,49072.25,28976.266,48723.656,29240.621,48402.97,29485.844,48107.516,29713.482,47834.934,29924.941,47583.168,30121.492,47350.367,30304.285,47134.9,30474.375,46935.3,30632.717,46750.24,30780.19,46578.54,30917.602,46419.11,31045.688,46271.0,31165.127,46133.305,31276.547,46005.234,31380.516,45886.05,31477.566,45775.082,31568.195,45671.727,31652.844,45575.414,31731.934,45485.63,31805.85,45401.906,31874.951,45323.8,31939.566,45250.93,32000.0,45182.902,32056.54,45119.4,32109.445,45060.09,32158.967,45004.703,32205.324,44952.953,32248.734,44904.598,32289.387,44859.414,32327.465,44817.18,32363.14,44777.703,32396.57,44740.797,32427.898,44706.293,32457.264,44674.04,32484.791,44643.88,32510.598,44615.68,32534.797,44589.316,32557.492,44564.676,32578.775,44541.633,32598.74,44520.094,32617.473,44499.965,32635.04,44481.156,32651.52,44463.58,32666.984,44447.164,32681.49,44431.832,32695.104,44417.523
28316.059,51283.61,28659.898,50852.152,28977.854,50457.16,29272.273,50094.684,29545.215,49761.37,29798.5,49454.33,30033.75,49171.043,30252.418,48909.32,30455.812,48667.22,30645.125,48443.023,30821.43,48235.2,30985.707,48042.375,31138.86,47863.316,31281.707,47696.914,31414.996,47542.164,31539.422,47398.152,31655.623,47264.066,31764.178,47139.133,31865.63,47022.67,31960.477,46914.062,32049.18,46812.723,32132.16,46718.125,32209.814,46629.79,32282.504,46547.266,32350.564,46470.15,32414.312,46398.055,32474.031,46330.645,32529.998,46267.59,32582.457,46208.594,32631.637,46153.387,32677.756,46101.703,32721.016,46053.316,32761.605,46008.01,32799.688,45965.58,32835.434,45925.824,32868.992,45888.586,32900.5,45853.69,32930.086,45821.0,32957.88,45790.36,32983.984,45761.64,33008.516,45734.73,33031.56,45709.508,33053.22,45685.875,33073.58,45663.72,33092.72,45642.957,33110.707,45623.504,33127.62,45605.273,33143.527,45588.195,33158.49,45572.2,33172.555,45557.21
27928.215,50247.367,28288.385,49798.04,28619.934,49388.66,28925.63,49014.668,29207.871,48672.215,29468.766,48358.023,29710.17,48069.254,29933.742,47803.445,30140.967,47558.438,30333.184,47332.32,30511.604,47123.41,30677.31,46930.203,30831.312,46751.35,30974.504,46585.64,31107.717,46431.996,31231.705,46289.438,31347.162,46157.07,31454.72,46034.094,31554.963,45919.773,31648.422,45813.453,31735.594,45714.508,31816.93,45622.4,31892.846,45536.61,31963.729,45456.676,32029.932,45382.17,32091.783,45312.7,32149.586,45247.902,32203.623,45187.453,32254.148,45131.035,32301.408,45078.37,32345.625,45029.207,32387.0,44983.285,32425.73,44940.4,32461.988,44900.336,32495.94,44862.906,32527.74,44827.93,32557.531,44795.25,32585.443,44764.707,32611.6,44736.156,32636.117,44709.484,32659.1,44684.555,32680.648,44661.258,32700.852,44639.484,32719.799,44619.145,32737.57,44600.14,32754.238,44582.387,32769.875,44565.81,32784.543,44550.33,32798.305,44535.875,32811.22,44522.39
28379.148,51429.773,28716.117,51006.94,29028.047,50619.188,29317.2,50262.766,29585.547,49934.504,29834.842,49631.64,30066.645,49351.793,30282.352,49092.86,30483.227,48852.99,30670.412,48630.535,30844.943,48424.03,31007.773,48232.17,31159.758,48053.754,31301.691,47887.727,31434.299,47733.117,31558.248,47589.047,31674.152,47454.727,31782.572,47329.414,31884.031,47212.457,31979.008,47103.242,32067.947,47001.22,32151.258,46905.86,32229.326,46816.715,32302.496,46733.336,32371.098,46655.332,32435.438,46582.336,32495.785,46514.0,32552.416,46450.016,32605.562,46390.086,32655.453,46333.95,32702.299,46281.348,32746.293,46232.062,32787.62,46185.863,32826.445,46142.555,32862.938,46101.96,32897.23,46063.9,32929.47,46028.207,32959.777,45994.742,32988.273,45963.36,33015.086,45933.93,33040.297,45906.336,33064.016,45880.457,33086.336,45856.195,33107.336,45833.438,33127.094,45812.11,33145.695,45792.12,33163.203,45773.375,33179.684,45755.816,33195.2,45739.363,33209.81,45723.953
27943.727,50299.453,28288.555,49867.695,28607.22,49472.53,28902.066,49110.074,29175.152,48777.008,29428.318,48470.445,29663.203,48187.87,29881.283,47927.055,30083.895,47686.05,30272.25,47463.117,30447.447,47256.695,30610.488,47065.395,30762.293,46887.957,30903.7,46723.26,31035.477,46570.29,31158.334,46428.1,31272.914,46295.875,31379.816,46172.824,31479.59,46058.266,31572.746,45951.555,31659.75,45852.117,31741.035,45759.4,31817.0,45672.93,31888.016,45592.246,31954.42,45516.94,32016.531,45446.63,32074.645,45380.96,32129.03,45319.61,32179.938,45262.277,32227.607,45208.68,32272.248,45158.574,32314.068,45111.715,32353.25,45067.89,32389.973,45026.883,32424.39,44988.523,32456.66,44952.617,32486.92,44919.016,32515.3,44887.57,32541.922,44858.125,32566.898,44830.562,32590.336,44804.758,32612.33,44780.598,32632.973,44757.98,32652.352,44736.797,32670.547,44716.977,32687.629,44698.418,32703.672,44681.043,32718.734,44664.79,32732.885,44649.57,32746.176,44635.332
28115.453,51353.96,28460.814,50917.207,28780.871,50516.316,29077.82,50147.594,29353.604,49807.85,29609.95,49494.324,29848.412,49204.58,30070.393,48936.49,30277.16,48688.15,30469.865,48457.863,30649.56,48244.133,30817.209,48045.586,30973.688,47861.008,31119.799,47689.29,31256.291,47529.434,31383.84,47380.52,31503.082,47241.727,31614.592,47112.29,31718.902,46991.523,31816.518,46878.79,31907.89,46773.51,31993.441,46675.156,32073.566,46583.24,32148.63,46497.293,32218.973,46416.906,32284.904,46341.707,32346.715,46271.33,32404.68,46205.445,32459.047,46143.76,32510.049,46085.984,32557.91,46031.867,32602.828,45981.156,32644.99,45933.64,32684.582,45889.1,32721.752,45847.344,32756.668,45808.195,32789.46,45771.49,32820.273,45737.062,32849.227,45704.78,32876.43,45674.5,32902.004,45646.1,32926.04,45619.453,32948.637,45594.465,32969.883,45571.02,32989.86,45549.03,33008.645,45528.406,33026.312,45509.062,33042.93,45490.92,33058.56,45473.91,33073.258,45457.96
28910.965,52438.46,29220.312,52046.984,29508.32,51685.594,29776.723,51351.406,30027.059,51041.914,30260.719,50754.902,30478.959,50488.42,30682.918,50240.73,30873.637,50010.28,31052.07,49795.68,31219.086,49595.668,31375.477,49409.113,31521.996,49234.992,31659.3,49072.375,31788.035,48920.39,31908.766,48778.273,32022.037,48645.32,32128.338,48520.87,32228.129,48404.33,32321.84,48295.145,32409.865,48192.816,32492.57,48096.863,32570.297,48006.867,32643.367,47922.43,32712.08,47843.17,32776.703,47768.76,32837.496,47698.887,32894.7,47633.242,32948.54,47571.562,32999.223,47513.586,33046.94,47459.086,33091.883,47407.848,33134.21,47359.656,33174.086,47314.336,33211.668,47271.688,33247.08,47231.57,33280.453,47193.812,33311.92,47158.28,33341.59,47124.832,33369.57,47093.35,33395.953,47063.715,33420.844,47035.805,33444.324,47009.527,33466.477,46984.79,33487.383,46961.492,33507.105,46939.562,33525.727,46918.91,33543.297,46899.46,33559.883,46881.15,33575.547,46863.91
27878.748,50394.3,28240.246,49941.824,28573.807,49528.58,28882.004,49150.28,29167.1,48803.26,29431.082,48484.38,29675.734,48190.88,29902.648,47920.375,30113.256,47670.758,30308.855,47440.15,30490.627,47226.89,30659.637,47029.484,30816.861,46846.61,30963.191,46677.06,31099.441,46519.754,31226.363,46373.715,31344.64,46238.047,31454.902,46111.945,31557.732,45994.68,31653.662,45885.574,31743.188,45784.02,31826.758,45689.445,31904.799,45601.344,31977.691,45519.254,32045.799,45442.72,32109.453,45371.36,32168.959,45304.797,32224.6,45242.695,32276.643,45184.75,32325.326,45130.67,32370.883,45080.176,32413.52,45033.04,32453.434,44989.016,32490.803,44947.91,32525.797,44909.516,32558.574,44873.656,32589.28,44840.16,32618.05,44808.875,32645.01,44779.652,32670.277,44752.355,32693.96,44726.867,32716.162,44703.06,32736.977,44680.83,32756.492,44660.08,32774.793,44640.71,32791.953,44622.633,32808.05,44605.773,32823.145,44590.047,32837.305,44575.39,32850.586,44561.727
28638.791,51888.996,28957.512,51487.46,29253.227,51118.195,29527.91,50777.926,29783.322,50463.82,30021.025,50173.4,30242.422,49904.52,30448.777,49655.26,30641.24,49423.938,30820.854,49209.03,30988.57,49009.195,31145.258,48823.203,31291.715,48649.965,31428.674,48488.48,31556.807,48337.85,31676.73,48197.258,31789.021,48065.95,31894.203,47943.242,31992.762,47828.516,32085.148,47721.195,32171.78,47620.75,32253.04,47526.703,32329.29,47438.61,32400.857,47356.055,32468.057,47278.66,32531.168,47206.086,32590.457,47137.996,32646.172,47074.1,32698.543,47014.125,32747.783,46957.797,32794.094,46904.9,32837.652,46855.195,32878.65,46808.492,32917.227,46764.586,32953.543,46723.312,32987.742,46684.492,33019.945,46647.984,33050.29,46613.633,33078.867,46581.324,33105.805,46550.914,33131.2,46522.293,33155.137,46495.348,33177.71,46469.984,33198.996,46446.11,33219.074,46423.625,33238.016,46402.453,33255.887,46382.516,33272.754,46363.742,33288.67,46346.062,33303.695,46329.406
28271.07,51056.68,28607.314,50634.58,28918.564,50247.477,29207.045,49891.703,29474.7,49564.117,29723.266,49261.992,29954.295,48982.953,30169.18,48724.895,30369.184,48485.97,30555.45,48264.53,30729.016,48059.098,30890.836,47868.344,31041.777,47691.086,31182.639,47526.242,31314.143,47372.84,31436.965,47229.99,31551.725,47096.9,31658.988,46972.83,31759.281,46857.1,31853.09,46749.1,31940.857,46648.28,32023.004,46554.117,32099.908,46466.133,32171.93,46383.9,32239.395,46307.0,32302.61,46235.08,32361.855,46167.79,32417.398,46104.812,32469.479,46045.86,32518.33,45990.65,32564.156,45938.953,32607.16,45890.516,32647.521,45845.137,32685.408,45802.61,32720.98,45762.746,32754.39,45725.383,32785.77,45690.35,32815.25,45657.496,32842.95,45626.695,32868.977,45597.81,32893.445,45570.71,32916.445,45545.3,32938.066,45521.47,32958.4,45499.113,32977.523,45478.15,32995.508,45458.484,33012.43,45440.04,33028.344,45422.742,33043.316,45406.527,33057.41,45391.324
27821.21,50574.25,28171.184,50132.754,28495.246,49727.9,28795.656,49355.875,29074.412,49013.43,29333.295,48697.703,29573.902,48406.227,29797.672,48136.785,30005.914,47887.45,30199.809,47656.477,30380.438,47442.324,30548.79,47243.6,30705.77,47059.047,30852.2,46887.54,30988.848,46728.04,31116.412,46579.633,31235.537,46441.457,31346.82,46312.754,31450.805,46192.797,31548.0,46080.96,31638.883,45976.633,31723.879,45879.28,31803.393,45788.414,31877.797,45703.55,31947.434,45624.285,32012.625,45550.22,32073.674,45480.996,32130.85,45416.28,32184.41,45355.76,32234.596,45299.156,32281.625,45246.207,32325.707,45196.656,32367.035,45150.297,32405.785,45106.9,32442.121,45066.273,32476.203,45028.246,32508.176,44992.64,32538.166,44959.293,32566.314,44928.08,32592.725,44898.84,32617.508,44871.46,32640.773,44845.824,32662.611,44821.812,32683.115,44799.33,32702.363,44778.273,32720.436,44758.57,32737.404,44740.11,32753.338,44722.836,32768.3,44706.67,32782.35,44691.547
28321.14,51054.49,28661.473,50628.047,28976.133,50237.51,29267.453,49879.023,29537.473,49549.312,29788.004,49245.535,30020.652,48965.227,30236.871,48706.227,30437.965,48466.617,30625.113,48244.695,30799.393,48038.96,30961.775,47848.055,31113.156,47670.75,31254.352,47505.957,31386.102,47352.68,31509.102,47210.023,31623.973,47077.17,31731.299,46953.375,31831.613,46837.953,31925.41,46730.297,32013.143,46629.824,32095.227,46536.023,32172.059,46448.41,32243.984,46366.55,32311.35,46290.035,32374.457,46218.492,32433.592,46151.58,32489.02,46088.984,32540.984,46030.402,32589.715,45975.57,32635.426,45924.234,32678.312,45876.164,32718.555,45831.14,32756.332,45788.965,32791.797,45749.45,32825.094,45712.43,32856.367,45677.734,32885.742,45645.22,32913.34,45614.742,32939.273,45586.18,32963.64,45559.41,32986.547,45534.312,33008.08,45510.8,33028.32,45488.758,33047.35,45468.098,33065.25,45448.742,33082.082,45430.6,33097.91,45413.605,33112.8,45397.69,33126.805,45382.78
27892.375,50384.64,28239.945,49948.027,28561.385,49548.203,28859.016,49181.293,29134.887,48843.945,29390.816,48533.28,29628.43,48246.78,29849.195,47982.22,30054.434,47737.645,30245.35,47511.305,30423.035,47301.65,30588.486,47107.277,30742.617,46926.938,30886.256,46759.5,31020.178,46603.93,31145.08,46459.305,31261.617,46324.77,31370.383,46199.57,31471.926,46082.99,31566.76,45974.383,31655.352,45873.17,31738.133,45778.812,31815.508,45690.805,31887.848,45608.7,31955.496,45532.07,32018.773,45460.54,32077.977,45393.74,32133.377,45331.348,32185.232,45273.055,32233.777,45218.59,32279.232,45167.684,32321.803,45120.1,32361.68,45075.613,32399.04,45034.016,32434.043,44995.113,32466.85,44958.73,32497.596,44924.7,32526.418,44892.875,32553.441,44863.1,32578.781,44835.25,32602.54,44809.2,32624.824,44784.832,32645.723,44762.04,32665.324,44740.723,32683.717,44720.79,32700.969,44702.145,32717.152,44684.72,32732.342,44668.43,32746.588,44653.2,32759.959,44638.973
27956.668,50184.88,28300.033,49756.65,28616.852,49365.285,28909.602,49006.72,29180.445,48677.527,29431.293,48374.734,29663.836,48095.777,29879.6,47838.426,30079.936,47600.69,30266.082,47380.832,30439.152,47177.297,30600.16,46988.688,30750.027,46813.758,30889.602,46651.39,31019.652,46500.574,31140.885,46360.383,31253.95,46229.99,31359.438,46108.64,31457.9,45995.64,31549.84,45890.36,31635.725,45792.234,31715.975,45700.727,31790.992,45615.35,31861.137,45535.676,31926.752,45461.293,31988.14,45391.816,32045.602,45326.906,32099.395,45266.246,32149.773,45209.54,32196.965,45156.516,32241.184,45106.926,32282.621,45060.535,32321.47,45017.13,32357.895,44976.508,32392.059,44938.49,32424.104,44902.895,32454.17,44869.574,32482.39,44838.367,32508.877,44809.156,32533.738,44781.797,32557.086,44756.17,32579.012,44732.18,32599.605,44709.703,32618.95,44688.664,32637.123,44668.953,32654.2,44650.5,32670.246,44633.223,32685.334,44617.047,32699.512,44601.906,32712.84,44587.734
28162.418,50980.4,28504.143,50551.414,28820.053,50158.637,29112.518,49798.14,29383.611,49466.586,29635.152,49161.11,29868.762,48879.21,30085.896,48618.715,30287.867,48377.695,30475.855,48154.453,30650.934,47947.457,30814.084,47755.355,30966.197,47576.918,31108.092,47411.047,31240.512,47256.75,31364.145,47113.125,31479.625,46979.344,31587.531,46854.664,31688.398,46738.4,31782.719,46629.93,31870.95,46528.695,31953.508,46434.156,32030.787,46345.844,32103.143,46263.312,32170.914,46186.164,32234.404,46114.008,32293.902,46046.508,32349.676,45983.348,32401.967,45924.227,32451.008,45868.875,32497.012,45817.047,32540.174,45768.492,32580.68,45723.01,32618.703,45680.39,32654.4,45640.445,32687.922,45603.008,32719.408,45567.914,32748.98,45535.008,32776.77,45504.156,32802.883,45475.223,32827.42,45448.094,32850.49,45422.65,32872.176,45398.79,32892.562,45376.414,32911.734,45355.43,32929.76,45335.758,32946.72,45317.305,32962.67,45300.004,32977.67,45283.785,32991.79,45268.58
28012.727,50824.492,28362.027,50385.484,28684.957,49983.477,28983.918,49614.52,29261.002,49275.215,29518.07,48962.656,29756.775,48674.297,29978.602,48407.906,30184.887,48161.523,30376.85,47933.383,30555.578,47721.934,30722.078,47525.78,30877.271,47343.656,31021.986,47174.45,31156.994,47017.12,31282.994,46870.74,31400.637,46734.47,31510.518,46607.54,31613.18,46489.25,31709.135,46378.96,31798.85,46276.08,31882.754,46180.074,31961.248,46090.445,32034.703,46006.742,32103.459,45928.547,32167.832,45855.47,32228.121,45787.164,32284.596,45723.29,32337.508,45663.555,32387.098,45607.676,32433.578,45555.39,32477.16,45506.46,32518.023,45460.652,32556.352,45417.777,32592.309,45377.63,32626.041,45340.04,32657.695,45304.836,32687.406,45271.867,32715.295,45240.984,32741.473,45212.06,32766.055,45184.965,32789.133,45159.59,32810.812,45135.82,32831.17,45113.56,32850.29,45092.71,32868.254,45073.188,32885.13,45054.906,32900.984,45037.79,32915.88,45021.773,32929.88,45006.78
28091.44,51652.695,28443.266,51208.6,28768.78,50801.637,29070.367,50427.82,29350.117,50083.76,29609.88,49766.523,29851.307,49473.562,30075.871,49202.65,30284.914,48951.8,30479.637,48719.266,30661.137,48503.484,30830.41,48303.066,30988.367,48116.75,31135.848,47943.406,31273.61,47782.008,31402.355,47631.625,31522.725,47491.43,31635.312,47360.637,31740.668,47238.55,31839.291,47124.54,31931.645,47018.01,32018.164,46918.43,32099.242,46825.29,32175.25,46738.156,32246.523,46656.6,32313.379,46580.242,32376.113,46508.727,32434.994,46441.715,32490.275,46378.914,32542.19,46320.043,32590.955,46264.84,32636.775,46213.062,32679.84,46164.484,32720.322,46118.906,32758.387,46076.125,32794.184,46035.977,32827.86,45998.28,32859.54,45962.883,32889.355,45929.65,32917.414,45898.434,32943.836,45869.113,32968.703,45841.58,32992.125,45815.71,33014.188,45791.41,33034.97,45768.594,33054.547,45747.15,33072.992,45727.016,33090.37,45708.1,33106.758,45690.336,33122.195,45673.656
28101.355,50753.57,28448.111,50319.35,28768.16,49922.562,29063.979,49559.1,29337.73,49225.45,29591.324,48918.61,29826.46,48635.96,30044.664,48375.227,30247.3,48134.4,30435.604,47911.703,30610.701,47705.547,30773.61,47514.523,30925.262,47337.367,31066.504,47172.93,31198.117,47020.195,31320.81,46878.22,31435.24,46746.164,31542.008,46623.266,31641.664,46508.812,31734.72,46402.18,31821.646,46302.773,31902.87,46210.066,31978.797,46123.562,32049.797,46042.82,32116.207,45967.42,32178.346,45896.992,32236.504,45831.176,32290.957,45769.65,32341.951,45712.125,32389.719,45658.312,32434.482,45607.977,32476.436,45560.863,32515.768,45516.766,32552.65,45475.477,32587.242,45436.812,32619.7,45400.6,32650.158,45366.68,32678.742,45334.902,32705.578,45305.125,32730.773,45277.22,32754.44,45251.066,32776.664,45226.555,32797.547,45203.582,32817.17,45182.05,32835.61,45161.863,32852.938,45142.945,32869.234,45125.21,32884.55,45108.59,32898.953,45093.01,32912.5,45078.414
27932.945,50081.527,28273.996,49656.227,28588.818,49267.375,28879.795,48911.06,29149.023,48583.92,29398.371,48283.074,29629.504,48005.977,29843.906,47750.42,30042.934,47514.445,30227.805,47296.312,30399.625,47094.473,30559.402,46907.535,30708.06,46734.26,30846.434,46573.523,30975.295,46424.312,31095.354,46285.703,31207.252,46156.875,31311.59,46037.055,31408.914,45925.555,31499.727,45821.754,31584.496,45725.07,31663.648,45634.973,31737.588,45550.98,31806.672,45472.65,31871.24,45399.566,31931.605,45331.367,31988.06,45267.695,32040.871,45208.234,32090.287,45152.695,32136.54,45100.797,32179.842,45052.3,32220.389,45006.96,32258.367,44964.58,32293.947,44924.934,32327.29,44887.86,32358.537,44853.176,32387.832,44820.73,32415.3,44790.37,32441.062,44761.965,32465.227,44735.38,32487.89,44710.5,32509.162,44687.215,32529.121,44665.426,32547.854,44645.035,32565.438,44625.953,32581.95,44608.094,32597.451,44591.383,32612.006,44575.75,32625.676,44561.133,32638.514,44547.453
27901.113,50693.64,28262.164,50241.17,28595.438,49827.73,28903.486,49449.07,29188.559,49101.53,29452.637,48782.004,29697.48,48487.754,29924.684,48216.406,30135.662,47965.85,30331.71,47734.25,30513.992,47519.94,30683.57,47321.45,30841.41,47137.445,30988.402,46966.74,31125.354,46808.258,31253.008,46661.02,31372.043,46524.14,31483.086,46396.84,31586.717,46278.363,31683.46,46168.047,31773.809,46065.28,31858.21,45969.516,31937.086,45880.227,32010.816,45796.96,32079.762,45719.266,32144.244,45646.758,32204.578,45579.07,32261.04,45515.867,32313.89,45456.83,32363.379,45401.67,32409.723,45350.133,32453.137,45301.965,32493.812,45256.938,32531.93,45214.848,32567.66,45175.492,32601.156,45138.69,32632.56,45104.277,32662.018,45072.094,32689.64,45041.992,32715.56,45013.85,32739.875,44987.523,32762.691,44962.914,32784.105,44939.9,32804.2,44918.38,32823.062,44898.266,32840.773,44879.46,32857.4,44861.89,32873.004,44845.477,32887.656,44830.152,32901.42,44815.836
28570.713,51663.125,28892.965,51257.18,29192.133,50883.66,29470.164,50539.33,29728.797,50221.355,29969.582,49927.3,30193.918,49655.004,30403.07,49402.55,30598.184,49168.25,30780.297,48950.582,30950.375,48748.18,31109.285,48559.83,31257.826,48384.414,31396.738,48220.93,31526.695,48068.473,31648.324,47926.21,31762.197,47793.39,31868.848,47669.32,31968.768,47553.355,32062.414,47444.926,32150.205,47343.5,32232.531,47248.58,32309.754,47159.72,32382.213,47076.5,32450.219,46998.535,32514.062,46925.477,32574.012,46856.992,32630.318,46792.773,32683.215,46732.54,32732.922,46676.035,32779.64,46623.016,32823.562,46573.25,32864.86,46526.535,32903.695,46482.68,32940.223,46441.49,32974.59,46402.81,33006.93,46366.47,33037.363,46332.336,33066.008,46300.266,33092.977,46270.133,33118.367,46241.82,33142.273,46215.21,33164.797,46190.21,33186.008,46166.71,33205.984,46144.625,33224.805,46123.88,33242.543,46104.375,33259.258,46086.055,33275.008,46068.836,33289.85,46052.664
27992.934,50338.36,28341.611,49902.477,28663.578,49503.875,28961.303,49138.484,29236.941,48802.86,29492.396,48494.03,29729.355,48209.438,29949.33,47946.797,30153.688,47704.14,30343.656,47479.7,30520.352,47271.902,30684.793,47079.336,30837.904,46900.742,30980.531,46734.992,31113.451,46581.05,31237.379,46437.984,31352.963,46304.95,31460.807,46181.18,31561.46,46065.965,31655.436,45958.668,31743.203,45858.703,31825.197,45765.54,31901.816,45678.68,31973.434,45597.656,32040.395,45522.07,32103.016,45451.527,32161.592,45385.68,32216.395,45324.2,32267.684,45266.78,32315.688,45213.145,32360.629,45163.04,32402.71,45116.223,32442.117,45072.47,32479.03,45031.582,32513.61,44993.363,32546.008,44957.637,32576.367,44924.246,32604.822,44893.027,32631.49,44863.844,32656.488,44836.562,32679.928,44811.07,32701.9,44787.234,32722.508,44764.97,32741.826,44744.15,32759.945,44724.71,32776.938,44706.54,32792.875,44689.58,32807.82,44673.74,32821.84,44658.953,32834.99,44645.156
28409.447,51739.746,28745.996,51316.33,29057.477,50928.023,29346.18,50571.07,29614.1,50242.266,29862.998,49938.844,30094.441,49658.402,30309.842,49398.836,30510.46,49158.29,30697.45,48935.113,30871.844,48727.836,31034.594,48535.15,31186.562,48355.86,31328.54,48188.91,31461.25,48033.33,31585.355,47888.234,31701.47,47752.844,31810.156,47626.434,31911.93,47508.33,32007.27,47397.938,32096.613,47294.695,32180.373,47198.1,32258.922,47107.688,32332.61,47023.016,32401.762,46943.695,32466.678,46869.363,32527.635,46799.676,32584.889,46734.332,32638.684,46673.03,32689.238,46615.52,32736.762,46561.535,32781.45,46510.86,32823.477,46463.273,32863.008,46418.582,32900.21,46376.598,32935.227,46337.156,32968.18,46300.094,32999.207,46265.258,33028.43,46232.516,33055.95,46201.742,33081.875,46172.805,33106.3,46145.605,33129.316,46120.023,33151.008,46095.977,33171.453,46073.363,33190.727,46052.1,33208.9,46032.11,33226.03,46013.316,33242.188,45995.645,33257.426,45979.03
28690.492,51592.5,29007.531,51192.613,29302.21,50824.33,29576.37,50484.54,29831.645,50170.56,30069.508,49880.03,30291.29,49610.875,30498.195,49361.25,30691.324,49129.496,30871.676,48914.15,31040.176,48713.887,31197.666,48527.504,31344.918,48353.92,31482.652,48192.164,31611.52,48041.33,31732.135,47900.61,31845.059,47769.25,31950.816,47646.582,32049.883,47531.977,32142.709,47424.86,32229.71,47324.703,32311.273,47231.023,32387.758,47143.367,32459.49,47061.324,32526.78,46984.523,32589.922,46912.594,32649.178,46845.223,32704.803,46782.098,32757.025,46722.945,32806.062,46667.508,32852.125,46615.523,32895.39,46566.793,32936.035,46521.094,32974.23,46478.23,33010.13,46438.027,33043.863,46400.312,33075.58,46364.93,33105.402,46331.74,33133.44,46300.594,33159.812,46271.375,33184.61,46243.957,33207.938,46218.227,33229.883,46194.094,33250.527,46171.45,33269.953,46150.195,33288.227,46130.27,33305.43,46111.574,33321.617,46094.043,33336.85,46077.605,33351.184,46062.19
28313.82,51396.664,28641.611,50982.375,28946.318,50600.66,29229.842,50248.35,29493.875,49922.68,29739.941,49621.227,29969.414,49341.85,30183.537,49082.656,30383.451,48841.953,30570.184,48618.21,30744.684,48410.08,30907.824,48216.312,31060.398,48035.8,31203.148,47867.53,31336.746,47710.586,31461.822,47564.117,31578.955,47427.36,31688.676,47299.613,31791.488,47180.22,31887.85,47068.605,31978.186,46964.215,32062.895,46866.55,32142.344,46775.14,32216.875,46689.566,32286.81,46609.426,32352.445,46534.36,32414.055,46464.027,32471.896,46398.11,32526.21,46336.324,32577.223,46278.395,32625.139,46224.08,32670.154,46173.133,32712.453,46125.34,32752.201,46080.508,32789.562,46038.44,32824.68,45998.973,32857.695,45961.93,32888.734,45927.164,32917.92,45894.53,32945.375,45863.902,32971.188,45835.156,32995.473,45808.164,33018.316,45782.836,33039.805,45759.055,33060.027,45736.734,33079.05,45715.79,33096.95,45696.125,33113.797,45677.676,33129.65,45660.36,33144.562,45644.117
27940.07,50369.86,28286.164,49935.51,28606.262,49537.727,28902.674,49172.65,29177.443,48836.965,29432.373,48527.8,29669.088,48242.66,29889.035,47979.336,30093.535,47735.887,30283.781,47510.574,30460.855,47301.867,30625.754,47108.363,30779.379,46928.83,30922.559,46762.125,31056.06,46607.242,31180.578,46463.258,31296.762,46329.33,31405.2,46204.688,31506.445,46088.637,31601.0,45980.535,31689.332,45879.797,31771.873,45785.89,31849.023,45698.305,31921.152,45616.61,31988.602,45540.37,32051.691,45469.22,32110.717,45402.777,32165.95,45340.74,32217.643,45282.785,32266.035,45228.64,32311.344,45178.055,32353.773,45130.78,32393.518,45086.59,32430.746,45045.28,32465.629,45006.664,32498.312,44970.56,32528.947,44936.797,32557.66,44905.234,32584.578,44875.715,32609.81,44848.117,32633.473,44822.312,32655.66,44798.184,32676.469,44775.625,32695.986,44754.54,32714.293,44734.83,32731.465,44716.406,32747.57,44699.19,32762.684,44683.11,32776.86,44668.094,32790.164,44654.066
28045.035,50115.375,28389.762,49685.617,28708.148,49292.574,29002.582,48932.305,29275.166,48601.426,29527.756,48297.04,29762.014,48016.6,29979.434,47757.89,30181.361,47518.94,30369.012,47298.01,30543.494,47093.547,30705.812,46904.15,30856.893,46728.574,30997.57,46565.695,31128.625,46414.484,31250.752,46274.03,31364.61,46143.48,31470.793,46022.082,31569.852,45909.133,31662.299,45804.008,31748.594,45706.117,31829.178,45614.918,31904.445,45529.94,31974.766,45450.73,32040.484,45376.86,32101.914,45307.97,32159.348,45243.69,32213.062,45183.71,32263.303,45127.734,32310.31,45075.477,32354.293,45026.684,32395.463,44981.12,32434.0,44938.57,32470.084,44898.832,32503.867,44861.71,32535.51,44827.035,32565.148,44794.65,32592.914,44764.395,32618.928,44736.133,32643.305,44709.74,32666.146,44685.086,32687.555,44662.062,32707.621,44640.562,32726.428,44620.492,32744.06,44601.758,32760.59,44584.28,32776.086,44567.97,32790.613,44552.758,32804.234,44538.58,32817.0,44525.363
28217.863,51269.03,28559.797,50840.17,28875.82,50447.426,29168.332,50086.883,29439.432,49755.21,29690.965,49449.54,29924.572,49167.375,30141.72,48906.547,30343.727,48665.137,30531.785,48441.434,30706.975,48233.92,30870.273,48041.25,31022.582,47862.195,31164.713,47695.668,31297.414,47540.67,31421.371,47396.305,31537.21,47261.754,31645.518,47136.273,31746.818,47019.195,31841.607,46909.887,31930.332,46807.79,32013.418,46712.383,32091.246,46623.195,32164.176,46539.773,32232.535,46461.727,32296.635,46388.676,32356.758,46320.28,32413.164,46256.227,32466.1,46196.21,32515.797,46139.98,32562.46,46087.27,32606.29,46037.85,32647.465,45991.504,32686.158,45948.035,32722.53,45907.258,32756.723,45868.992,32788.875,45833.086,32819.117,45799.383,32847.566,45767.75,32874.336,45738.055,32899.527,45710.17,32923.242,45684.0,32945.566,45659.42,32966.586,45636.34,32986.387,45614.67,33005.03,45594.33,33022.598,45575.223,33039.15,45557.297,33054.742,45540.46,33069.438,45524.656
28217.672,50879.22,28554.924,50456.027,28867.318,50067.67,29157.002,49710.57,29425.893,49381.652,29675.691,49078.227,29907.924,48797.945,30123.977,48538.72,30325.096,48298.72,30512.424,48076.285,30686.99,47869.953,30849.746,47678.406,31001.555,47500.445,31143.217,47334.992,31275.457,47181.07,31398.953,47037.79,31514.32,46904.344,31622.13,46779.992,31722.914,46664.062,31817.152,46555.938,31905.3,46455.05,31987.771,46360.88,32064.955,46272.95,32137.207,46190.812,32204.855,46114.08,32268.219,46042.355,32327.57,45975.305,32383.184,45912.613,32435.303,45853.98,32484.156,45799.13,32529.959,45747.81,32572.906,45699.79,32613.186,45654.85,32650.969,45612.785,32686.416,45573.414,32719.676,45536.55,32750.889,45502.035,32780.184,45469.723,32807.68,45439.477,32833.5,45411.145,32857.734,45384.625,32880.492,45359.805,32901.867,45336.562,32921.938,45314.805,32940.79,45294.445,32958.492,45275.39,32975.125,45257.566,32990.742,45240.883,33005.418,45225.29,33019.207,45210.703
27779.908,50265.582,28134.926,49820.34,28462.697,49413.355,28765.701,49040.504,29046.125,48698.246,29305.898,48383.54,29546.744,48093.72,29770.21,47826.45,29977.703,47579.688,30170.477,47351.6,30349.68,47140.562,30516.355,46945.133,30671.46,46763.996,30815.867,46595.984,30950.367,46440.027,31075.695,46295.176,31192.523,46160.55,31301.469,46035.363,31403.1,45918.887,31497.94,45810.47,31586.473,45709.492,31669.145,45615.42,31746.365,45527.742,31818.52,45445.992,31885.953,45369.742,31948.996,45298.594,32007.95,45232.203,32063.092,45170.215,32114.684,45112.336,32162.965,45058.273,32208.152,45007.773,32250.46,44960.586,32290.082,44916.492,32327.188,44875.27,32361.95,44836.74,32394.52,44800.715,32425.041,44767.04,32453.65,44735.54,32480.469,44706.094,32505.615,44678.55,32529.188,44652.8,32551.3,44628.72,32572.04,44606.203,32591.492,44585.15,32609.742,44565.465,32626.863,44547.062,32642.932,44529.867,32658.008,44513.79,32672.152,44498.77,32685.43,44484.746
28203.652,50947.5,28540.096,50525.242,28851.463,50138.11,29139.982,49782.39,29407.617,49454.938,29656.113,49153.0,29887.033,48874.188,30101.773,48616.4,30301.605,48377.77,30487.676,48156.64,30661.033,47951.53,30822.629,47761.117,30973.336,47584.21,31113.953,47419.723,31245.209,47266.668,31367.781,47124.18,31482.29,46991.438,31589.3,46867.72,31689.344,46752.336,31782.906,46644.684,31870.43,46544.203,31952.332,46450.367,32029.002,46362.72,32100.791,46280.8,32168.027,46204.22,32231.018,46132.605,32290.049,46065.617,32345.379,46002.934,32397.254,45944.266,32445.904,45889.35,32491.537,45837.92,32534.344,45789.758,32574.516,45744.64,32612.223,45702.37,32647.62,45662.758,32680.85,45625.64,32712.06,45590.855,32741.375,45558.242,32768.906,45527.67,32794.773,45499.008,32819.086,45472.133,32841.93,45446.945,32863.406,45423.32,32883.59,45401.176,32902.566,45380.414,32920.406,45360.95,32937.188,45342.703,32952.96,45325.6,32967.8,45309.57,32981.754,45294.55
28225.96,51313.188,28572.344,50878.273,28892.49,50480.176,29188.844,50114.844,29463.525,49778.875,29718.402,49469.33,29955.127,49183.67,30175.18,48919.688,30379.89,48675.43,30570.459,48449.16,30747.973,48239.344,30913.422,48044.6,31067.71,47863.7,31211.664,47695.527,31346.037,47539.074,31471.525,47393.42,31588.762,47257.75,31698.336,47131.297,31800.787,47013.383,31896.613,46903.375,31986.271,46800.695,32070.186,46704.812,32148.752,46615.246,32222.332,46531.547,32291.264,46453.305,32355.855,46380.15,32416.398,46311.72,32473.16,46247.695,32526.39,46187.777,32576.32,46131.695,32623.168,46079.19,32667.127,46030.023,32708.39,45983.973,32747.125,45940.848,32783.5,45900.445,32817.656,45862.586,32849.746,45827.125,32879.887,45793.895,32908.21,45762.75,32934.83,45733.574,32959.844,45706.23,32983.36,45680.605,33005.47,45656.598,33026.25,45634.11,33045.797,45613.04,33064.176,45593.3,33081.46,45574.812,33097.72,45557.504,33113.01,45541.3,33127.4,45526.133
28477.2,51673.707,28804.777,51259.207,29108.918,50877.95,29391.6,50526.594,29654.572,50202.254,29899.414,49902.41,30127.531,49624.836,30340.209,49367.582,30538.602,49128.906,30723.768,48907.25,30896.678,48701.22,31058.21,48509.562,31209.18,48331.137,31350.34,48164.918,31482.367,48009.973,31605.906,47865.46,31721.535,47730.586,31829.797,47604.652,31931.19,47487.016,32026.184,47377.07,32115.207,47274.28,32198.65,47178.133,32276.893,47088.17,32350.275,47003.965,32419.11,46925.125,32483.705,46851.285,32544.326,46782.1,32601.232,46717.273,32654.666,46656.508,32704.848,46599.535,32751.984,46546.11,32796.273,46495.996,32837.887,46448.984,32877.0,46404.87,32913.766,46363.484,32948.332,46324.63,32980.836,46288.164,33011.41,46253.93,33040.164,46221.777,33067.22,46191.598,33092.668,46163.26,33116.617,46136.65,33139.156,46111.66,33160.375,46088.19,33180.348,46066.156,33199.145,46045.453,33216.85,46026.023,33233.516,46007.777,33249.21,45990.65,33263.992,45974.562
28111.049,51155.64,28462.27,50712.855,28787.105,50307.473,29087.914,49935.492,29366.781,49593.516,29625.541,49278.57,29865.842,48988.094,30089.168,48719.82,30296.86,48471.75,30490.121,48242.117,30670.062,48029.336,30837.688,47831.992,30993.914,47648.81,31139.586,47478.645,31275.473,47320.465,31402.285,47173.312,31520.672,47036.355,31631.238,46908.8,31734.54,46789.945,31831.078,46679.14,31921.334,46575.793,32005.738,46479.36,32084.697,46389.336,32158.582,46305.27,32227.742,46226.74,32292.496,46153.35,32353.139,46084.742,32409.95,46020.594,32463.18,45960.594,32513.074,45904.46,32559.844,45851.934,32603.705,45802.766,32644.838,45756.74,32683.426,45713.637,32719.635,45673.273,32753.615,45635.473,32785.51,45600.06,32815.457,45566.883,32843.58,45535.8,32869.99,45506.67,32894.793,45479.38,32918.105,45453.805,32940.0,45429.836,32960.582,45407.38,32979.92,45386.336,32998.11,45366.62,33015.2,45348.145,33031.273,45330.836,33046.387,45314.625,33060.594,45299.445
28176.945,51028.59,28520.795,50596.633,28838.957,50200.766,29133.764,49837.12,29407.244,49502.406,29661.2,49193.785,29897.225,48908.797,30116.762,48645.277,30321.1,48401.32,30511.418,48175.23,30688.775,47965.5,30854.145,47770.777,31008.41,47589.836,31152.387,47421.582,31286.814,47265.02,31412.383,47119.25,31529.719,46983.445,31639.398,46856.867,31741.96,46738.816,31837.895,46628.688,31927.662,46525.887,32011.682,46429.902,32090.34,46340.25,32164.004,46256.477,32233.008,46178.184,32297.658,46104.977,32358.246,46036.52,32415.043,45972.492,32468.291,45912.582,32518.227,45856.527,32565.062,45804.062,32609.0,45754.95,32650.227,45708.973,32688.914,45665.92,32725.227,45625.617,32759.31,45587.87,32791.312,45552.52,32821.36,45519.418,32849.58,45488.42,32876.08,45459.387,32900.97,45432.195,32924.348,45406.742,32946.312,45382.906,32966.945,45360.586,32986.332,45339.703,33004.547,45320.15,33021.664,45301.855,33037.75,45284.734,33052.86,45268.73,33067.062,45253.76
28797.176,51933.473,29115.719,51531.906,29411.486,51162.477,29686.395,50821.97,29942.152,50507.58,30180.281,50216.883,30402.16,49947.73,30609.035,49698.234,30802.03,49466.71,30982.174,49251.65,31150.408,49051.71,31307.598,48865.664,31454.523,48692.426,31591.918,48531.0,31720.451,48380.484,31840.734,48240.055,31953.34,48108.965,32058.791,47986.523,32157.576,47872.11,32250.146,47765.145,32336.918,47665.105,32418.277,47571.5,32494.582,47483.887,32566.168,47401.848,32633.344,47325.008,32696.398,47253.008,32755.594,47185.53,32811.188,47122.27,32863.402,47062.945,32912.46,47007.305,32958.566,46955.1,33001.9,46906.12,33042.633,46860.14,33080.938,46816.984,33116.965,46776.46,33150.848,46738.414,33182.727,46702.68,33212.73,46669.117,33240.96,46637.59,33267.535,46607.977,33292.555,46580.152,33316.113,46554.008,33338.297,46529.445,33359.188,46506.367,33378.867,46484.684,33397.406,46464.305,33414.875,46445.168,33431.336,46427.188,33446.844,46410.293,33461.457,46394.42
28190.584,50360.914,28525.555,49943.06,28835.234,49560.35,29121.898,49209.074,29387.533,48886.062,29633.918,48588.547,29862.629,48314.13,30075.088,48060.69,30272.584,47826.36,30456.28,47609.477,30627.23,47408.547,30786.406,47222.242,30934.688,47049.367,31072.88,46888.836,31201.723,46739.67,31321.898,46600.98,31434.031,46471.953,31538.695,46351.863,31636.42,46240.03,31727.695,46135.844,31812.975,46038.74,31892.672,45948.195,31967.176,45863.75,32036.844,45784.953,32102.004,45711.42,32162.965,45642.766,32220.012,45578.652,32273.404,45518.773,32323.389,45462.832,32370.193,45410.56,32414.027,45361.703,32455.09,45316.035,32493.562,45273.348,32529.61,45233.438,32563.395,45196.117,32595.062,45161.22,32624.752,45128.586,32652.588,45098.066,32678.69,45069.523,32703.17,45042.836,32726.129,45017.88,32747.664,44994.54,32767.87,44972.72,32786.824,44952.32,32804.605,44933.25,32821.297,44915.434,32836.95,44898.78,32851.64,44883.227,32865.43,44868.7,32878.367,44855.133
28116.564,51472.023,28468.082,51029.285,28793.09,50623.797,29094.02,50251.54,29373.0,49909.086,29631.902,49593.496,29872.395,49302.188,30095.975,49032.93,30303.992,48783.73,30497.664,48552.836,30678.094,48338.684,30846.291,48139.863,31003.17,47955.125,31149.568,47783.33,31286.258,47623.445,31413.94,47474.555,31533.262,47335.81,31644.822,47206.434,31749.164,47085.734,31846.797,46973.07,31938.184,46867.855,32023.756,46769.547,32103.908,46677.664,32179.016,46591.734,32249.418,46511.36,32315.422,46436.145,32377.332,46365.73,32435.41,46299.805,32489.912,46238.047,32541.074,46180.19,32589.11,46125.97,32634.225,46075.152,32676.604,46027.5,32716.422,45982.824,32753.846,45940.92,32789.02,45901.617,32822.098,45864.742,32853.2,45830.145,32882.453,45797.688,32909.97,45767.23,32935.867,45738.64,32960.227,45711.82,32983.164,45686.645,33004.75,45663.02,33025.07,45640.85,33044.207,45620.047,33062.223,45600.53,33079.19,45582.22,33095.17,45565.04,33110.227,45548.93
28270.617,51483.133,28603.69,51061.94,28912.941,50674.42,29200.383,50317.188,29467.8,49987.33,29716.793,49682.297,29948.795,49399.85,30165.111,49138.02,30366.92,48895.03,30555.297,48669.32,30731.227,48459.47,30895.602,48264.207,31049.25,48082.383,31192.938,47912.965,31327.352,47754.996,31453.14,47607.625,31570.902,47470.06,31681.182,47341.58,31784.488,47221.535,31881.291,47109.316,31972.025,47004.37,32057.098,46906.188,32136.883,46814.305,32211.727,46728.28,32281.953,46647.715,32347.861,46572.242,32409.734,46501.52,32467.832,46435.23,32522.395,46373.08,32573.646,46314.797,32621.799,46260.13,32667.05,46208.85,32709.58,46160.727,32749.562,46115.566,32787.152,46073.18,32822.504,46033.387,32855.75,45996.03,32887.023,45960.96,32916.445,45928.016,32944.13,45897.09,32970.176,45868.035,32994.695,45840.758,33017.773,45815.137,33039.492,45791.07,33059.945,45768.465,33079.203,45747.234,33097.332,45727.3,33114.406,45708.582,33130.484,45691.008,33145.625,45674.504
28123.559,51085.312,28474.0,50645.406,28797.818,50242.973,29097.426,49873.984,29374.938,49534.984,29632.23,49223.004,29870.979,48935.445,30092.684,48670.03,30298.707,48424.777,30490.275,48197.883,30668.506,47987.76,30834.416,47793.01,30988.932,47612.344,31132.904,47444.61,31267.115,47288.777,31392.277,47143.906,31509.047,47009.137,31618.031,46883.7,31719.785,46766.87,31814.82,46658.027,31903.617,46556.555,31986.605,46461.926,32064.197,46373.63,32136.762,46291.22,32204.646,46214.277,32268.172,46142.402,32327.637,46075.254,32383.314,46012.496,32435.46,45953.824,32484.312,45898.96,32530.086,45847.65,32572.992,45799.637,32613.215,45754.71,32650.934,45712.67,32686.312,45673.312,32719.504,45636.473,32750.648,45601.973,32779.88,45569.67,32807.316,45539.414,32833.082,45511.082,32857.273,45484.547,32880.0,45459.688,32901.344,45436.402,32921.402,45414.6,32940.25,45394.176,32957.96,45375.047,32974.61,45357.14,32990.258,45340.375,33004.973,45324.67,33018.805,45309.984
27677.426,50457.65,28046.523,49994.508,28386.928,49571.754,28701.31,49184.92,28992.008,48830.23,29261.076,48504.414,29510.357,48204.652,29741.49,47928.453,29955.951,47673.656,30155.074,47438.33,30340.068,47220.75,30512.031,47019.414,30671.965,46832.918,30820.781,46660.055,30959.318,46499.7,31088.342,46350.844,31208.553,46212.586,31320.598,46084.094,31425.074,45964.61,31522.521,45853.457,31613.447,45749.992,31698.312,45653.65,31777.55,45563.9,31851.555,45480.266,31920.688,45402.297,31985.293,45329.59,32045.684,45261.766,32102.148,45198.48,32154.953,45139.414,32204.35,45084.277,32250.566,45032.79,32293.822,44984.71,32334.312,44939.797,32372.22,44897.84,32407.72,44858.633,32440.97,44822.0,32472.123,44787.76,32501.312,44755.766,32528.662,44725.863,32554.297,44697.906,32578.33,44671.78,32600.863,44647.367,32621.99,44624.543,32641.805,44603.21,32660.39,44583.28,32677.82,44564.66,32694.172,44547.26,32709.514,44531.016,32723.908,44515.844,32737.412,44501.68
27957.23,50477.67,28309.695,50037.152,28634.998,49634.465,28935.658,49265.49,29213.885,48926.695,29471.623,48615.062,29710.602,48327.957,29932.373,48063.08,30138.332,47818.4,30329.734,47592.113,30507.723,47382.637,30673.334,47188.523,30827.514,47008.508,30971.123,46841.42,31104.951,46686.23,31229.719,46541.992,31346.094,46407.848,31454.68,46283.016,31556.043,46166.797,31650.693,46058.527,31739.111,45957.637,31821.734,45863.562,31898.963,45775.824,31971.176,45693.96,32038.719,45617.543,32101.91,45546.2,32161.047,45479.562,32216.406,45417.32,32268.236,45359.152,32316.781,45304.785,32362.254,45253.96,32404.86,45206.438,32444.787,45162.0,32482.213,45120.438,32517.303,45081.562,32550.203,45045.195,32581.06,45011.164,32610.006,44979.336,32637.16,44949.55,32662.639,44921.68,32686.547,44895.61,32708.982,44871.22,32730.043,44848.4,32749.812,44827.06,32768.37,44807.094,32785.797,44788.418,32802.16,44770.965,32817.523,44754.65,32831.953,44739.4,32845.5,44725.152
27713.055,49858.918,28072.41,49411.96,28403.203,49004.613,28708.18,48632.39,28989.719,48291.508,29249.93,47978.715,29490.658,47691.21,29713.566,47426.555,29920.14,47182.594,30111.715,46957.445,30289.498,46749.426,30454.592,46557.04,30607.988,46378.945,30750.594,46213.95,30883.238,46060.97,31006.678,45919.02,31121.605,45787.227,31228.654,45664.777,31328.41,45550.95,31421.404,45445.08,31508.135,45346.562,31589.049,45254.832,31664.568,45169.4,31735.074,45089.79,31800.924,45015.58,31862.445,44946.38,31919.938,44881.824,31973.688,44821.59,32023.95,44765.367,32070.96,44712.88,32114.95,44663.86,32156.12,44618.07,32194.656,44575.29,32230.742,44535.32,32264.54,44497.96,32296.2,44463.043,32325.867,44430.402,32353.672,44399.883,32379.732,44371.348,32404.168,44344.67,32427.082,44319.727,32448.57,44296.395,32468.732,44274.586,32487.645,44254.195,32505.39,44235.125,32522.047,44217.305,32537.676,44200.65,32552.352,44185.08,32566.125,44170.53,32579.059,44156.945
28027.078,50820.74,28373.168,50385.375,28693.48,49986.336,28990.285,49619.82,29265.59,49282.57,29521.176,48971.734,29758.65,48684.855,29979.445,48419.734,30184.873,48174.445,30376.113,47947.266,30554.242,47736.656,30720.24,47541.25,30875.008,47359.797,31019.367,47191.188,31154.078,47034.4,31279.828,46888.51,31397.26,46752.695,31506.965,46626.18,31609.482,46508.273,31705.312,46398.344,31794.928,46295.805,31878.746,46200.117,31957.168,46110.79,32030.562,46027.375,32099.268,45949.457,32163.6,45876.65,32223.852,45808.598,32280.297,45744.984,32333.182,45685.49,32382.748,45629.85,32429.207,45577.797,32472.773,45529.098,32513.623,45483.523,32551.936,45440.87,32587.875,45400.945,32621.594,45363.58,32653.236,45328.586,32682.932,45295.836,32710.805,45265.168,32736.97,45236.457,32761.54,45209.58,32784.605,45184.414,32806.266,45160.85,32826.61,45138.8,32845.715,45118.164,32863.66,45098.844,32880.52,45080.77,32896.35,45063.863,32911.23,45048.055,32925.207,45033.266
28583.96,51770.664,28903.428,51367.094,29200.467,50995.098,29476.91,50651.63,29734.402,50334.016,29974.416,50039.914,30198.285,49767.26,30407.225,49514.22,30602.332,49279.133,30784.621,49060.54,30955.01,48857.105,31114.346,48667.645,31263.406,48491.062,31402.91,48326.39,31533.52,48172.71,31655.842,48029.227,31770.441,47895.176,31877.842,47769.89,31978.523,47652.734,32072.934,47543.133,32161.492,47440.562,32244.578,47344.53,32322.557,47254.586,32395.756,47170.32,32464.486,47091.35,32529.037,47017.312,32589.674,46947.887,32646.648,46882.76,32700.193,46821.664,32750.523,46764.324,32797.844,46710.504,32842.344,46659.977,32884.195,46612.53,32923.562,46567.97,32960.605,46526.117,32995.465,46486.79,33028.27,46449.848,33059.15,46415.133,33088.223,46382.508,33115.6,46351.844,33141.38,46323.03,33165.656,46295.938,33188.523,46270.477,33210.07,46246.54,33230.367,46224.043,33249.492,46202.89,33267.516,46183.016,33284.504,46164.324,33300.516,46146.766,33315.6,46130.26
27773.553,50395.113,28131.932,49945.945,28462.574,49535.617,28768.096,49159.82,29050.766,48814.89,29312.578,48497.707,29555.309,48205.562,29780.543,47936.074,29989.7,47687.17,30184.062,47457.016,30364.797,47243.96,30532.957,47046.55,30689.504,46863.477,30835.322,46693.555,30971.207,46535.727,31097.895,46389.027,31216.064,46252.59,31326.328,46125.617,31429.264,46007.383,31525.389,45897.234,31615.19,45794.574,31699.113,45698.836,31777.566,45609.523,31850.934,45526.18,31919.562,45448.363,31983.781,45375.695,32043.889,45307.805,32100.164,45244.363,32152.867,45185.062,32202.234,45129.625,32248.49,45077.773,32291.836,45029.277,32332.47,44983.906,32370.57,44941.453,32406.299,44901.727,32439.81,44864.54,32471.246,44829.74,32500.742,44797.16,32528.426,44766.656,32554.408,44738.1,32578.799,44711.367,32601.695,44686.34,32623.2,44662.914,32643.39,44640.973,32662.355,44620.445,32680.168,44601.227,32696.9,44583.246,32712.621,44566.414,32727.39,44550.68,32741.264,44535.96
27517.139,49531.94,27885.354,49072.836,28224.363,48654.53,28536.94,48272.45,28825.504,47922.695,29092.182,47601.938,29338.863,47307.28,29567.234,47036.22,29778.812,46786.53,29974.957,46556.273,30156.914,46343.703,30325.795,46147.29,30482.623,45965.633,30628.332,45797.5,30763.766,45641.773,30889.71,45497.438,31006.875,45363.58,31115.908,45239.363,31217.418,45124.04,31311.953,45016.918,31400.02,44917.37,31482.09,44824.83,31558.592,44738.758,31629.926,44658.688,31696.457,44584.164,31758.525,44514.793,31816.447,44450.195,31870.508,44390.027,31920.982,44333.973,31968.115,44281.746,32012.135,44233.074,32053.258,44187.703,32091.682,44145.414,32127.59,44105.977,32161.152,44069.215,32192.527,44034.938,32221.86,44002.97,32249.291,43973.164,32274.945,43945.37,32298.938,43919.457,32321.38,43895.297,32342.379,43872.77,32362.02,43851.777,32380.4,43832.21,32397.598,43813.98,32413.691,43796.996,32428.75,43781.18,32442.842,43766.457,32456.031,43752.754,32468.371,43740.004
28106.986,50910.652,28449.574,50480.168,28766.56,50085.63,29060.201,49723.273,29332.488,49389.883,29585.2,49082.64,29819.936,48799.1,30038.123,48537.094,30241.068,48294.7,30429.945,48070.215,30605.832,47862.12,30769.705,47669.043,30922.457,47489.758,31064.908,47323.15,31197.816,47168.215,31321.87,47024.043,31437.701,46889.805,31545.902,46764.746,31647.004,46648.176,31741.514,46539.46,31829.887,46438.03,31912.55,46343.36,31989.895,46254.945,32062.287,46172.355,32130.064,46095.17,32193.54,46023.016,32252.996,45955.543,32308.713,45892.42,32360.93,45833.37,32409.887,45778.094,32455.79,45726.35,32498.846,45677.9,32539.238,45632.52,32577.145,45590.01,32612.719,45550.184,32646.113,45512.86,32677.47,45477.89,32706.914,45445.105,32734.574,45414.37,32760.553,45385.56,32784.97,45358.555,32807.91,45333.223,32829.477,45309.477,32849.742,45287.21,32868.8,45266.336,32886.715,45246.76,32903.562,45228.406,32919.414,45211.203,32934.316,45195.08,32948.332,45179.97
27969.984,50224.883,28320.186,49788.883,28642.797,49391.125,28940.445,49027.332,29215.422,48693.883,29469.73,48387.66,29705.166,48105.973,29923.318,47846.473,30125.621,47607.094,30313.36,47386.0,30487.703,47181.594,30649.707,46992.41,30800.332,46817.156,30940.46,46654.68,31070.889,46503.918,31192.35,46363.938,31305.512,46233.875,31410.988,46112.957,31509.344,46000.473,31601.102,45895.77,31686.732,45798.273,31766.676,45707.434,31841.344,45622.766,31911.102,45543.816,31976.297,45470.164,32037.25,45401.438,32094.25,45337.28,32147.574,45277.375,32197.473,45221.414,32244.178,45169.133,32287.908,45120.273,32328.86,45074.6,32367.22,45031.902,32403.164,44991.97,32436.852,44954.625,32468.428,44919.695,32498.035,44887.02,32525.803,44856.445,32551.844,44827.836,32576.277,44801.07,32599.2,44776.023,32620.713,44752.586,32640.908,44730.652,32659.863,44710.13,32677.656,44690.926,32694.37,44672.97,32710.059,44656.164,32724.797,44640.45,32738.637,44625.758,32751.64,44612.023
27784.777,50069.812,28140.53,49625.32,28468.82,49219.195,28772.156,48847.29,29052.746,48506.05,29312.533,48192.43,29553.264,47903.754,29776.5,47637.68,29983.656,47392.152,30176.004,47165.33,30354.703,46955.59,30520.809,46761.47,30675.285,46581.652,30819.01,46414.965,30952.791,46260.336,31077.365,46116.812,31193.412,45983.5,31301.557,45859.613,31402.37,45744.43,31496.383,45637.28,31584.078,45537.562,31665.91,45444.723,31742.297,45358.254,31813.613,45277.684,31880.223,45202.594,31942.445,45132.582,32000.59,45067.29,32054.936,45006.383,32105.744,44949.555,32153.256,44896.516,32197.695,44847.004,32239.27,44800.78,32278.168,44757.617,32314.578,44717.305,32348.66,44679.656,32380.57,44644.48,32410.451,44611.625,32438.436,44580.93,32464.652,44552.25,32489.213,44525.453,32512.227,44500.426,32533.79,44477.04,32554.004,44455.195,32572.947,44434.79,32590.707,44415.73,32607.36,44397.938,32622.969,44381.32,32637.605,44365.812,32651.332,44351.344,32664.203,44337.844
28699.777,52173.0,29025.465,51761.1,29327.889,51382.254,29609.031,51033.105,29870.645,50710.742,30114.3,50412.656,30341.396,50136.633,30553.205,49880.73,30750.875,49643.215,30935.451,49422.555,31107.895,49217.35,31269.078,49026.383,31419.797,48848.523,31560.793,48682.746,31692.75,48528.15,31816.29,48383.87,31931.986,48249.164,32040.375,48123.324,32141.95,48005.715,32237.172,47895.742,32326.465,47792.87,32410.215,47696.61,32488.79,47606.492,32562.531,47522.105,32631.75,47443.06,32696.742,47368.984,32757.781,47299.562,32815.113,47234.477,32868.984,47173.438,32919.605,47116.195,32967.19,47062.492,33011.926,47012.094,33053.984,46964.81,33093.543,46920.418,33130.754,46878.75,33165.766,46839.637,33198.703,46802.906,33229.703,46768.414,33258.88,46736.023,33286.344,46705.61,33312.2,46677.047,33336.55,46650.21,33359.477,46625.016,33381.07,46601.35,33401.41,46579.125,33420.57,46558.258,33438.625,46538.66,33455.63,46520.266,33471.656,46502.992,33486.758,46486.78
28141.61,51382.215,28497.566,50936.207,28825.19,50529.72,29127.41,50157.992,29406.715,49817.125,29665.227,49503.836,29904.809,49215.32,30127.092,48949.164,30333.535,48703.254,30525.434,48475.758,30703.965,48265.03,30870.182,48069.64,31025.037,47888.273,31169.398,47719.78,31304.062,47563.12,31429.746,47417.35,31547.11,47281.613,31656.758,47155.15,31759.246,47037.242,31855.082,46927.258,31944.738,46824.61,32028.645,46728.766,32107.2,46639.23,32180.77,46555.562,32249.701,46477.34,32314.299,46404.18,32374.86,46335.74,32431.648,46271.69,32484.924,46211.734,32534.91,46155.6,32581.824,46103.03,32625.863,46053.78,32667.219,46007.645,32706.062,45964.406,32742.547,45923.887,32776.832,45885.9,32809.055,45850.3,32839.34,45816.918,32867.812,45785.62,32894.59,45756.28,32919.77,45728.76,32943.453,45702.965,32965.734,45678.777,32986.695,45656.094,33006.42,45634.836,33024.984,45614.902,33042.453,45596.227,33058.902,45578.72,33074.38,45562.312,33088.953,45546.95
28280.2,51568.402,28615.092,51145.055,28925.957,50755.633,29214.855,50396.703,29483.602,50065.305,29733.822,49758.863,29966.967,49475.117,30184.354,49212.08,30387.168,48967.96,30576.496,48741.19,30753.324,48530.348,30918.557,48334.152,31073.02,48151.457,31217.477,47981.215,31352.629,47822.48,31479.117,47674.383,31597.543,47536.137,31708.447,47407.03,31812.35,47286.39,31909.717,47173.625,32000.984,47068.17,32086.555,46969.523,32166.809,46877.203,32242.09,46790.78,32312.729,46709.86,32379.018,46634.055,32441.244,46563.03,32499.666,46496.48,32554.53,46434.094,32606.059,46375.6,32654.465,46320.75,32699.945,46269.312,32742.684,46221.06,32782.848,46175.79,32820.605,46133.312,32856.1,46093.453,32889.477,46056.043,32920.863,46020.938,32950.38,45987.99,32978.14,45957.055,33004.258,45928.027,33028.83,45900.77,33051.938,45875.188,33073.69,45851.18,33094.16,45828.64,33113.42,45807.492,33131.547,45787.64,33148.61,45769.01,33164.664,45751.53,33179.78,45735.145
27935.055,50741.51,28287.506,50298.766,28613.273,49893.52,28914.766,49521.742,29194.104,49180.023,29453.172,48865.38,29693.645,48575.227,29917.027,48307.305,30124.684,48059.605,30317.84,47830.35,30497.617,47617.96,30665.031,47421.01,30821.01,47238.227,30966.406,47068.46,31101.998,46910.67,31228.502,46763.92,31346.572,46627.35,31456.818,46500.188,31559.793,46381.71,31656.012,46271.273,31745.95,46168.29,31830.037,46072.21,31908.686,45982.547,31982.27,45898.82,32051.129,45820.625,32115.592,45747.562,32175.953,45679.28,32232.488,45615.445,32285.451,45555.754,32335.082,45499.92,32381.6,45447.688,32425.21,45398.81,32466.104,45353.062,32504.459,45310.25,32540.438,45270.156,32574.193,45232.625,32605.87,45197.477,32635.6,45164.562,32663.51,45133.73,32689.715,45104.85,32714.32,45077.812,32737.43,45052.48,32759.135,45028.754,32779.523,45006.53,32798.68,44985.72,32816.676,44966.234,32833.586,44947.984,32849.477,44930.9,32864.414,44914.906,32878.453,44899.94
28190.371,51089.625,28532.723,50661.24,28848.771,50269.47,29140.984,49910.28,29411.52,49580.234,29662.268,49276.39,29894.91,48996.203,30110.945,48737.457,30311.727,48498.17,30498.469,48276.633,30672.271,48071.297,30834.14,47880.79,30984.98,47703.875,31125.629,47539.445,31256.84,47386.492,31379.31,47244.117,31493.682,47111.5,31600.537,46987.887,31700.416,46872.598,31793.812,46765.023,31881.19,46664.58,31962.96,46570.746,32039.518,46483.055,32111.219,46401.074,32178.398,46324.383,32241.365,46252.62,32300.398,46185.45,32355.766,46122.547,32407.71,46063.63,32456.457,46008.414,32502.215,45956.668,32545.186,45908.145,32585.547,45862.65,32623.465,45819.97,32659.098,45779.934,32692.598,45742.355,32724.09,45707.094,32753.71,45673.99,32781.574,45642.906,32807.785,45613.72,32832.453,45586.312,32855.68,45560.57,32877.535,45536.395,32898.117,45513.688,32917.508,45492.35,32935.766,45472.312,32952.965,45453.492,32969.17,45435.805,32984.445,45419.2,32998.844,45403.598
28545.068,52236.8,28875.383,51817.594,29182.533,51431.395,29468.41,51074.97,29734.717,50745.508,29982.973,50440.54,30214.553,50157.902,30430.709,49895.66,30632.578,49652.098,30821.191,49425.67,30997.508,49215.0,31162.395,49018.836,31316.66,48836.047,31461.04,48665.61,31596.215,48506.586,31722.814,48358.125,31841.426,48219.46,31952.582,48089.875,32056.783,47968.72,32154.496,47855.39,32246.148,47749.348,32332.135,47650.08,32412.834,47557.113,32488.582,47470.023,32559.71,47388.414,32626.506,47311.918,32689.25,47240.188,32748.203,47172.914,32803.61,47109.797,32855.688,47050.57,32904.652,46994.977,32950.695,46942.793,32994.0,46893.793,33034.742,46847.773,33073.07,46804.547,33109.15,46763.934,33143.1,46725.78,33175.066,46689.92,33205.164,46656.227,33233.5,46624.555,33260.195,46594.785,33285.344,46566.797,33309.03,46540.484,33331.36,46515.754,33352.395,46492.492,33372.227,46470.633,33390.914,46450.08,33408.535,46430.75,33425.15,46412.582,33440.816,46395.504
27854.123,50479.793,28214.719,50028.766,28546.736,49617.637,28853.07,49241.71,29136.152,48897.117,29398.086,48580.586,29640.709,48289.32,29865.654,48020.895,30074.387,47773.18,30268.213,47544.305,30448.32,47332.61,30615.785,47136.61,30771.578,46954.99,30916.594,46786.543,31051.643,46630.21,31177.465,46485.016,31294.748,46350.086,31404.111,46224.617,31506.133,46107.88,31601.34,45999.215,31690.223,45898.02,31773.22,45803.74,31850.754,45715.86,31923.207,45633.92,31990.93,45557.496,32054.25,45486.184,32113.469,45419.63,32168.867,45357.5,32220.707,45299.477,32269.227,45245.28,32314.648,45194.645,32357.18,45147.336,32397.014,45103.125,32434.33,45061.797,32469.293,45023.168,32502.059,44987.047,32532.771,44953.28,32561.562,44921.695,32588.559,44892.168,32613.871,44864.555,32637.617,44838.73,32659.889,44814.586,32680.781,44792.008,32700.385,44770.895,32718.783,44751.156,32736.047,44732.703,32752.254,44715.46,32767.465,44699.344,32781.742,44684.285,32795.145,44670.227
27518.834,49596.93,27882.209,49144.55,28216.643,48732.258,28524.957,48355.457,28809.602,48010.32,29072.697,47693.562,29316.135,47402.355,29541.59,47134.23,29750.557,46887.023,29944.395,46658.836,30124.316,46447.97,30291.424,46252.93,30446.723,46072.36,30591.125,45905.047,30725.46,45749.906,30850.498,45605.945,30966.928,45472.29,31075.389,45348.105,31176.47,45232.668,31270.71,45125.312,31358.602,45025.42,31440.602,44932.43,31517.135,44845.832,31588.582,44765.156,31655.307,44689.97,31717.639,44619.875,31775.88,44554.516,31830.318,44493.555,31881.21,44436.67,31928.803,44383.59,31973.32,44334.043,32014.969,44287.79,32053.941,44244.6,32090.418,44204.273,32124.566,44166.6,32156.541,44131.43,32186.484,44098.566,32214.531,44067.867,32240.805,44039.195,32265.42,44012.414,32288.486,43987.395,32310.102,43964.03,32330.365,43942.203,32349.36,43921.83,32367.164,43902.797,32383.86,43885.03,32399.51,43868.453,32414.188,43852.984,32427.95,43838.555,32440.855,43825.1
